id_iklan,judul,deskripsi,merek,model,tahun,transmisi,jarak_tempuh,harga
947701168,BAIC BJ40 BJ 40 Plus 2.0 Turbo 4x4 AWD AT Biru 2025 NIK 2024 Like New,"[ B GANJIL SJN ]

BAIC BJ40 BJ 40 Plus 2.0 Turbo 4x4 AWD AT Biru Muda Pemakaian 2025 NIK 2024, PAJAK BULAN 5 (2026), ODOMETER VERY LOW 3RB PERAK KM

BONUS UPGRADE FOOTSTEP ELECTRIC & PER BELAKANG
GARANSI BAIC 3 TAHUN ATAU 100,000 KM

OTR KREDIT 455 JT
OTR CASH 525 JT

Spesifikasi :
* Tangan Pertama Dari Baru, Pribadi
* Engine 2.0 cc DOHC 221 Hp (380 Nm) Turbocharger
* 8 Speed Transmission Automatic 4x4
* Keyless Start Stop Engine
* Electric Retract Mirror
* Tilt & Telescopic Steering
* AC Digital Single Zone With Blower
* Audio Steering Switch
* MID Digital Cluster
* 10 Inch Infotainmenst System Intergration Apple Carplay & Android Auto With Command Control
* Electric Leather Seat
* Full LED System Headlamp With DRL, Foglamp LED
* LED Tail Light
* SRS Airbags, BA, ABS, HSA, VSC, COMPLETE SAFETY CAR
* Parking Camera, Parking Censor
* Electric Park Brake, Auto Hold Brake, Traction Control
* Kaca Film 3M
* Kunci Cadangan, Buku Manual, Buku Service Tersedia

Menerima Jual, Beli dan Tukar Tambah
Proses Kredit Bisa Dibantu ( Rumah Sewa dll S&K )
KTP Daerah Bisa Proses
Dijamin Tidak Bekas Banjir dan Tabrakan (General Check-Up Bengkel Resmi)

Minat Hubungi
Dede Focus Motor ( Call / WA )",baic,Lainnya,,Lainnya,0-5.000,455000000.0
946566136,DP RENDAH Daihatsu Sigra 1.2 R Bensin-AT 2020 FYNS,"""Daihatsu Sigra 1.2 R Bensin-AT 2020 Merah
.
Khusus Harga Kredit : Rp 111,000,000
Khusus Harga Cash : Rp 113,000,000
TDP : Rp 10,000,000
Angsuran 4 tahun : Rp Ask me
Angsuran 5 tahun : Rp Ask me
.
Nikmati Promo di OLXmobbi - Jual - Beli - Tukar Tambah
Tenor panjang cicilan pasti ringan dan dapatkan saldo digital hingga 1.500.000
Dapatkan juga TDP terendah Dan Promo Trade In Suka- Suka
 (Terima Mobil merek dan Tahun Apapun Tanpa Syarat)
*S&K berlaku
.
Keunggulan Unit :
- Astra Certified
- Bebas Tabrak
- Bebas Banjir
- Kilometer Tidak Putaran
.
Berikut Spesiffikasi
- Dokumen Lengkap 
- Odometer : 67,881 km
- Transmisi : AT
- Pajak : 01 Aug 2026
- Plat : 
- Warna : Merah
- KN : FYNS
.
Mohon lakukan pembayaran booking fee / pelunasan melalui no rekening Bank BCA an PT. Serasi Mitra Mobil No. Rek: 2061/888/995
TDP promo hanya Berlaku jika:
- BI checking Bersih (tidak pernah ada keterlambatan pembayaran)
- Rumah Milik Pribadi
- Pemasukan/Gaji= 3x Angsuran.
* Bisa di bantu Rumah Kontrak dan BI checking bermasalah dengan TDP 30%* (S&K Berlaku)
.
Mengapa Anda harus membeli mobil di OLXmobbi? 
- Garansi Mesin hingga 1 tahun
- Gratis Biaya Jasa Perawatan
- Ada 2.000+ pilihan mobil bekas Mobil Bekas Berkualitas, Mobil lulus inspeksi dan tersertifikasi
- FREE HOME TEST DRIVE,
- Pilih Mobil? Pilih Yang Pasti
.
Kunjungi Kami Di : 
OLXMOBBI DEPOK Jl. Margonda No.23, Depok, Kec. Pancoran Mas, Kota Depok, Jawa Barat 16431
.
Wisnu - Sales Advisor
OLXmobbi
Ahlinya Mobil Bekas Berkualitas
""",Daihatsu,Lainnya,,Lainnya,65.000-70.000,111000000.0
946463950,[ AWD - KM 2RB ] BYD Sealion 7 Performance 4.5s AT 2025/2026,"BELI MOBIL TANPA KHAWATIR BERGARANSI 5 TAHUN!

BYD Sealion 7 Performance AWD 4.5s AT Cosmos Black NIK 2025, PAJAK BULAN 6 (2027), ODOMETER VERY LOW 2RB PERAK KM

*WALL & PORTABLE CHARGER TERSEDIA*
*GARANSI BYD 6 TAHUN ATAU 150.000 KM, GARANSI BATERAI 8 TAHUN*
-
Focus Motor Belanja Mobil 26 Tahun Membangun Kepercayaan.
Nikmati standar baru kepemilikan mobil bekas dengan garansi komprehensif hingga 5 TAHUN untuk 155 KOMPONEN. BERSERTIFIKAT, BERPOLIS, dan didukung layanan CUSTOMER SERVICE PERSONAL untuk pengalaman berkendara yang aman dan tanpa khawatir.
-

-UNIT 100% BEBAS TABRAK DAN BEBAS BANJIR (garansi uang kembali)
-Dokumen ABSAH
-Bonus!
Free Detailing (pembersihan) 2x (1 tahun)

-
OTR KREDIT 645JT
OTR CASH BY CALL

Bunga Premium
Dp 221jt
Angs 14,580,500 x47 tlo

Dp 213jt
Angs 12,624,000 x59 tlo

UNTUK REQUEST DP / HITUNGAN LAIN, SILAKAN HUBUNGI KAMI

Harga kredit tertera adalah harga minimal kredit dengan tenor 4 & 5 tahun, diluar itu mengikuti harga Cash (karena kami mensubsidi refund bunga kepada anda)
-
Spesifikasi :
* Tangan Pertama Dari Baru, Pribadi
* ADAS (DRCC, RCTA, RCTB, LCW, BSD, LDW, AEB)
* Panoramic Glass Roof
* Dynaudio 12 Speaker
* Kapasitas Batre 82,56 kWh 390 kW Power (690 Nm) Blade Battery
* Akselerasi 0-100 km/jam Dalam 4,5 Detik
* Top Speed 215 KM/h
* Jarak Tempuh Full Batre 542 KM
* Voice Command Hi BYD
* Ambience Lighting Multi Colour, Flush Door Handle, 50W Wireless Charging With NFC
* Paddle Shift
* 10,2 Inch MID With HUD
* 15.6 inch Infotainment System With Apple Carplay & Android Auto (Rotatable/Bisa Di Putar Landscape/Potrait)
* Electric Semi Bucket Full Leather Seat With Lumbar Support (L/R)
* Dual U-LED Headlights
* Full Width Tail Lights
* 360 View Parking Camera, Parking Sensor
* Power Back Door
* Kaca Film Profilm
* Buku Service, NFC Card, Kunci Cadangan Tersedia

LOKASI : Bursa Otomotif Mangga Dua Square, Focus Motor, Jakarta Utara (ENR) (MDS)",BYD,Lainnya,,Lainnya,0-5.000,645000000.0
945864968,DP RENDAH Honda Brio 1.2 RS Bensin-AT 2022 KIGS,"""Honda Brio 1.2 RS Bensin-AT 2022 Abu
.
Khusus Harga Kredit : Rp 167,000,000
Khusus Harga Cash : Rp 170,000,000
TDP : Rp 15,000,000
Angsuran 4 tahun : Rp Ask me
Angsuran 5 tahun : Rp Ask me
.
Nikmati Promo di OLXmobbi - Jual - Beli - Tukar Tambah
Tenor panjang cicilan pasti ringan dan dapatkan saldo digital hingga 1.500.000
Dapatkan juga TDP terendah Dan Promo Trade In Suka- Suka
 (Terima Mobil merek dan Tahun Apapun Tanpa Syarat)
*S&K berlaku
.
Keunggulan Unit :
- Astra Certified
- Bebas Tabrak
- Bebas Banjir
- Kilometer Tidak Putaran
.
Berikut Spesiffikasi
- Dokumen Lengkap 
- Odometer : 36,499 km
- Transmisi : AT
- Pajak : 01 Dec 2026
- Plat : 
- Warna : Abu
- KN : KIGS
.
Mohon lakukan pembayaran booking fee / pelunasan melalui no rekening Bank BCA an PT. Serasi Mitra Mobil No. Rek: 2061/888/995
TDP promo hanya Berlaku jika:
- BI checking Bersih (tidak pernah ada keterlambatan pembayaran)
- Rumah Milik Pribadi
- Pemasukan/Gaji= 3x Angsuran.
* Bisa di bantu Rumah Kontrak dan BI checking bermasalah dengan TDP 30%* (S&K Berlaku)
.
Mengapa Anda harus membeli mobil di OLXmobbi? 
- Garansi Mesin hingga 1 tahun
- Gratis Biaya Jasa Perawatan
- Ada 2.000+ pilihan mobil bekas Mobil Bekas Berkualitas, Mobil lulus inspeksi dan tersertifikasi
- FREE HOME TEST DRIVE,
- Pilih Mobil? Pilih Yang Pasti
.
Kunjungi Kami Di : 
OLXMOBBI DEPOK Jl. Margonda No.23, Depok, Kec. Pancoran Mas, Kota Depok, Jawa Barat 16431
.
Wisnu - Sales Advisor
OLXmobbi
Ahlinya Mobil Bekas Berkualitas
""",Honda,Lainnya,,Lainnya,35.000-40.000,167000000.0
947700474,[ LOW KM 8RB ] Toyota GRANACE 2.8 Turbo Diesel TSS AT 2022/2023/2024,"BELI MOBIL TANPA KHAWATIR BERGARANSI 5 TAHUN!

Toyota GRANACE 2.8 Turbo Diesel TSS Pilot Seat 8 Seater AT Putih NIK 2023, PAJAK BULAN 7 (2027), ODOMETER ANTIK VERY LOW 8RB PERAK KM
-
Focus Motor Belanja Mobil 26 Tahun Membangun Kepercayaan.
Nikmati standar baru kepemilikan mobil bekas dengan garansi komprehensif hingga 5 TAHUN untuk 155 KOMPONEN. BERSERTIFIKAT, BERPOLIS, dan didukung layanan CUSTOMER SERVICE PERSONAL untuk pengalaman berkendara yang aman dan tanpa khawatir.

Belanja Mobil bukan hanya menjual mobil bekas. Kami jual mobil bekas dengan RASA AMAN seperti mobil baru.

5 BELANJA MOBIL PROMISE :
1. Mobil Terinspeksi 155 titik
2. ⁠TERGARANSI 5 tahun
3. ⁠Harga Transparan
4. ⁠Jaminan Trade-in/Buyback
5. ⁠After Sales yg baik (Mempunyai Customer Service Personal)

-UNIT 100% BEBAS TABRAK DAN BEBAS BANJIR (garansi uang kembali)
-Dokumen ABSAH
-BONUS! Free Detailing (pembersihan) 2x (1 tahun)
-
OTR KREDIT 1,242 M
OTR CASH BY CALL / WA

Bunga Premium
Dp 205jt
Angs 32.763.000 x47 tlo

Dp 183jt
Angs 28.701.500 x59 tlo

UNTUK REQUEST DP / HITUNGAN LAIN, SILAKAN HUBUNGI KAMI

Harga kredit tertera adalah harga minimal kredit dengan tenor 4 & 5 tahun, diluar itu mengikuti harga Cash (karena kami mensubsidi refund bunga kepada anda)
-
Spesifikasi :
* TOYOTA SAFETY SENSE (PCS, DRCC, LDA, AHB, PSB, TPMS, ICS)
* Engine diesel 2.8L 1GD-FTV 4-Silinder Turbo 174 Hp (450 Nm)
* Transmission 6 Speed Automatic
* Electric Sliding Door (L/R)
* AC Digital Triple Zone With Climate
* TV Roof Monitor
* Toyota Headunit LCD Touchscreen With Apple Carplay & Android Auto
* Electric Leather Seat (PILOT SEAT)
* Heater & Cooler Seat With Lumbar Support
* LED Projector Headlamp With DRL, Foglamp LED
* LED Tail Light
* SRS Airbags, ABS, EBD, BA, VSC COMPLETE SAFETY CAR
* 360 View Parking Camera, Parking Sensor, Traction Control, Auto Start Stop
* Kaca Film Llumar
* Buku Manual + Service, Kunci Serep Tersedia

LOKASI : Bursa Otomotif Mangga Dua Square, Focus Motor, Jakarta Utara. (TGU) (A)",Toyota,Lainnya,,Lainnya,5.000-10.000,1242000000.0
948146814,Bunga 0% DP50% LowOdo4rb LM 350 H 4X2 2025/2024 LM350H LM35O LM 350 LM,"Paket Smart Cashflow. Bunga 0% DP 50%. Sisa Flat 12x
Instant Approval Test Drive Hari ini Besok Delivery
Garansi Otospector sd 2027. Siap Gencheck

LEXUS LM350H HYBRID

NIK 2024
Graphite Black Glass Flake
Engine 2.500 CC
ODO 4.XXX KM 
Tax Februari 2027

Additional Information:
- 7 Seater
- Audio System by Mark Levinson
- Power Back Door & Sliding Door
- Electric Hybrid Powertrain
- Lexus Integrated Multimedia System
- Adaptive Cruise Control
- Rear Seat Table
- Rear Roof Monitor (Entertainment System)
- Electric Pilot Seat with Tabs
- Cabin Shades
- Ventilated Seat
- Lexus Safety System+ 3.0
- Memory Seat, Massage Seat

Harga Kredit 1.945 M
Harga Cash 2.035 M

PROMO
Paket Smart Cashflow
Bunga 0% Murni
Cukup Tdp 50%
Sisanya Flat Prorate 12x
Tenor Fixed 1 Tahun
Bebas Admin, Fiducia & Provisi

Untuk janjian test drive/kirim orang untuk inspeksi
Contact : Steve 0878/1112/2010

*GARANSI Uang Kembali 1000%*
Lulus inspeksi @otospector
Bebas Banjir & Bebas Major Accident
Record mobil sesuai odometer
Dokumen mobil asli keabsahannya

Cek variasi stok unit di Instagram 
@chrisauto_garage
@chrisauto_official

Chris Auto Garage | CAG
Bursa Otomotif Sunter 
Blok D2-D3 | Blok C1A- 1B
(Masuk Pintu 5 Lurus Paling Ujung) 
Jl. Yos Sudarso Kav 87-88
Jakarta Utara
(Search Google Map -> Ketik Chris Auto Garage) 

Operational Hour
(Minggu / Tanggal Merah TETAP BUKA)
Senin - Sabtu 08.00-17.30
Minggu 10.00-16.00
Diluar jam operasional tetap kami layani by appointment",Lexus,Lainnya,,Lainnya,0-5.000,1945000000.0
945717327,DP RENDAH Mitsubishi Xpander 1.5 Ultimate Bensin-AT 2018 VODS,"""Mitsubishi Xpander 1.5 Ultimate Bensin-AT 2018 Hitam
.
Khusus Harga Kredit : Rp 188,000,000
Khusus Harga Cash : Rp 192,000,000
TDP : Rp 17,000,000
Angsuran 4 tahun : Rp Ask me
Angsuran 5 tahun : Rp Ask me
.
Nikmati Promo di OLXmobbi - Jual - Beli - Tukar Tambah
Tenor panjang cicilan pasti ringan dan dapatkan saldo digital hingga 1.500.000
Dapatkan juga TDP terendah Dan Promo Trade In Suka- Suka
 (Terima Mobil merek dan Tahun Apapun Tanpa Syarat)
*S&K berlaku
.
Keunggulan Unit :
- Astra Certified
- Bebas Tabrak
- Bebas Banjir
- Kilometer Tidak Putaran
.
Berikut Spesiffikasi
- Dokumen Lengkap 
- Odometer : 89,320 km
- Transmisi : AT
- Pajak : 01 Aug 2025
- Plat : 
- Warna : Hitam
- KN : VODS
.
Mohon lakukan pembayaran booking fee / pelunasan melalui no rekening Bank BCA an PT. Serasi Mitra Mobil No. Rek: 2061/888/995
TDP promo hanya Berlaku jika:
- BI checking Bersih (tidak pernah ada keterlambatan pembayaran)
- Rumah Milik Pribadi
- Pemasukan/Gaji= 3x Angsuran.
* Bisa di bantu Rumah Kontrak dan BI checking bermasalah dengan TDP 30%* (S&K Berlaku)
.
Mengapa Anda harus membeli mobil di OLXmobbi? 
- Garansi Mesin hingga 1 tahun
- Gratis Biaya Jasa Perawatan
- Ada 2.000+ pilihan mobil bekas Mobil Bekas Berkualitas, Mobil lulus inspeksi dan tersertifikasi
- FREE HOME TEST DRIVE,
- Pilih Mobil? Pilih Yang Pasti
.
Kunjungi Kami Di : 
OLXMOBBI DEPOK Jl. Margonda No.23, Depok, Kec. Pancoran Mas, Kota Depok, Jawa Barat 16431
.
Wisnu - Sales Advisor
OLXmobbi
Ahlinya Mobil Bekas Berkualitas
""",Mitsubishi,Lainnya,,Lainnya,85.000-90.000,188000000.0
948142053,[GARANSI 5TH AWD LOW KM] Land Rover Defender 90SE 90 SE 2020/2021/2022,"BELI MOBIL TANPA KHAWATIR BERGARANSI 5 TAHUN!

Land Rover LandRover Defender 90SE 90 SE P300 X Dynamic 4x4 AWD 2.0 AT Putih NIK 2021, PAJAK BULAN 10 (2027), ODOMETER 18RB KM Low !!
-
Focus Motor Belanja Mobil 26 Tahun Membangun Kepercayaan.
Nikmati standar baru kepemilikan mobil bekas dengan garansi komprehensif hingga 5 TAHUN untuk 155 KOMPONEN. BERSERTIFIKAT, BERPOLIS, dan didukung layanan CUSTOMER SERVICE PERSONAL untuk pengalaman berkendara yang aman dan tanpa khawatir.

Belanja Mobil bukan hanya menjual mobil bekas. Kami jual mobil bekas dengan RASA AMAN seperti mobil baru.

5 BELANJA MOBIL PROMISE :
1. Mobil Terinspeksi 155 titik
2. ⁠TERGARANSI 5 tahun
3. ⁠Harga Transparan
4. ⁠Jaminan Trade-in/Buyback
5. ⁠After Sales yg baik (Mempunyai Customer Service Personal)

-UNIT 100% BEBAS TABRAK DAN BEBAS BANJIR (garansi uang kembali)
-Dokumen ABSAH
-BONUS! Free Detailing (pembersihan) 2x (1 tahun)
-
OTR KREDIT 1.780 M
OTR CASH BY CALL

*Bunga Premium*
Dp 386jt
Angs 44.770.000 x47 tlo

Dp 362jt
Angs 38.736.500 x59 tlo

UNTUK REQUEST DP / HITUNGAN LAIN, SILAKAN HUBUNGI KAMI

Harga kredit tertera adalah harga minimal kredit dengan tenor 4 & 5 tahun, diluar itu mengikuti harga Cash (karena kami mensubsidi refund bunga kepada anda)
-
Spesifikasi :
* Tangan Pertama dari Baru, PT
* Electric Panoramic Sunroof
* Engine 2.000 CC Turbocharged 296 Hp & 400 Nm 
* Akselerasi (0-100 km/j) on 7,7 Detik
* Meridian Sound System
* 8 Speed Transmission AWD Automatic
* Premium Cabin Lightning
* Cruise Control, Paddle Shift, Audio Steering Switch
* Infotainment 10.25"" Pivi Pro with Android Auto & Apple Carplay
* Wireless Charging
* Electric Leather Seat with Lumbar Support
* Matrix LED Headlight Headlamp with Signature DRL
* 360 View Park Camera, Park Sensors, Electric Park Brake, Traction Control
* Hill Descent Control, Dynamic Stability Control, Roll Stability Control, DSR
* Kunci Serep Tersedia


LOKASI : Bursa Otomotif Mangga Dua Square, Focus Motor, Jakarta Utara (SMO) (BNT)",Land Rover,Lainnya,,Lainnya,15.000-20.000,1780000000.0
948149206,DP MURAH Daihatsu Sirion 1.3 R Bensin-AT 2023 CALKD,"""Daihatsu Sirion 1.3 R Bensin-AT 2023
.
MOBIL BEKAS BERKUALITAS | SIAP PAKAI & TERPERCAYA
.
Dapatkan mobil impian Anda dengan kondisi prima, sudah melalui proses inspeksi menyeluruh, dan siap digunakan tanpa ribet. Cocok untuk kebutuhan harian, keluarga, maupun bisnis.
.
SKEMA HARGA
Kredit Only (Best Deal): Rp 185,000,000
Tersedia 2 pilihan paket sesuai kebutuhan Anda
1. Paket PROMO Kredit DP Ringan
* DP : Rp 20,000,000
* Cicilan 4 Tahun : Rp 6,150,000 / bulan
* Cicilan 5 Tahun : Rp 5,300,000 / bulan
.
2. Paket PROMO Kredit Instan Approval (One Day Approval)
* DP: Rp 98,000,000
* Cicilan 4 Tahun: Rp 3,450,000 / bulan
* Cicilan 5 Tahun: Rp 2,950,000 / bulan
.
Harga Cash: Call me for best price
.
DETAIL UNIT:
* Dokumen lengkap a/n perorangan
* Odometer: 47,713 km (asli, tidak putaran)
* Transmisi: AT
* Pajak: Aktif 31-May-2027
* Plat: Ganjil/Genap
* Mesin halus, siap pakai
* KN : CALKD
.
KEUNGGULAN UNIT:
* Kondisi overall terawat & siap digunakan
* Interior bersih & nyaman
* Eksterior masih terlihat fresh & menarik
* Performa mesin responsif & stabil
* Cocok untuk pemakaian harian maupun keluarga

.
BENEFIT BELI DI OLXmobbi:
1. Astra Certified
   (Bebas tabrak, bebas banjir & lulus inspeksi menyeluruh)
2. Kilometer Asli
   (Dijamin tidak putaran, transparan & terverifikasi)
3. Garansi Mesin hingga 1 Tahun
   (Mesin, transmisi, AC & sistem pengereman – plafon hingga Rp 80 juta dari GARDA OTO)
4. Buy Back Warranty 7 Hari
   (Jaminan uang kembali jika unit tidak sesuai)
5. Gratis Asuransi TLO 1 Tahun
6. Home Test Drive
   (Test drive langsung dari rumah)
7. 2.000+ Pilihan Mobil Berkualitas
   (Semua unit lulus inspeksi & tersertifikasi)
.
Note: Syarat & Ketentuan Berlaku
.
KENAPA HARUS BELI DI SINI?
Unit sudah terseleksi, transparan, dan didukung layanan purna jual yang jelas. Beli mobil jadi lebih aman, nyaman, dan tanpa khawatir.
.
HUBUNGI SEKARANG!
Unit terbatas & promo bisa berubah kapan saja.
Jangan sampai kehabisan!
.
INFORMASI PEMBAYARAN
Mohon lakukan pembayaran hanya melalui rekening resmi berikut untuk booking fee / pelunasan:
BCA 2061/888/995 a/n PT Serasi Mitra Mobil
OLX Mobbi PIK
.
Himbauan Penting:
Demi keamanan transaksi, harap tidak melakukan pembayaran di luar rekening resmi perusahaan. Segala bentuk transaksi di luar rekening tersebut bukan menjadi tanggung jawab kami.""",Daihatsu,Lainnya,,Lainnya,45.000-50.000,185000000.0
948199277,LCI 7 SEATER BUNGA 4% BRI 2028 Odo 11k BMW X5 Xdrive Xline 40i 2023 .,"KHUSUS yang ingin barang BAGUS
KHUSUS yang ingin bunga MURAH dan BISA BERHITUNG
KHUSUS untuk orang yang tidak terpukau dengan HARGA MURAH tapi Angsuran lebih MAHAL daripada HITUNGAN KAMI.
.
Lulus Inspeksi Dan Sertifikasi OTOSPECTOR, Mobil bebas Tabrakan dan Banjir.
MOBIL BERGARANSI MESIN DAN TRANSMISI SELAMA 2 TAHUN
.
Harga khusus Tunai Rp 1,085,000,000 NEGO 
Harga khusus kredit Rp   995,000,000 NEGO 
*
Paket kredit dp mumer dan bunga murah
.
Total pembayaran pertama Rp 230,000,000  
Angsuran 23 bulan rp 42,500,000 BUNGA HANYA 4.25% 
.
Total pembayaran pertama Rp 210,000,000  
Angsuran 35 bulan rp 29,800,000 BUNGA HANYA 4.25% 
.
Total pembayaran pertama rp 200,000,000  
Angsuran 47 bulan rp 23,800,000 BUNGA HANYA 4.75%  
.
Total pembayaran pertama rp 190,000,000  
Angsuran 59 bulan rp 20,400,000 BUNGA HANYA 5.25% 
. 
TDP sudah termasuk : 
- Down Payment 
- angsuran 1 
- administrasi 
- Asuransi 1 Tahun ALL RISK 
- asuransi tahun selanjutnya TLO ( Total Lost Only ) 
- PROVISI HANYA 1% 
- 
Yuk mari berhitung, kenapa harus beli mobil di PASKAH Mobil, karena kami MENGEMBALIKAN CASH BACK semua yang di berikan leasing KEPADA ANDA, terima kasih
.	 
Harga tersebut masih bisa di Negosiasi Hanya Setelah Datang Lihat Unit di Showroom Kami.. 
* 
Keterangan Unit Kendaraan : 
*
BMW X5 40i XDRIVE Xline
3.000cc Twin Power Turbo
Faktur 2023
Tahun Pembuatan / NIK 2023
*
- Nomor Polisi B 53 MTA / GANJIL Pajak terbayar 2 JULI 2027 
- PAJAK PERTAHUN Rp 22.300.000 
- .
- ODO 11K Mile 
- Odo = 18 kilometer 
- Bmw Waranty Part 10 Agustus 2028 
- Bmw Service 10 Juli 2028
- .
Spec Eksterior :
* PANORAMIC SUNROOF
* 8 Speed Steptronic Sport Transmission
* Paddle Shift
* Adaptive 2 axle AIR SUSPENSION selectable 5 levels
* Head lamp BMW Adaptive Laser Light System
* Day Running Light (DRL)
* LED Stop lamp
* LED Fog lamp
* Spion Sen
* Sensor Parking
* Rain Sensor
* Camera Parking
* Power Split Tailgate
* Velg 20” Light Alloy Wheels V-spoke Style
* Run Flat Tyre
*
Spec Interior :
*  Digital Spedo Meter BMW iDrive 7.0
*  Head unit BMW Live Cockpit 12,3” Touch Screen Fully Digital
*  Harman Kardon Premium Speakers
*  Wireless Apple Carplay & Android Auto
*  Wireless Charging
*  Rear Seats Entertainments with 10 inch Monitor Touch Screen
*  BMW Driving Assistant, Lane Keeping Assist, Blind Spot Monitoring
*  Auto Park & Park Assist
*  Automatic AC 4 Zone Control
*  Ambient Lights
*  Full Electric Seats with 1 Memory Seats
*  Leather Seats
*  Cupholder Temperature
*  Cruise Control
*  Steering Audio Control
*  Keyless Button and Engine Start Stop
*  Navigation / GPS Indonesia
*  Rotary Command
*  SPORT / COMFORT / ECO PRO Mode
*  Automated sliding and anti slip rail, Flex Net and Electric Rolling Cover
.
etc, Standart BMW X5 40i XDRIVE Xline G05 2023 Nik 2023
- . 
Outlet : 
Paskah Mobil Mangga Dua Square 
Jl. Gunung sahari raya no 1 
Mangga Dua Square 
Lantai LG Lot M15-16 
Jakarta Utara 
.
ingin melihat stock mobil kami yang lain. silahkan klik VIEW PROFILE di akhir DISKRIPSI ini.
Tolong di favoritkan dan di follow ya teman2...
.
Terima Tukar Tambah Dan Berani Beli Mobil Yang Berkwalitas Istimewa
*
Terima Titip Jual beli Mobil. dengan surat surat Lengkap
.
SALAM 
PASKAH MOBIL",BMW,Lainnya,,Lainnya,10.000-15.000,995000000.0
947920454,Tdp 22jt LowOdo 6rb/thn SPORT RX300 2019 / 2018 LEXUS RX300t RX200,"Paket Flexing Tdp 22jt & Angs 15,725jt Tenor 5th
Lexus RX300t FSPORT LowOdo 51rb Pajak April 27
Siap General Check Bengkel Resmi

please welcome
*LEXUS RX300 F-SPORT*

*NIK 2018*
Sonic Titanium
Engine 2.000 CC
ODO 51.XXX KM 
Tax April 2027

*Additional Information:*
- Panoramic Sunroof
- Heated & Ventilated Seat
- Memory & Electric Seat
- Dual Entertainment System
- Wireless Charging

*Harga Kredit 615 JT*
*Harga Cash 646 JT*

Kredit Special Promo
Paket Flexing
Tdp 22jt 
Angsuran 15,725jt 
Tenor 5 th

For Unit Information / Instant Approval Test Drive Hari Ini Besok Delivery
Contact : Steve 0878/1112/2010

*GARANSI Uang Kembali 1000%*
Mobil Lulus inspeksi @otospector
Mobil Bebas Banjir & Bebas Major Accident
Record mobil sesuai odometer
Dokumen mobil asli keabsahannya

Cek variasi stok unit di instagram
@chrisauto_garage
@chrisauto_official

Chris Auto Garage | CAG
Bursa Otomotif Sunter 
Blok D2-D3 | Blok C1A- 1B
(Masuk Pintu 5 Lurus Paling Ujung) 
Jl. Yos Sudarso Kav 87-88
Jakarta Utara
(Search Google Map -> Ketik Chris Auto Garage) 

Operational Hour
( Minggu / Tanggal Merah TETAP BUKA )
Senin - Sabtu 08.00 - 17.30
Minggu 10.00 - 16.00
Diluar jam operasional tetap kami layani by appointment",Lexus,Lainnya,,Lainnya,50.000-55.000,615000000.0
948199257,Mercedes Benz S450 AMG 2022 ATPM,"Mercedes Benz S450 AMG 2022 ATPM
NIK 2022

Black on Brown
Odometer 4.900 miles ( slow going , low)

Full Original AMG Bodykit
Original S500 AMG 21"" Wheels
MBUX
Panoramic Roof
RSE
Massage Seat Reclining
Rear Controller
Full Option
Tax On.

Full Service record Mercindo.

Harga kredit 1.6M (4/5th)
Harga Cash 1.770M",Mercedes-Benz,Lainnya,,Lainnya,5.000-10.000,1600000000.0
948199252,[Km37rb] Mercedes Benz C300 AMG Line 2019 Abu-abu metalik Mercy,"Mercedes Benz C300 Facelift AMG Line AT 2019

- Km 37.000 (22.000 Miles)
- Warna Abu-abu metalik
- Nopol D Ganjil
- Pajak 04-2027
- Body Full Original
- Atas Nama Perorangan
- Nik 2019

OTR Kredit 495jt
Harga Cash 550jt",Mercedes-Benz,Lainnya,,Lainnya,35.000-40.000,495000000.0
948199241,Matic 2000-an seharga Nmax,"Daripada pusing nyicil mobil seken tiap bulan, lebih baik pegang mobil matic sendiri. Harga setara NMAX, sudah bisa bawa keluarga jalan-jalan bebas panas dan hujan.
- cocok buat mobil pertama
- 30an dapet sedan matic tahun 2000an
- melayani nego ditempat. tidak di chat.

Merk / Model: Hyundai accent Verna
Transmisi: Automatic (Matic responsif, sangat nyaman untuk perkotaan)
Tahun: 2005 (Pajak off 2024 kaleng 2028, pelat B)
bebas laka-banjir.
Jok sudah dilapis cover kombinasi merah-hitam (rapi dan bersih), setir dilapisi sarung, dashboard utuh lengkap dengan AC dingin, tape audio bisa bluetooth, power window, dan doortrim kombinasi senada.

Sangat cocok buat yang cari kendaraan roda empat ekonomis, praktis, dan nggak bikin kantong jebol buat cicilan bulanan.",Hyundai,Lainnya,,Lainnya,135.000-140.000,32500000.0
948199213,Di JUAL MOBILIO RS CVT/ AT/ AUTOMATIC 2015,"DI JUALLL CEPAT !!!

MOBILIO RS AUTOMATIC/ CVT 2015

Warna : Abu-abu Tua Metalik
Pajak : Panjang, 07-2027
Odometer : 164 ribu
Kondisi : Prima, langsung Pake. Bersih dan Mulus. 
Bebas dari Banjir maupun Bebas dari Accident (Laka).

Harga Cash 
Cuman Rp. 133 Juta aja
(masih bisa Nego, Di depan Unit)

Mau Kredit?
Bisa di bantu Prosesnya

Lokasi : Tana Kusir, Kebayoran Lama. Jakarta Selatan.

Info Lebih Lanjut langsung Japri / DM 
Direct Massage)",Honda,Lainnya,,Lainnya,160.000-165.000,133000000.0
948199173,Jeep Wrangler Renegade Sport 3.0 2015,"Jeep Wrangler Renegade Sport 3.0 2015 

Black on Black
Low Odo (32rb)
Plat B ( 1 Digit )( Genap )
Pajak 01/2027

Harga 830jt ( KREDIT )
Harga cash please call

ENGINE :

3.0L Pentastar V6 Petrol Engine (230Hp/285Nm)
5 Speed Automatic Transmission

SPEC :

Leather Steering Wheel
Multifunction Steering Wheel
Alpine Premium Sound
Cruise Control
Off Road Mode
Hill Descent Control
Vehicle Stability Control
17"" Original Jeep Wrangler Wheels

Garansi Bebas Bekas Tabrak dan Banjir by @otospector

Location : Morten Auto",Jeep,Lainnya,,Lainnya,30.000-35.000,830000000.0
948199172,HYBRID Bunga 4% TAX Desember HYUNDAI SANTA FE CALLIGRAPHY HYBRID 2024,"KHUSUS yang ingin barang BAGUS
KHUSUS yang ingin bunga MURAH dan BISA BERHITUNG
KHUSUS untuk orang yang tidak terpukau dengan HARGA MURAH tapi Angsuran lebih MAHAL daripada HITUNGAN KAMI.
.
Lulus Inspeksi Dan Sertifikasi OTOSPECTOR, Mobil bebas Tabrakan dan Banjir.
.
Harga khusus Tunai Rp 693,000,000
Harga khusus kredit Rp 635,000,000
*
Paket kredit dp mumer dan bunga murah
.
Total pembayaran pertama Rp 150,000,000  
Angsuran 23 bulan rp 27,100,000 BUNGA HANYA 4.25%
.
Total pembayaran pertama Rp 139,000,000  
Angsuran 35 bulan rp 19,000,000 BUNGA HANYA 4.25%
.
Total pembayaran pertama Rp 132,000,000  
Angsuran 47 bulan rp 15,200,000 BUNGA HANYA 4.75%
.
Total pembayaran pertama Rp 128,000,000  
Angsuran 59 bulan rp 13,000,000 BUNGA HANYA 5.25%
.
TDP sudah termasuk :
-.Down Payment
- angsuran 1
- administrasi
- Asuransi 1 Tahun ALL RISK
- asuransi tahun selanjutnya TLO ( Total Lost Only )
- PROVISI HANYA 1%
.
Yuk mari berhitung, kenapa harus beli mobil di PASKAH Mobil, karena kami MENGEMBALIKAN CASH BACK semua yang di berikan leasing KEPADA ANDA, terima kasih
.	 
Harga tersebut masih bisa di Negosiasi Hanya Setelah Datang Lihat Unit di Showroom Kami.. 
*
Keterangan Unit Kendaraan :
.
HYUNDAI SANTA FE CALLIGRAPHY HYBRID 
1.6L Turbo Hybrid Electric motor [180Hp/265Nm]
6 speed AT with manual mode
BLUELINK 
TAHUN PEMBUATAN / NIK 2024
FAKTUR 2024
STNK, BPKB, FAKTUR TANGAN PERTAMA DARI BARU / PT 
.
PAJAK terbayar 10 Desember 2026
Nomor Polisi B xx69 SJM / Ganjil
B DARI Jakarta selatan
.
KM 9RB SERVICE RECORD Hyundai
warranty part desember 2028
free service desember 2028
. 
PERBEDAAN SANTA FE CALLIGRAPHY DENGAN TYPE PRIME : 
DUAL PROJECT LENS 
FRONT GRILL DARK CHROME 
STERING LEATHER 2 TONE 
NAPPA LEATHER SEATS 
12 SPEACKER BOSE PREMIUM AUDIO SYSTEM 

SPEC EKSTERIOR :
- GRILLE DARK CHROME
- LED HEAD LAMPS
- LED STOP LAMPS
- DRL DAY RUNNING LIGHT
- POWER BACK DOOR
- Velg Original SantaFe Calligraphy Hybrid 20""
 . 
SPEC INTERIOR :
-  Hyundai Blue link
-  Hyundai smart sense
-  Dual panoramic sunroof
-  12,3"" Digital instrument cluster
-  12,3"" HD Curved Multi media Head Unit
-  Bose Premium sound
- Apple car play / Android auto
- Captain seat
- Electric seat & memory seat
- Cooler / heater seat
- Ambient light
- camera 360
- Blind spot monitoring
. 
ETC, STANDART HYUNDAI SANTA FE CALLIGRAPHY HYBRID 2024
.
Outlet : 
Paskah Mobil Mangga Dua Square 
Jl. Gunung sahari raya no 1 
Mangga Dua Square 
Lantai LG Lot M15-16 
Jakarta Utara 
.
ingin melihat stock mobil kami yang lain. silahkan klik VIEW PROFILE di akhir DISKRIPSI ini.
Tolong di favoritkan dan di follow ya teman2...
.
Terima Tukar Tambah Dan Berani Beli Mobil Yang Berkwalitas Istimewa
*
Terima Titip Jual beli Mobil. dengan surat surat Lengkap
.
SALAM 
PASKAH MOBIL",Hyundai,Lainnya,,Lainnya,5.000-10.000,635000000.0
948199097,[Km46RB] Toyota Vellfire 2.5 G ATPM 2021 NIK 2020,"Toyota Vellfire 2.5 G ATPM 2021/2020

- Km 46.000 Antik
- Warna Hitam
- Nopol B Ganjil
- Pajak 01-2027
- Tangan 1 Dari Baru
- Atas Nama PT Pribadi
- Reg 2021, Nik 2020

OTR Kredit 625jt
Cash 675jt",Toyota,Lainnya,,Lainnya,45.000-50.000,625000000.0
946015726,BMW 530i 530 i Luxury RSE AT White On Black 2019 NIK 2018 Low Km Antik,"[ B GANJIL JIM ]

BMW 530i 530 i Luxury RSE AT White On Black Pemakaian 2019 NIK 2018, PAJAK BULAN 9 (2027), ODOMETER ANTIK VERY LOW 30RB KM

OTR KREDIT 390JT
OTR CASH 445JT 
-
Spesifikasi :
* Tangan Pertama Dari Baru, Pribadi
* Electric Sunroof
* Harman Kardon Sound System
* Engine 1998 cc 252 Hp (350 Nm) Twin Power Turbo
* 8 Speed Transmission Automatic
* Drive Mode : ECO Pro, Sport, Comfort, Adaptive
* Active Kidney Grille
* Paddle Shift
* AC Digital Quad Zone With Climate
* BMW Live Cockpit Professional
* 10,25 Inch Infotainment System Display Integrated Phone Connection With i-Drive Control
* 2 TV RSE (Rear Seat Entertainment)
* Electric Leather Seat (L/R) With Memory Seat
* Adaptive LED Light System With DRL, Foglamp LED
* LED Tail Light
* SRS Airbags, EBD, ABS, BA, VSC COMPLETE SAFETY CAR
* Rear Parking Camera, Park Assist, Parking Censor 360
* Power Back Door
* BMW Display Key, Kunci Cadangan, Buku Manual Tersedia

Menerima Jual, Beli dan Tukar Tambah
Proses Kredit Bisa Dibantu ( Rumah Sewa dll S&K )
KTP Daerah Bisa Proses
Dijamin Tidak Bekas Banjir dan Tabrakan (General Check-Up Bengkel Resmi)

Minat Hubungi
Dede Focus Motor ( Call / WA )",BMW,Lainnya,,Lainnya,25.000-30.000,390000000.0
948199086,KM 39 RB! HONDA HRV SE SPECIAL EDITION 2022 AUTOMATIC CAT ORI NIK 2021,"KM 39 RB! HONDA HRV SE SPECIAL EDITION 2022 AUTOMATIC FULL SPEC NIK 2021 

Warna Silver Metalic
Tangan 1 dari baru
An Perorangan
KM 39 RIBU
Ssrvis Record Honda Resmi
Buku Servis dan Buku Manual Lengkap
Pajak Januari 2027
Cat Full Original
Belum Pernah Repaint
Ban Serep Belum Turun
Super Istimewa
Garansi tidak bekas tabrak dan banjir
Super Irit BBM 

HARGA CASH Rp. 235 JUTA 

SMART AUTO GALLERY
ITC PERMATA HIJAU.
Lantai 5 Lot A 3.
Jakarta Selatan",Honda,Lainnya,,Lainnya,30.000-35.000,235000000.0
947776928,UPGRADE HU Mercedes-Benz A200 HB W176 Facelift AMG 2015 / 2016,"Mercedes-Benz A200 HB
W176 Facelift AMG 2015 / 2016

NIK 2015 Faktur 2016
Pajak 08 2027
Plat B Genap
Odo 37rb Miles
M270 Turbocharged Engine
W176 Facelift Model
AMG Line full option
Android HU System

Spec
1.6L Inline-4 M270 Turbo
DCT Transmission
AMG Steering Wheel
AMG Body Kits
AMG Front Grille
AMG Front lips & Diffuser
AMG Two-tone Rims
AMG Sport-Alcantara seats
AMG Carbon accent interior
W176 Facelift Software
W176 Facelift model
Android Long screen
Mercedes UI system
Android HU system
Leather-Alcantara Sport seats
Paddle shift triptonic
LED Headlights with DRL
Calcite White on Black-alcantara
Service Record Mercy

KHUSUS Paket Kredit
DP Rendah:
OTR 275*
TDP 89
Angs 7,161,000 (4th)
Angs 6,092,000 (5th)*
Asuransi Kombinasi 

KHUSUS Promo
Bunga 0% (Limited offer)
TDP 209
Angs 9,500,000 (1th)
Asuransi TLO

*Bonus*:
1. Free Premium detailing interior exterior dan mesin.
2. Free fogging anti bacterial n virus.
3. Garansi mesin dan transmisi 1th by Otospector
4. ⁠Emergency Towing coverage.
5. ⁠Free Jasa Service seumur hidup.
6. Garansi sertifikat lulus Inspeksi by Otospector.

Promo Special:
1.*PROMO BUNGA RENDAH*
2.*PROMO TDP RENDAH**

*Pengajuan

Cash 285

Lokasi: Garasi Bloko",Mercedes-Benz,Lainnya,,Lainnya,10.000-15.000,275000000.0
948199927,DP MURAH Toyota Kijang Innova 2.0 V Bensin-AT 2019  C9EAA,"Toyota Kijang Innova 2.0 V Bensin-AT 2019 
.
MOBIL BEKAS BERKUALITAS | SIAP PAKAI & TERPERCAYA
.
Dapatkan mobil impian Anda dengan kondisi prima, sudah melalui proses inspeksi menyeluruh, dan siap digunakan tanpa ribet. Cocok untuk kebutuhan harian, keluarga, maupun bisnis.
.
SKEMA HARGA
Kredit Only (Best Deal): Rp 246,000,000
Tersedia 2 pilihan paket sesuai kebutuhan Anda
1. Paket PROMO Kredit DP Ringan
* DP : Rp 26,000,000
* Cicilan 4 Tahun : Rp 8,250,000 / bulan
* Cicilan 5 Tahun : Rp 7,050,000 / bulan
.
2. Paket PROMO Kredit Instan Approval (One Day Approval)
* DP: Rp 131,000,000
* Cicilan 4 Tahun: Rp 4,550,000 / bulan
* Cicilan 5 Tahun: Rp 3,900,000 / bulan
.
Harga Cash: Call me for best price
.
DETAIL UNIT:
* Dokumen lengkap a/n perorangan
* Odometer: 116,936 km (asli, tidak putaran)
* Transmisi: AT
* Pajak: Aktif 31-May-2027
* Plat: Ganjil/Genap
* Mesin halus, siap pakai
* KN : C9EAA
.
KEUNGGULAN UNIT:
* Kondisi overall terawat & siap digunakan
* Interior bersih & nyaman
* Eksterior masih terlihat fresh & menarik
* Performa mesin responsif & stabil
* Cocok untuk pemakaian harian maupun keluarga

.
BENEFIT BELI DI OLXmobbi:
1. Astra Certified
   (Bebas tabrak, bebas banjir & lulus inspeksi menyeluruh)
2. Kilometer Asli
   (Dijamin tidak putaran, transparan & terverifikasi)
3. Garansi Mesin hingga 1 Tahun
   (Mesin, transmisi, AC & sistem pengereman – plafon hingga Rp 80 juta dari GARDA OTO)
4. Buy Back Warranty 7 Hari
   (Jaminan uang kembali jika unit tidak sesuai)
5. Gratis Asuransi TLO 1 Tahun
6. Home Test Drive
   (Test drive langsung dari rumah)
7. 2.000 + Pilihan Mobil Berkualitas
   (Semua unit lulus inspeksi & tersertifikasi)
.
Note: Syarat & Ketentuan Berlaku
.
KENAPA HARUS BELI DI SINI?
Unit sudah terseleksi, transparan, dan didukung layanan purna jual yang jelas. Beli mobil jadi lebih aman, nyaman, dan tanpa khawatir.
.
HUBUNGI SEKARANG!
Unit terbatas & promo bisa berubah kapan saja.
Jangan sampai kehabisan!
.
INFORMASI PEMBAYARAN
Mohon lakukan pembayaran hanya melalui rekening resmi berikut untuk booking fee / pelunasan:
BCA 2061/888/995 a/n PT Serasi Mitra Mobil
OLX Mobbi Tangerang
.
Himbauan Penting:
Demi keamanan transaksi, harap tidak melakukan pembayaran di luar rekening resmi perusahaan. Segala bentuk transaksi di luar rekening tersebut bukan menjadi tanggung jawab kami.",Toyota,Lainnya,,Lainnya,100.000-105.000,246000000.0
945264877,BUNGA 4% ODO 7k BAIC BJ40 Plus 2.0L 4x4 2026 Nik 2025 BAIC BJ40 2026,"KHUSUS yang ingin barang BAGUS
KHUSUS yang ingin bunga MURAH dan BISA BERHITUNG
KHUSUS untuk orang yang tidak terpukau dengan HARGA MURAH tapi Angsuran lebih MAHAL daripada HITUNGAN KAMI.
.
Lulus Inspeksi Dan Sertifikasi OTOSPECTOR, Mobil bebas Tabrakan dan Banjir.
MOBIL BERGARANSI MESIN DAN TRANSMISI SELAMA 2 TAHUN
. 
Harga khusus Tunai Rp 560,000,000 NEGO 
Harga khusus kredit Rp 520,000,000 NEGO 
*
Total pembayaran pertama Rp 250,000,000 
Angsuran 11 bulan rp 31,200,000 BUNGA HANYA 4.25%
. 
Total pembayaran pertama Rp 240,000,000 
Angsuran 23 bulan rp 16,500,000 BUNGA HANYA 4.25%
. 
Total pembayaran pertama Rp 235,000,000 
Angsuran 35 bulan rp 11,500,000 BUNGA HANYA 4.25%
Angsuran 47 bulan rp  9,200,000 BUNGA HANYA 4.75%
. 
Total pembayaran pertama Rp 230,000,000 
Angsuran 59 bulan rp  8,000,000 BUNGA HANYA 5.25% 
. 
TDP sudah termasuk :
- Down Payment
- angsuran 1
- administrasi
- ASURANSI ALL RISK
- PROVISI HANYA 1%
- 
Yuk mari berhitung, kenapa harus beli mobil di PASKAH Mobil, karena kami MENGEMBALIKAN CASH BACK semua yang di berikan leasing KEPADA ANDA, terima kasih
.
Harga tersebut masih bisa di Negosiasi Hanya Setelah Datang Lihat Unit di Showroom Kami..
* 
Keterangan Unit Kendaraan : 
. 
BAIC BJ40 PLUS 2.0T 4X4 
Tahun Pembuatan 2025
Tahun Pemakaian 2026
STNK, BPKB, FAKTUR Tangan Pertama Dari Baru Atas Nama PERORANGAN 
. 
Nomor Polisi Terdaftar B 110 LV / GENAP 
Pajak terbayar 13 MARET 2027 
.
 ODO 7RB 
KM 12RB Service Record 
WARRANTY MARET 2030 
.
* OPTIONAL ;  
Side Step Electric ( Rp. 10.000.000) 
. 
Exterior :  
Engine 2.0 cc DOHC 221 Hp (380 Nm) Turbo charger
8 Speed Transmission Automatic 4x4
Removable Roof Top 
Head lamp Square Projector LED with Adjustable Head lights 
Fog lamp Square LED Grill Chrome 
Stop Lamp Led 
Auto Retractable Spion 
SRS Airbags, BA, ABS, HSA, VSC, COMPLETE SAFETY CAR Hill Start Assist 
.
INTERIOR : 
Electronic Selectable 4X4 Drive Modes By Borgwarnier System 
Head Unit Floating 10 inch Touch Screen 
Smart Link Android Auto & Apple Car Play 
Instrument Panel Display Odometer Digital 12.3 inch 
Parking Camera, Parking Sensor Ambient Led 
Push Start Stop Engine 
Electric Hand Brake with Brake hold 
Wireless Charger 
Leather Steering Wheel with Tilt & Telecospic Audio button Steering Wheel Driver 
Electric Seats Leather seats 
Traction Control 
* 
etc, standart BAIC jeep BJ40 Plus 2.0L 4x4 2026 Nik 2025
. 
Outlet : 
Paskah Mobil Mangga Dua Square 
Jl. Gunung sahari raya no 1 
Mangga Dua Square 
Lantai LG Lot M15-16 
Jakarta Utara 
.
ingin melihat stock mobil kami yang lain. silahkan klik VIEW PROFILE di akhir DISKRIPSI ini.
Tolong di favoritkan dan di follow ya teman2...
.
Terima Tukar Tambah Dan Berani Beli Mobil Yang Berkwalitas Istimewa
*
Terima Titip Jual beli Mobil. dengan surat surat Lengkap
.
SALAM 
PASKAH MOBIL",baic,Lainnya,,Lainnya,5.000-10.000,520000000.0
948199913,DP MURAH Toyota Kijang Innova 2.0 V Bensin-AT 2019  C9EAA,"Toyota Kijang Innova 2.0 V Bensin-AT 2019 
.
MOBIL BEKAS BERKUALITAS | SIAP PAKAI & TERPERCAYA
.
Dapatkan mobil impian Anda dengan kondisi prima, sudah melalui proses inspeksi menyeluruh, dan siap digunakan tanpa ribet. Cocok untuk kebutuhan harian, keluarga, maupun bisnis.
.
SKEMA HARGA
Kredit Only (Best Deal): Rp 246,000,000
Tersedia 2 pilihan paket sesuai kebutuhan Anda
1. Paket PROMO Kredit DP Ringan
* DP : Rp 26,000,000
* Cicilan 4 Tahun : Rp 8,250,000 / bulan
* Cicilan 5 Tahun : Rp 7,050,000 / bulan
.
2. Paket PROMO Kredit Instan Approval (One Day Approval)
* DP: Rp 131,000,000
* Cicilan 4 Tahun: Rp 4,550,000 / bulan
* Cicilan 5 Tahun: Rp 3,900,000 / bulan
.
Harga Cash: Call me for best price
.
DETAIL UNIT:
* Dokumen lengkap a/n perorangan
* Odometer: 116,936 km (asli, tidak putaran)
* Transmisi: AT
* Pajak: Aktif 31-May-2027
* Plat: Ganjil/Genap
* Mesin halus, siap pakai
* KN : C9EAA
.
KEUNGGULAN UNIT:
* Kondisi overall terawat & siap digunakan
* Interior bersih & nyaman
* Eksterior masih terlihat fresh & menarik
* Performa mesin responsif & stabil
* Cocok untuk pemakaian harian maupun keluarga

.
BENEFIT BELI DI OLXmobbi:
1. Astra Certified
   (Bebas tabrak, bebas banjir & lulus inspeksi menyeluruh)
2. Kilometer Asli
   (Dijamin tidak putaran, transparan & terverifikasi)
3. Garansi Mesin hingga 1 Tahun
   (Mesin, transmisi, AC & sistem pengereman – plafon hingga Rp 80 juta dari GARDA OTO)
4. Buy Back Warranty 7 Hari
   (Jaminan uang kembali jika unit tidak sesuai)
5. Gratis Asuransi TLO 1 Tahun
6. Home Test Drive
   (Test drive langsung dari rumah)
7. 2.000 + Pilihan Mobil Berkualitas
   (Semua unit lulus inspeksi & tersertifikasi)
.
Note: Syarat & Ketentuan Berlaku
.
KENAPA HARUS BELI DI SINI?
Unit sudah terseleksi, transparan, dan didukung layanan purna jual yang jelas. Beli mobil jadi lebih aman, nyaman, dan tanpa khawatir.
.
HUBUNGI SEKARANG!
Unit terbatas & promo bisa berubah kapan saja.
Jangan sampai kehabisan!
.
INFORMASI PEMBAYARAN
Mohon lakukan pembayaran hanya melalui rekening resmi berikut untuk booking fee / pelunasan:
BCA 2061/888/995 a/n PT Serasi Mitra Mobil
OLX Mobbi Tangerang
.
Himbauan Penting:
Demi keamanan transaksi, harap tidak melakukan pembayaran di luar rekening resmi perusahaan. Segala bentuk transaksi di luar rekening tersebut bukan menjadi tanggung jawab kami.",Toyota,Lainnya,,Lainnya,100.000-105.000,246000000.0
948025279,Toyota Vellfire 2023 nik 2022 TDP 25 JT,"Toyota Vellfire 2023 nik 2022

Warna Hitam
Odo 57rban
Tahun 2022
Pajak 11/2026
Nopol Ganjil

Harga kredit : 658jt
TDP : 25jt
Angsuran : 
- 19.781 x 4 tahun
- 16.932 x 5 tahun
BCA spesial bunga 6%

Harga Cash : Ask ( Wa/ Tlp )

note: otr credit khusus dp minim
hitungan credit menyesuaikan
tersedia paket dp lain nya, silahkan chat via wa atau olx
tdp sudah termasuk angsuran 1, asuransi jiwa, asuransi kendaraan dan garansi mesin 1 th

( Sabtu / Minggu / Hari Libur Tetap Buka )

More Info, Please Call / SMS / WA

Lokasi showroom :
Bursa Mega Glodok Kemayoran
Lantai 3 Blok S 05
Jakarta Pusat",Toyota,Lainnya,,Lainnya,65.000-70.000,658000000.0
948079345,HOT ITEMS ! TOYOTA LAND CRUISER LC 300 VXR 4X4 2023 / 2024,"Toyota Land Cruiser
300 VX-R 4x4 2023 / 2024

NIK 2023 Faktur 2024
Odo 29rb Kilometer
Pajak 02 2027
Plat B Genap
3300cc F33A-FTV V6 
Diesel Twin-Turbocharged
4x4 U-Turn Assist 
Central diff-lock
Tangan Pertama

Spec:
Turbo Diesel Powertrain
3.3L V6 F33A-FTV Engine
Twin-Turbocharged
Automatic Gearbox
Multi-Terrain Selection system
DAC/CRAWL Control
Voltmeter Monitor
USB-C Port / HDMI Port
4x4 Monitoring System
Center Differential lock
VX-R Bodykits
Premium Leather trim
12.3"" Main Display
Rear-seats Monitor
Multi-Terrain monitor
JBL Premium Sound System
Wireless charger
Toyota Safety Sense
Daytime running lights
Navigation System
Parking assist sensor
Premium Leather Seats
Toyota safety system+
Premium 7-Seaters SUV

KHUSUS Paket Kredit
DP Rendah:
OTR 2M
TDP 479
Angs 52,801,000 (4th)
Angs 44,551,000 (5th)
Asuransi Kombinasi 

KHUSUS Promo
Bunga 0% (Limited Offer)
TDP 1,479M
Angs 73,334,000 (1th)
Asuransi Allrisk

*Bonus*:
1. Free Premium detailing interior exterior dan mesin.
2. Free fogging anti bacterial n virus.
3. Garansi mesin dan transmisi 1th by Otospector
4. ⁠Emergency Towing coverage.
5. ⁠Free Jasa Service seumur hidup.
6. Garansi sertifikat lulus Inspeksi by Otospector.

Promo Special:
1. *PROMO BUNGA 0%*
2. *PROMO BUNGA RENDAH BCAF*
3. *PROMO TDP RENDAH*

Cash 2,2M

Terima tukar tambah 

Lokasi: Garasi Bloko",Toyota,Lainnya,,Lainnya,25.000-30.000,1999999999.0
947990095,HONDA CRV 1.5 TURBO AT 2019 - PJQ,"HONDA CRV 1.5 TURBO AT 2019 
.
Harga Kredit : Rp 251.000.000
""harga cash: bisa hubungi saya""
.
TDP : Rp 
Angsuran 4 tahun : Rp xxx
Angsuran 5 tahun : Rp xxx
.
PROMO OLXmobbi
""Beli Mobil Terus Untung!!
Beli mobil dan dapatkan bonus saldo digital hingga Rp1.500.000!
*S&K berlaku""
.
Keunggulan Unit:
- Pajak Feb 2027
- Odometer +/- 10,xxx KM
- Tangan Pertama
- Atas Nama Perorangan
- Plat Genap
- Bebas Banjir
- Bebas Tabrak
.
Keunggulan Model:
-Tampilan Sporty
.
Mengapa Anda harus membeli mobil di OLXmobbi ?
- Garansi mesin hingga 1 tahun
- Mobil Bekas Berkualitas, Mobil lulus inspeksi dan tersertifikasi
- Test Drive dari Rumah
- Ada 2.000+ pilihan Mobil Bekas Berkualitas, Mobil lulus Inspeksi dan tersertifikasi
-
*S&K berlaku
.
Pembayaran Booking Fee / Pelunasan hanya melalui no rekening 2061/888/995
an SERASI MITRA MOBIL PT
.
TDP promo hanya Berlaku jika:
- BI checking Bersih (tidak pernah ada keterlambatan pembayaran)
- Rumah Milik Pribadi
- Pemasukan/Gaji= 3x Angsuran.
* Bisa di bantu Rumah Kontrak dan BI checking bermasalah dengan TDP 30%*
(S&K Berlaku).
Gratis Home Test Drive! (Bebas Biaya & Jarak Maksimum 30 km)
.
Kunjungi Kami Di :
OLX mobbi Pekanbaru
Jl. Soekarno Hatta No. 46 A, Kota Pekanbaru, Prov. Riau
.
Deasi
0822/8496/7435 (telp/wa)
OLX Mobbi Pusatnya Mobil Bekas Berkualitas
Mobil Lulus Inspeksi dan Bergaransi.",Honda,Lainnya,,Lainnya,80.000-85.000,251000000.0
946412713,MERCY GLC200 AMG LINE AT 2019,"Mercedes Benz GLC200 AMG AT 2019

Credit price 510jt

Rare item!!!

Well maitenance

Fast moving
Tangan 1 dari baru
Pajak on bln 6-2027
Odo 60rb
Service record
Plat GENAP
Start stop engine
Adjustable Seats
Sensor Parkir
Central Locking
Brake Assist
Automatic climate control
Keyless Entry
Cruise control
Sunroof panoramic
Power Door  GK
Cup holder
Automatic head lamp
Camera
Eksterior mulus
Interior sangat terawat
Good condition
Mobil siap pakai

FULL SPECS
Dijamin Odomater asli dan bukan rekayasa. 

Tersedia proses credit yang mudah dan terpercaya. 
Untuk proses kredit kami bantu Samapi approve

Sangat cocok untuk yang cari mobil siap pakai dan bagus. 

SECOND RASA BARU!! 

#Jaminan BEBAS TABRAK & BANJIR
#Surat2 dijamin asli keabsahannya
#Garansi uang 100% kembali


Kami juga melayani
- jual beli
- tukar tambah
- cash dan kredit



Wtc mangga 2
Lantai 3a No 61 
ABBA CARS",Mercedes-Benz,Lainnya,,Lainnya,55.000-60.000,510000000.0
947448396,DP RENDAH - Honda BR-V 1.5 E Bensin-AT 2022,".
DP RENDAH - Honda BR-V 1.5 E Bensin-AT 2022 Putih 
.
Harga Cash : Hubungi Saya / Chat Me 
Harga Credit : Rp.  197,000,000 ,-
TDP :  20,000,000
Angsuran 4 Tahun : Rp. 6,100,000 ,-
Angsuran 5 Tahun silahkan hubungi untuk informasi lebih lanjut
.
Beli Mobil Terus Untung!!
Beli mobil dan dapatkan bonus saldo digital hingga Rp1.500.000!
*S&K berlaku
.
Keunggulan Unit
1. Pajak : April 2027
2. Odometer : 52.xxx 
3. Like New
4. Tangan Pertama
5. Atas nama  : Perorangan
6. Plat Genap
.
GRATIS HOME TEST DRIVE
.
Pembayaran Booking Fee / Pelunasan hanya melalui no rekening 2061/888/995 - BCA - an SERASI MITRA MOBIL PT

TDP promo hanya Berlaku jika:
- BI checking Bersih (tidak pernah ada keterlambatan pembayaran)
- Rumah Milik Pribadi
- Pemasukan/Gaji= 3x Angsuran.
*Bisa di bantu Rumah Kontrak dan BI checking bermasalah dengan TDP 30%* (S&K Berlaku)
.
Kunjungi kami di
OLXmobbi Bekasi
Jl. Jend. Sudirman No.1, Kranji, Kec. Bekasi Bar., Kota Bks, Jawa Barat KODE POS 84091
.
Rudi Hartono - Sales Advisor
OLXmobbi
Ahlinya Mobil Bekas Berkualitas",Honda,Lainnya,,Lainnya,50.000-55.000,197000000.0
948199057,[Km30RB] Mercedes-Benz E350 AMG  2020 NIK 2019,"Mercedes-Benz E350 AMG A/T 2020/2019

- Km 30.000 Antik (18.000 Miles)
- Warna Hitam
- Nopol B Ganjil
- Pajak 01-2027
- Tangan 1 Dari Baru
- Atas Nama Perorangan
- Reg 2020, Nik 2019

OTR Kredit  565jt
Cash 595jt",Mercedes-Benz,Lainnya,,Lainnya,25.000-30.000,565000000.0
948093901,Mercedes Benz C200 W205 AMG 2017 / 2018,"Mercedes Benz C200
W205 AMG 2017 / 2018

NIK 2017 Faktur 2018
Odo 26rb miles
Plat B Ganjil
M274 2.0L Turbo Engine
9G-Tronic Transmission
Polar White on Black
AMG Line Options

Spec:
2.0L Inline-4 Turbo M274
725 9G-Tronic Transmission
RWD Drivetrain system
Mercedes LED Lights
Android Headunit
Paddle shift triptonic
AMG Black headliners
AMG Sport Rims
AMG Sport Bodykits
AMG Sport Diffuser
Electric Leather seats
Automatic parallel parking 
Service Record
Mercedes Polar White

KHUSUS Paket Kredit
DP Rendah:
OTR 355
TDP 109
Angs 9,726,000 (4th)
Angs 8,230,000 (5th)
Asuransi Kombinasi

KHUSUS Promo
Bunga 0% (Limited offer)
TDP 279
Angs 13,300,000 (1th)
Asuransi TLO

Bonus:
1. Free Premium detailing interior exterior dan mesin.
2. Free fogging anti bacterial n virus.
3. Garansi mesin dan transmisi 1th by Otospector
4. ⁠Emergency Towing coverage.
5. ⁠Free Jasa Service seumur hidup.
6. Garansi sertifikat lulus Inspeksi by Otospector.

Promo Special:
1. PROMO BUNGA 0%
2. PROMO BUNGA RENDAH BCAF
3. PROMO TDP RENDAH

Cash 399

Lokasi: Garasi Bloko",Mercedes-Benz,Lainnya,,Lainnya,25.000-30.000,355000000.0
948199035,DESEMBER Ganjil Odo 28k Bunga 5% Mercedes GLS400 2016 GLS 400 2016,"KHUSUS yang ingin barang BAGUS
KHUSUS yang ingin bunga MURAH dan BISA BERHITUNG
KHUSUS untuk orang yang tidak terpukau dengan HARGA MURAH tapi Angsuran lebih MAHAL daripada HITUNGAN KAMI.
.
Lulus Inspeksi Dan Sertifikasi OTOSPECTOR, Mobil bebas Tabrakan dan Banjir.
MOBIL BERGARANSI MESIN DAN TRANSMISI SELAMA 2 TAHUN
.
Harga khusus Tunai Rp 640,000,000 NEGO
Harga khusus kredit Rp 595,000,000 NEGO
*
Paket kredit dp mumer dan bunga murah
.
Total pembayaran pertama Rp 205,000,000 
Angsuran 23 bulan rp 22,000,000 BUNGA HANYA 5%
.
Total pembayaran pertama Rp 193,000,000 
Angsuran 35 bulan rp 15,600,000 BUNGA HANYA 5%
.
Total pembayaran pertama Rp 186,000,000 
Angsuran 47 bulan rp 12,500,000 BUNGA HANYA 5.25%
Angsuran 59 bulan rp 10,800,000 BUNGA HANYA 6%
.
TDP sudah termasuk :
- Down Payment
- angsuran 1
- administrasi
- asuransi tahun selanjutnya TLO ( Total Lost Only )
- PROVISI HANYA 1%
-
Yuk mari berhitung, kenapa harus beli mobil di PASKAH Mobil, karena kami MENGEMBALIKAN CASH BACK semua yang di berikan leasing KEPADA ANDA, terima kasih
.
Harga tersebut masih bisa di Negosiasi Hanya Setelah Datang Lihat Unit di Showroom Kami..
*
Keterangan Unit Kendaraan :
.
Mercedes-Benz GLS400 4MATIC
Engine V6 3.0L Bi-Turbo 4MATIC (AWD)
9G-TRONIC
Air matic Suspension
3 Row Seater / 7 Seater
Panoramic / Sunroof
Tahun Pembuatan / NIK 2016
Faktur 2016
.
Pajak TERBAYAR 08 Desember
NOPOL : B 2459 PBY / Ganjil
.
* Odo 28K Service record Mercedes Benz
.
Spesifikasi Eksterior :
Panoramic Sunroof
Headlamp LED
Daytime Running Light (DRL)
Fog Lamp
LED Rear Combination Lamp
Roof Rail
Power Tailgate / Electric Tailgate
Dual Exhaust
Chrome Under Guard
Velg R20 Allumunium Alloy
.
Spesifikasi Interior :
.
multifunction 3-spoke Steering Wheel wood & Nappa leather
DYNAMIC SELECT 5 Mode: Comfort | Sport | Slippery | Individual | Off-Road
COMAND
Media Display 8 inci
Camera 360
Touchpad Controller
Electric seat
2 Memory Seats
Easy Entry System
Rear Seat Entertainment
DVD & headrest monitor 8 inci
Crosswind Assist ,Attention Assist
Brake Assist (BAS) ,Electronic Stability Program (ESP)
Cruise Control , Parking Assist
Harman Kardon Audio System
.
Etc. Standart Mercedes-Benz GLS400 4MATIC 2016
.
Outlet :
Paskah Mobil Mangga Dua Square
Jl. Gunung sahari raya no 1
Mangga Dua Square
Lantai LG Lot M15-16
Jakarta Utara
.
ingin melihat stock mobil kami yang lain. silahkan klik VIEW PROFILE di akhir DISKRIPSI ini.
Tolong di favoritkan dan di follow ya teman2...
.
Terima Tukar Tambah Dan Berani Beli Mobil Yang Berkwalitas Istimewa
*
Terima Titip Jual beli Mobil. dengan surat surat Lengkap
.
SALAM
PASKAH MOBIL",Mercedes-Benz,Lainnya,,Lainnya,25.000-30.000,595000000.0
948199032,Toyota kijang Innova g matik 2012,Toyota kijang Innova g matik 2012  pajak hidup pemakaian pribadi mesin bagus matik aman kaki kaki bagus rawatan pribadi jarang pakai surat surat lengkap siap pakai khusus yg cari mobil buat pakai nama sendiri buku manual ada AC dingin tape android 10 inci.ban masih bagus harga nego halus diutamakan dirumah.jok disarung masih orisinil,Toyota,Lainnya,,Lainnya,115.000-120.000,145000000.0
948199000,Odo 14rb Bunga 4% PAJAK MEI 2027 Genap GLA200 AMG 2023 GLA200 2023 AMG,"KHUSUS yang ingin barang BAGUS
KHUSUS yang ingin bunga MURAH dan BISA BERHITUNG
KHUSUS untuk orang yang tidak terpukau dengan HARGA MURAH tapi Angsuran lebih MAHAL daripada HITUNGAN KAMI.
.
Lulus Inspeksi Dan Sertifikasi OTOSPECTOR, Mobil bebas Tabrakan dan Banjir.
MOBIL BERGARANSI MESIN DAN TRANSMISI SELAMA 2 TAHUN
.
Harga khusus Tunai Rp 615,000,000 NEGO 
Harga khusus kredit Rp 565,000,000 NEGO 
*
Paket kredit dp mumer dan bunga murah
.
Total pembayaran pertama Rp 135,000,000
Angsuran 23 bulan rp 24,100,000 BUNGA HANYA 4.25%
.
Total pembayaran pertama Rp 123,000,000
Angsuran 35 bulan rp 16,900,000 BUNGA HANYA 4.25%
.
Total pembayaran pertama rp 118,000,000
Angsuran 47 bulan rp 13,500,000 BUNGA HANYA 4.75%
.
Total pembayaran pertama rp 116,000,000
Angsuran 59 bulan rp 11,500,000 BUNGA HANYA 5.25%
.
TDP sudah termasuk :
* Down Payment
* angsuran 1
* administrasi
* Asuransi 1 Tahun ALL RISK
* asuransi tahun selanjutnya TLO ( Total Lost Only )
* PROVISI HANYA 1%
*
Yuk mari berhitung, kenapa harus beli mobil di PASKAH Mobil, karena kami MENGEMBALIKAN CASH BACK semua yang di berikan leasing KEPADA ANDA, terima kasih
.
Harga tersebut masih bisa di Negosiasi Hanya Setelah Datang Lihat Unit di Showroom Kami..
*
Spesifikasi singkat :
.
Mercedes Benz GLA200 AMG (H247)
AMG Line Facelift
Engine 1.332cc Turbo
7G-Tronic Transmission Automatic
NIK 2023 
Faktur 2023 
STNK, BPKB, FAKTUR TANGAN PERTAMA DARI BARU ATAS NAMA PERUSAHAAN 
*
Nopol B 1990 DKV / GENAP
Pajak berlaku 19 Mei 2027 
SANGAT PANJANG 1 TAHUN 
Pajak pertahun RP 16.032.000 
*
ODO 14k Miles service record mercedes benz 
LAST SERVICE 12 Mei 2026 
ISP 18 MEI 2028
*
Exterior :
* Diamond Grill
* LED high performance headlamps
* LED Rear tail lights
* Rain Sensor
* Velg Original Mercedes AMG 5 Twin spokes
* Roof Rail
* Sporty Spoiler
* Rear Wiper
* Power Back Door
.
Interior :
* Speedometer instrument cluster with trackpad
* 10.25 inch infotainment system navigation
* GPS, Bluetooth, integration apple carplay and android auto
* Voice command ""Hai mercedes"" 
* Electric black leather seat with 3 slot memory seat
* kinetics seat system, jok isofix 
* SRS airbags, ABS, BA, EBD, VSC, Comolete safety car
* Ambient light 64 multi colour 
* camera parking, 12 parking sensor 
* bluetooth / aux / usb 
* 
etc, standart Mercedes Benz GLA200 AMG 2023 
.
Outlet : 
Paskah Mobil Mangga Dua Square 
Jl. Gunung sahari raya no 1 
Mangga Dua Square 
Lantai LG Lot M15-16 
Jakarta Utara 
.
ingin melihat stock mobil kami yang lain. silahkan klik VIEW PROFILE di akhir DISKRIPSI ini.
Tolong di favoritkan dan di follow ya teman2...
.
Terima Tukar Tambah Dan Berani Beli Mobil Yang Berkwalitas Istimewa
*
Terima Titip Jual beli Mobil. dengan surat surat Lengkap
.
SALAM 
PASKAH MOBIL",Mercedes-Benz,Lainnya,,Lainnya,10.000-15.000,565000000.0
948198977,GANJIL Km 63rb BUNGA 5% TAX AGUSTUS 2027 RX300 LUXURY 2018 RX 300 2018,"KHUSUS yang ingin barang BAGUS
KHUSUS yang ingin bunga MURAH dan BISA BERHITUNG
KHUSUS untuk orang yang tidak terpukau dengan HARGA MURAH tapi Angsuran lebih MAHAL daripada HITUNGAN KAMI.
.
Lulus Inspeksi Dan Sertifikasi OTOSPECTOR, Mobil bebas Tabrakan dan Banjir.
MOBIL BERGARANSI MESIN DAN TRANSMISI SELAMA 2 TAHUN
.
Harga khusus Tunai Rp 595,000,000 NEGO 
Harga khusus kredit Rp 550,000,000 NEGO 
*
Paket kredit dp mumer dan bunga murah
.
Total pembayaran pertama Rp 145,000,000  
Angsuran 23 bulan rp 23,000,000 BUNGA HANYA 5%
.
Total pembayaran pertama Rp 131,000,000  
Angsuran 35 bulan rp 16,300,000 BUNGA HANYA 5%
.
Total pembayaran pertama rp  126,000,000 
Angsuran 47 bulan rp 13,000,000 BUNGA HANYA 5.25%
Angsuran 59 bulan rp 11,200,000 BUNGA HANYA 6%
.
TDP sudah termasuk :
- Down Payment
- angsuran 1
- administrasi
- ASURANSI 1 TAHUN ALL RISK 
- asuransi tahun selanjutnya TLO ( Total Lost Only )
- PROVISI HANYA 1%
-
Yuk mari berhitung, kenapa harus beli mobil di PASKAH Mobil, karena kami MENGEMBALIKAN CASH BACK semua yang di berikan leasing KEPADA ANDA, terima kasih
.
Harga tersebut masih bisa di Negosiasi Hanya Setelah Datang Lihat Unit di Showroom Kami..
*
Spesifikasi singkat :
.
LEXUS RX 300T Luxury 
Sonic Titanium On Black
Pemakaian 2018
NIK 2018
STNK, BPKB, FAKTUR Tangan Pertama Dari Baru Atas Nama PERORANGAN 
.
Nomor polisi B 2279 AB / Ganjil
Pajak BERLAKU SAMPAI 10 Agustus 2027 / STNK TERLAMPIR 
Pajak Pertahun Rp 14.633.000
B dari DKI Jakarta
.
KM 63K Service Record Lexus
.
INTERIOR : 
PANORAMIC SUNROOF 
Head Up Display Unit ( HUD) 
Camera 360 view 
2TV RSE ( Rear System Entertaiment ) 
Audio by MARK LEVINSON
Head unit Android Apple Car Play with Bluetooth, Mirror Link, DVD
Audio Steering Wheel
Electric seat front right & left
Full Electric Leather Seat
2 Memory Seat
2 Front Seats Heater Cooler (Right & Left Seats)
Ac digital climate control, Dual Zone
Cruise Control
Electric Hand Brake
3 Mode Drive ( ECO, NORMAL & SPORT )
.
Exterior :
POWER BACKDOOR
Head Light with AFS Xenon
Sequentian Turn Signal
Parking sensor
Rain sensor
Spindle Grill
Parking Sensor, Foglamp
SRS Airbags, ABS, EBD, BA VSC, TRC, COMPLETE SAFETY CAR
VELG Ring 20”
.
etc, standart LEXUS RX 300T Luxury 2018
.
Outlet :
Paskah Mobil Mangga Dua Square 
Jl. Gunung sahari raya no 1
Mangga Dua Square Lantai LG Lot M15-16
Jakarta Utara
.
ingin melihat stock mobil kami yang lain. silahkan klik VIEW PROFILE di akhir DISKRIPSI ini.
Tolong di favoritkan dan di follow ya teman2...
.
Terima Tukar Tambah Dan Berani Beli Mobil Yang Berkwalitas Istimewa
*
Terima Titip Jual beli Mobil. dengan surat surat Lengkap
.
SALAM
PASKAH MOBIL",Lexus,Lainnya,,Lainnya,60.000-65.000,550000000.0
948198926,ELITE Odo 31k GanjiL Bunga 4.25% Mazda CX8 Elite 2022 cx 8 ELITE 2022,"KHUSUS yang ingin barang BAGUS
KHUSUS yang ingin bunga MURAH dan BISA BERHITUNG
KHUSUS untuk orang yang tidak terpukau dengan HARGA MURAH tapi Angsuran lebih MAHAL daripada HITUNGAN KAMI.
.
Lulus Inspeksi Dan Sertifikasi OTOSPECTOR, Mobil bebas Tabrakan dan Banjir.
MOBIL BERGARANSI MESIN DAN TRANSMISI SELAMA 2 TAHUN
.
Harga khusus Tunai Rp 398,000,000 NEGO  
Harga khusus kredit Rp 365,000,000 NEGO 
*
Paket kredit dp mumer dan bunga murah
.
Total pembayaran pertama Rp 115,000,000 
Angsuran 23 bulan rp 14,600,000 BUNGA HANYA 4.25% 
. 
Total pembayaran pertama Rp 109,000,000 
Angsuran 35 bulan rp 10,200,000 BUNGA HANYA 4.25% 
. 
Total pembayaran pertama rp 105,000,000 
Angsuran 47 bulan rp 8,200,000 BUNGA HANYA 4.75% 
. 
Total pembayaran pertama rp 102,000,000 
Angsuran 59 bulan rp 7,000,000 BUNGA HANYA 5.25% 
.
TDP sudah termasuk :
* Down Payment
* angsuran 1
* administrasi
* Asuransi 1 Tahun ALL RISK
* asuransi tahun selanjutnya TLO ( Total Lost Only )
* PROVISI HANYA 1% 
*
Yuk mari berhitung, kenapa harus beli mobil di PASKAH Mobil, karena kami MENGEMBALIKAN CASH BACK semua yang di berikanleasing KEPADA ANDA, terima kasih
.
Harga tersebut masih bisa di Negosiasi Hanya Setelah Datang Lihat Unit di Showroom Kami..
*
Keterangan Unit Kendaraan :
. 
Mazda CX-8 2.5 ELITE  SKYACTIVE
Pemakaian 2022  
Perakitan / NIK 2022  
. 
Pajak Terbayar 29 Oktober 
Nomor Polisi B 1071 DKG / GANJIL  
.
ODO 31k mil
Odo 51k Kilometer Service record Mazda
.
PERBEDAAN CX 8 ELITE DENGAN TOURING : 
1. VELG RING 19 INCH ALMUNIUM LIGHT 
2. CAPTAIN SEATS / 6 SEATS
3. SPEACKER BOSE 10 
. 
Spec Eksterior :
* Grill Chrome
* HeadLamp Projector with ALH(adaptive led headlights)
* LED Stoplamp
* LED Foglamp with list chrome
* Velg Smoke Grey R19
* Spoiler
* Sensor Parking
* Double Muffler
* Rain Sensor
* BSM (blind spot monitoring)
* RCTA (rear cross traffic allert)
* HBC (high beam control)
* LDWS (lane departure warning system)
* SCBS (smart city braking support)
* ABS, EBD, BA, DSC, TCS
* Power Back Door ( PBD ) with Kick Sensor
.
Spec Interior :
* Dashboard Twotone Brown Black
* Paddle Shift
* SPORT / ECO MODE
* Cruise Control
* Steering Audio Control + Mode + BlueTooth Phone
* Keyless Button and Push Button
* Head Unit Touch screen Supp Hdmi, Ipod, Aux, USB, Radio, BT Phone
* HUD ( Head Up Display )
* Navigation / GPS
* Automatic Hand brake
* Rotary commander
* AC Digital & Dual Zone Air conditioner
* wireless charger
* Captain Seats
* Full Leather Seats
* 4 Heater seats
* 2 electric seats
* 2 Memory Seat
* Leather Whell with list chrome
* Camera Parking
* 4 camera 360 Degree view
* 10 Speakers By BOSE Sound System
* 2 krey cabin tengah
.
etc, standart Mazda CX-8 Skyactiv Elite 2022
.
Outlet : 
Paskah Mobil Mangga Dua Square 
Jl. Gunung sahari raya no 1 
Mangga Dua Square 
Lantai LG Lot M15-16 
Jakarta Utara 
.
ingin melihat stock mobil kami yang lain. silahkan klik VIEW PROFILE di akhir DISKRIPSI ini.
Tolong di favoritkan dan di follow ya teman2...
.
Terima Tukar Tambah Dan Berani Beli Mobil Yang Berkwalitas Istimewa
*
Terima Titip Jual beli Mobil. dengan surat surat Lengkap
.
SALAM 
PASKAH MOBIL",Mazda,Lainnya,,Lainnya,30.000-35.000,365000000.0
948198879,Toyota Innova Zenix Q Hybrid modelista RSE THN 2024,"B Genap HOB

Zenix Q hybrid modelista Rse
Th 2024 ( nik 2023 )
Km 57 rb ( rec & warranty toyota )
Hitam
Pajak 01 2027
Tangan ke 1 an peroangan
Warranty toyota aktif sd / 2031 
Pemakaian & registrasi 2024 

Kredit 440jt (paket 5 th)
Paket A
tdp 37jt,ang 11.225x59(5thn)
tdp 53jt,ang 9.877x59(5thn)

Paket B
tdp 80jt,ang 10.834x47(4thn)
tdp 80jt,ang 9.275x59(5thn)

Harga Cash CHAT via WHATSAPP
 -- Nego dari HARGA CASH, NO Nego HARGA CREDIT --

TDP dan Angsuran bisa disesuaikan.
Proses Kredit CEPAT, syarat MUDAH, dibantu sampai APPROVE Leasing
- Tenor s/d 6 TAHUN 
- Instant Approval
- Cover Area Nasional se-Indonesia
- Proses WNA
- Rumah sewa dan semua profesi bisa proses

Info penting :
- Mobil lulus inspeksi & garansi mesin hingga 1 tahun BY @OTOSPECTOR
- GRATIS layanan bantuan darurat 24 jam seluruh Indonesia  

Info Lengkap :
Anita
*SHOWROOM KT88CARS*
Bursa Mobil Mega Glodok Kemayoran MGK lantai 3 blok S no 17, RT.5/RW.10, Gn. Sahari Sel., Kec. Kemayoran, Kota Jakarta Pusat, Daerah Khusus Ibukota Jakarta 10610",Toyota,Lainnya,,Lainnya,55.000-60.000,440000000.0
948198833,Km 51rb PAJAK Juni 2027 Ganjil Bunga 5% HONDA HRV E 2018 HRV E AT 2018,"KHUSUS yang ingin barang BAGUS
KHUSUS yang ingin bunga MURAH dan BISA BERHITUNG
KHUSUS untuk orang yang tidak terpukau dengan HARGA MURAH tapi Angsuran lebih MAHAL daripada HITUNGAN KAMI.
.
Lulus Inspeksi Dan Sertifikasi OTOSPECTOR, Mobil bebas Tabrakan dan Banjir.
MOBIL BERGARANSI MESIN DAN TRANSMISI SELAMA 2 TAHUN
.
Harga khusus Tunai Rp 202,000,000 
Harga khusus kredit Rp 185,000,000 
*
Paket kredit dp mumer dan bunga murah
NOTE : 
MESKIPUN DARI HARGA YANG SAMA, ATAU BAHKAN LEBIH MURAH 
MESKIPUN DARI LEASING YANG SAMA, 
COBA SAJA BANDINGKAN HITUNGAN KITA, PASTI LEBIH FLEKSIBLE. 
. 
Total pembayaran pertama Rp 50,000,000 
Angsuran 23 bulan rp 8,000,000 BUNGA HANYA 5% 
. 
Total pembayaran pertama Rp 48,000,000 
Angsuran 35 bulan rp 5,600,000 BUNGA HANYA 5% 
. 
Total pembayaran pertama Rp 46,000,000 
Angsuran 47 bulan rp 4,500,000 BUNGA HANYA 5.25% 
. 
Total pembayaran pertama Rp 45,000,000 
Angsuran 59 bulan rp 3,900,000 BUNGA HANYA 6% 
.
TDP sudah termasuk :
* Down Payment
* angsuran 1
* administrasi
* asuransi tahun selanjutnya TLO ( Total Lost Only )
* PROVISI HANYA 1%
*
Yuk mari berhitung, kenapa harus beli mobil di PASKAH Mobil, karena kami MENGEMBALIKAN CASH BACK semua yang di berikan leasing KEPADA ANDA, terima kasih
*
Harga tersebut masih bisa di Negosiasi Hanya Setelah Datang Lihat Unit Di Showroom Kami..
*
Keterangan Unit Kendaraan :
.
HRV E CVT 1.5L
Transmisi Automatic
Tahun Pembuatan / NIK 2018
Tahun Pemakaian 2018
STNK, BPKB, FAKTUR Tangan Pertama Dari Baru Atas  Nama PERORANGAN 
.
Nomor Polisi B 2739  UKC / GANJIL 
* Pajak : 25 Juni 2027
pajak terbayar 1 tahun
nilai pajak yang terbayar Rp 4.260.000
.
* KM 51rb Service record secara berkala Honda
.
Spec Eksterior :
* Sensor Parking
* Camera Parking
* Rear Wiper
* LED Fog lamps
* Shark Fin Antena
* Rear Roof Spoiler
* Velg R16 
.
Spec Interior :
* Head Unit support
* AM/FM radio, AUX-in Port, USB Port, Bluetooth dan Miracast/Mirroring Android
* AC Digital
* Cruise Control
* Steering Audio Control
* Keyless and Start Push Button
* Electric Hand Brake
* Jok Isofix
* Arm Rest
.
etc, standart HRV E CVT 2018
.
Outlet : 
Paskah Mobil Mangga Dua Square 
Jl. Gunung sahari raya no 1 
Mangga Dua Square 
Lantai LG Lot M15-16 
Jakarta Utara 
.
ingin melihat stock mobil kami yang lain. silahkan klik VIEW PROFILE di akhir DISKRIPSI ini.
Tolong di favoritkan dan di follow ya teman2...
.
Terima Tukar Tambah Dan Berani Beli Mobil Yang Berkwalitas Istimewa
*
Terima Titip Jual beli Mobil. dengan surat surat Lengkap
.
SALAM 
PASKAH MOBIL",Honda,Lainnya,,Lainnya,50.000-55.000,185000000.0
947651128,Toyota Alphard ASG 2.4 2008 Matic,"Toyota alphard asg
2007
Pajak 07/27
Km 140rb
Interior full original
Head unit bisa bluetooth
No malfunction
135 jt",Toyota,Lainnya,,Lainnya,135.000-140.000,135000000.0
948198664,Honda BR-V (2016),"Honda BR-V Tahun 2016
Transmisi : Automatic
Jarak Tempuh : 126.000 Km
Kondisi Mobil bagus, AC Dingin, Ban Tebal, Bukan Bekas Banjir, Siap Jalan

Harga Nego",Honda,Lainnya,,Lainnya,125.000-130.000,145000000.0
948087776,Volkswagen Tiguan Allspace 1.4 TSI 2020,"Volkswagen Tiguan
Allspace 1.4 TSI 2020

NIK 2020
Odo 42rb miles 
Pajak 03 2027
Plat B Ganjil
Service Record VW ATPM
1.4L TSI Turbocharged
7 Seaters SUV
Tangan Pertama

Spec:
1.4L Turbo inline-4 Engine
DSG Wet Clutch transmission
Various driving modes
Electronic Parking Brake
Flat bottom steering wheel
ALLSPACE trim (7 seaters)
Apple Carplay/Android Auto
Digital Speedometer
Think-Blue trainer
Triple zone AC
360 Parking Sensors
360 Camera
Rear seats tray-table
Parking Assist

KHUSUS Paket Kredit
DP Rendah:
OTR 250
TDP 89
Angs 6,511,000 (4th)
Angs 5,461,000 (5th)
Asuransi Kombinasi

KHUSUS Promo
Bunga 0% (Limited Offer)
TDP 199
Angs 9,334,000 (1th)
Asuransi TLO

Bonus:
1. Free Premium detailing interior exterior dan mesin.
2. Free fogging anti bacterial n virus.
3. Garansi mesin dan transmisi 1th by Otospector
4. ⁠Emergency Towing coverage.
5. ⁠Free Jasa Service seumur hidup.
6. Garansi sertifikat lulus Inspeksi by Otospector.

Promo Special:
1. PROMO BUNGA 0%
2. PROMO TDP RENDAH

Cash 280

Lokasi: Garasi Bloko",Volkswagen,Lainnya,,Lainnya,40.000-45.000,250000000.0
947935421,DP RENDAH - Wuling Cortez 1.5 CT Bensin-MT 2019,".
DP RENDAH - Wuling Cortez 1.5 CT Bensin-MT 2019 Abu-Abu 
.
Harga Cash : Hubungi Saya / Chat Me 
Harga Credit : Rp.  120,000,000 ,-
TDP :  10,000,000
Angsuran 4 Tahun : Rp. 3,800,000 ,-
Angsuran 5 Tahun silahkan hubungi untuk informasi lebih lanjut
.
Beli Mobil Terus Untung!!
Beli mobil dan dapatkan bonus saldo digital hingga Rp1.500.000!
*S&K berlaku
.
Keunggulan Unit
1. Pajak : October 2024
2. Odometer : 35.xxx 
3. Like New
4. Tangan Pertama
5. Atas nama  : Perorangan
6. Plat Genap
.
GRATIS HOME TEST DRIVE
.
Pembayaran Booking Fee / Pelunasan hanya melalui no rekening 2061/888/995 - BCA - an SERASI MITRA MOBIL PT

TDP promo hanya Berlaku jika:
- BI checking Bersih (tidak pernah ada keterlambatan pembayaran)
- Rumah Milik Pribadi
- Pemasukan/Gaji= 3x Angsuran.
*Bisa di bantu Rumah Kontrak dan BI checking bermasalah dengan TDP 30%* (S&K Berlaku)
.
Kunjungi kami di
OLXmobbi Bekasi
Jl. Jend. Sudirman No.1, Kranji, Kec. Bekasi Bar., Kota Bks, Jawa Barat KODE POS 94763
.
Rudi Hartono - Sales Advisor
OLXmobbi
Ahlinya Mobil Bekas Berkualitas",Wuling,Lainnya,,Lainnya,35.000-40.000,120000000.0
947722280,DP10% [Km18.000] C200 AMG 2018 White Reg 2019 #AUTOHIGH,"MERCEDES BENZ C200 AMG 2018 WHITE ON BLACK
Km.18.000 Antik!! , Stnk Bulan 06 ( NIK.2018 )
- Monitor + Mouse Control 
- Electric Seat + Memory Seat
- Engine Start Button
- ECO Mode Start Stop
- Engine Mode : Eco, Comfort, Sport, Sport Plus
- Gril Model AMG
- Full Bodykit AMG 
- Perseneling di Setir
- Service Record ATPM Mercedes Benz

OTR KREDIT : 385JT
OTR CASH : 435JT

Harga Negosiasi Setelah Datang Lihat Unit di Showroom Kami

Pembelian via cash / kredit.. Data luar kota bisa bantu proses, Tersedia jg Paket Total DP Ringan, Tenor hingga 6 tahun ( Proses 1 hari kerja saja )

Segera Rekomendasikan Keluarga / Teman / Kerabat Bapak & Ibu semua untuk membeli Mobil di AUTOHIGH dan dapatkan harga & kualitas terbaik dengan cara Share Link Iklan ini, Terima Kasih !!!

///AUTO HIGH BINTARO
** Bursa Mobil Bintaro A1 - A3
Bintaro Sektor 7, Tangerang Selatan
( Exit Tol Pondok Aren, samping Bank Permata Tower dan Dealer BMW Bestindo )

[[ GUNAKAN SELALU FITUR TELEPON & WHATS APP UNTUK KEAMANAN BERKOMUNIKASI, TERIMA KASIH ]]

Buka Setiap Hari : Pukul 9 Pagi s/d 6 Sore
( Sabtu / Minggu / Hari Libur Tetap Buka )

More Info, Please Call / SMS / Whats App : Pukul 8 Pagi s/d 11 Malam ( Setiap Hari )",Mercedes-Benz,Lainnya,,Lainnya,5.000-10.000,385000000.0
947935417,DP RENDAH - Mazda CX-5 2.5 Touring Bensin-AT 2019,".
DP RENDAH - Mazda CX-5 2.5 Touring Bensin-AT 2019 Abu-Abu 
.
Harga Cash : Hubungi Saya / Chat Me 
Harga Credit : Rp.  292,000,000 ,-
TDP :  33,000,000
Angsuran 4 Tahun : Rp. 8,900,000 ,-
Angsuran 5 Tahun silahkan hubungi untuk informasi lebih lanjut
.
Beli Mobil Terus Untung!!
Beli mobil dan dapatkan bonus saldo digital hingga Rp1.500.000!
*S&K berlaku
.
Keunggulan Unit
1. Pajak : April 2026
2. Odometer : 121.xxx 
3. Like New
4. Tangan Pertama
5. Atas nama  : Perorangan
6. Plat Genap
.
GRATIS HOME TEST DRIVE
.
Pembayaran Booking Fee / Pelunasan hanya melalui no rekening 2061/888/995 - BCA - an SERASI MITRA MOBIL PT

TDP promo hanya Berlaku jika:
- BI checking Bersih (tidak pernah ada keterlambatan pembayaran)
- Rumah Milik Pribadi
- Pemasukan/Gaji= 3x Angsuran.
*Bisa di bantu Rumah Kontrak dan BI checking bermasalah dengan TDP 30%* (S&K Berlaku)
.
Kunjungi kami di
OLXmobbi Bekasi
Jl. Jend. Sudirman No.1, Kranji, Kec. Bekasi Bar., Kota Bks, Jawa Barat KODE POS 86820
.
Rudi Hartono - Sales Advisor
OLXmobbi
Ahlinya Mobil Bekas Berkualitas",Mazda,Lainnya,,Lainnya,120.000-125.000,292000000.0
947650628,Low KM! C200 EcoBoost 2019 / 2020,"TOP NOTCH UNIT 

Merk : MERCEDES 
Type : C200 Ecoobost 
Tahun : 2019
Pajak : Februari 2027
Odo : 30rb KM /18rb Miles (like New)
Transmisi : Automatic
Warna. : Black on Black 
Nopol : F Ganjil 

SPESIFIKASI MOBIL
- Mobil masih wangi baru
- super irit 
- MBUX System 
- Digital Speedometer
- Large TV 

HARGA
Kredit Rp. 415jt
Cash Rp. 445jt

Harap bijak dalam membandingkan harga, beda masa pajak, beda jarak KM tentu nya beda harga 

Mobil sudah lulus inspeksi dan tergaransi mesin dan transmisi  1th  by SMART Warranty 

--- KAMI MELAYANI ---
+ Jual atau Beli Mobil
+ Trade In/Tuker Tambah
+ Leasing/Credit

--- GARANSI KAMI ---
+ FLOOD n ACCIDENT Free
+ 100% OK Legalitas Dokumen Kendaraan

Address : 

Bursa Otomotive Sunter
Blok D26 - D27
Jakarta Utara

(Sebrang MAG - Kelapa Gading).

Ketik saja "" SHINE AUTO GALLERY"" di google map",Mercedes-Benz,Lainnya,,Lainnya,15.000-20.000,415000000.0
948135272,KM.14.000 MINI COOPER COUNTRYMAN S 2023/2024 ISLAND BLUE TDP100JT,"MINI COOPER COUNTRYMAN 2.0 S LAST EDITION F60S TURBO 2023 

ISLAND BLUE ON BLACK

Km. 14.000 Antik!!
Stnk Bulan 11 ( NIK.2023 )

- Speedometer Digital ( New Model )
- Headlamp Facelift Last Edition
- Engine Start Button + Keyless
- Electric seat + Memory seat
- Perseneling Joystick
- Monitor + Multimedia
- Apple Carplay + Wiriless Charger
- GPS Indonesia + Rear Camera ( Park Asist )
- 4 Doors with 4 Seater
- Panoramic + Sunroof 
- Bodykit + Velg R.18 Black Croume
- Engine 2.000cc Turbo with 192Hp
- Bagasi Power Back Doors ( PBD )
- Warranty MINI Indonesia Free Full Spareparts , Ganti Oli, dan Jasa sd 04 Oct 2028 * Tinggal Isi Bensin Saja *

OTR KREDIT 660 JT

TOTAL DP 75 Juta
Angsuran  xx Jutaan

Bebas Banjir, Nabrak,Ready To Drive
Siap General Check Up Dan Tukar Tambah

Like , Share , Coment Dan Beli",Mini Cooper,Lainnya,,Lainnya,0-5.000,660000000.0
947666401,DP RENDAH - Hyundai Stargazer 1.5 Prime Bensin-AT 2025,".
DP RENDAH - Hyundai Stargazer 1.5 Prime Bensin-AT 2025 Putih 
.
Harga Cash : Hubungi Saya / Chat Me 
Harga Credit : Rp.  232,000,000 ,-
TDP :  25,000,000
Angsuran 4 Tahun : Rp. 7,100,000 ,-
Angsuran 5 Tahun silahkan hubungi untuk informasi lebih lanjut
.
Beli Mobil Terus Untung!!
Beli mobil dan dapatkan bonus saldo digital hingga Rp1.500.000!
*S&K berlaku
.
Keunggulan Unit
1. Pajak : May 2027
2. Odometer : 17.xxx 
3. Like New
4. Tangan Pertama
5. Atas nama  : Perorangan
6. Plat Genap
.
GRATIS HOME TEST DRIVE
.
Pembayaran Booking Fee / Pelunasan hanya melalui no rekening 2061/888/995 - BCA - an SERASI MITRA MOBIL PT

TDP promo hanya Berlaku jika:
- BI checking Bersih (tidak pernah ada keterlambatan pembayaran)
- Rumah Milik Pribadi
- Pemasukan/Gaji= 3x Angsuran.
*Bisa di bantu Rumah Kontrak dan BI checking bermasalah dengan TDP 30%* (S&K Berlaku)
.
Kunjungi kami di
OLXmobbi Bekasi
Jl. Jend. Sudirman No.1, Kranji, Kec. Bekasi Bar., Kota Bks, Jawa Barat KODE POS 87709
.
Rudi Hartono - Sales Advisor
OLXmobbi
Ahlinya Mobil Bekas Berkualitas",Hyundai,Lainnya,,Lainnya,15.000-20.000,232000000.0
948093251,Toyota innova v disel 2.5 matic promo menarik TDP 10% 2021,"*harga iklan harga kredit untuk *dp minim dan tenor 4th&5th 6th
*bukan harga cash 
*untuk pembelian cash bonus garansi 1th trasmisi matic dan mesin 

*promo harga otr 397jt  pakai bunga 0% tenor 1tahun TDP 60% 
*promo harga kredit 1&3 tahun 387jt 

*harga kusus kredit  : 377jt 
* bisa kami bantu dengan total TDP 10%
* dapat kan garansi matic selama 1th 
*harga cash : silahkan di wa 

*toyota innova v disel at 2021
*warna unit : putih
*KM 78rb : servis reccod toyota 
*bahan bakar : bensin 
*pajak : hidup bln 7/27
*nopol : genap

*tersedia dp minim (BI checking *aman, S&K beralaku 
*tersedia bunga 0% kusus tenor 1th
*data untuk kredit di bantu sampe approve 

*kondisi unit : 

*mesin kering  dan sehat 
*servis reccod 
*Ac sangat dingin 
*kaki kaki di jamin bagus 
*jaminan tidak bekas nabrak/banjir 
*surat"" lengkap dan di percaya 100% 
*tangan pertama dari baru 
*proses kredit kami akan bantu 
*siap untuk genaral check up dibengkel resmi 

*kunjungi : shwrom kami wtc mangga dua hoqimobilindo LT9 BLOK D6 WA 0813 sepuluh lima  puluh 2121*",Toyota,Lainnya,,Lainnya,70.000-75.000,377000000.0
947935439,Pajak Panjang - Honda Accord 1.5 Bensin-AT 2019,".
Pajak Panjang - Honda Accord 1.5 Bensin-AT 2019 Putih 
.
Harga Cash : Hubungi Saya / Chat Me 
Harga Credit : Rp.  303,000,000 ,-
TDP :  34,000,000
Angsuran 4 Tahun : Rp. 9,200,000 ,-
Angsuran 5 Tahun silahkan hubungi untuk informasi lebih lanjut
.
Beli Mobil Terus Untung!!
Beli mobil dan dapatkan bonus saldo digital hingga Rp1.500.000!
*S&K berlaku
.
Keunggulan Unit
1. Pajak : November 2025
2. Odometer : 69.xxx 
3. Like New
4. Tangan Pertama
5. Atas nama  : Perorangan
6. Plat Genap
.
GRATIS HOME TEST DRIVE
.
Pembayaran Booking Fee / Pelunasan hanya melalui no rekening 2061/888/995 - BCA - an SERASI MITRA MOBIL PT

TDP promo hanya Berlaku jika:
- BI checking Bersih (tidak pernah ada keterlambatan pembayaran)
- Rumah Milik Pribadi
- Pemasukan/Gaji= 3x Angsuran.
*Bisa di bantu Rumah Kontrak dan BI checking bermasalah dengan TDP 30%* (S&K Berlaku)
.
Kunjungi kami di
OLXmobbi Bekasi
Jl. Jend. Sudirman No.1, Kranji, Kec. Bekasi Bar., Kota Bks, Jawa Barat KODE POS 38254
.
Rudi Hartono - Sales Advisor
OLXmobbi
Ahlinya Mobil Bekas Berkualitas",Honda,Lainnya,,Lainnya,65.000-70.000,303000000.0
948198576,MAZDA CX5 2.5 GT 2014,"MAZDA CX5 2.5 GT 2014

Spesifikasi Kendaraan :
-Tangan Pertama
-Transmisi Matic
-Warna Abu-Abu 
-KM 75.000
-Pajak 4.2027
-Nopol B Genap
-2 Baris
. 
*Harga Cash : 170 Juta
*Harga Kredit : 160 Juta
. 
TDP 25 Juta
3th Angsuran 5.900.000
4th Angsuran 4.760.000
5th Angsuran 4.090.000
(Tdp dan Angsuran bisa naik menyesuaikan keinginan anda) 
. 
Istana Jaya Motor Menjamin :
*Mobil tidak bekas banjir dan tabrak
*Mobil kilometer asli dan surat SAH
.
Mendapatkan Keuntungan :
*Garansi Mesin dan Transmisi 1 Tahun 
*Layanan Call Center Darurat Selama 1 Tahun
*Free Towing Darurat 24 Jam
*Free Jumper Aki
*Free BBM Darurat
*Free Layanan Penggantian Ban Serep
*Free Barcode BBM Pertamina
*Free Spin Wheel
. 
Menerima Jual / Beli / Tukar tambah
Agar FAST RESPON boleh via tlp & whatsapp
. 
ISTANA JAYA MOTOR
Buka Setiap Hari , Alamat :
•BEZ Auto Blok A 35-37, Gading Serpong
•IJM Garage, Gading Serpong
•Bursa Mobil Poin, PIK 2
.
Sosial Media :
•Tiktok : Thalia.istanajayamotor
•Instagram : Thalia.istanajayamotor",Mazda,Lainnya,,Lainnya,70.000-75.000,160000000.0
947895077,[Km 800Perak] Mercedes-Benz E300 AMG 2025 Mercy reg 2026,"Mercedes-Benz E300 AMG NIK 2025 

Nopol B
Pajak 09-2026
Kilometer 800Perak Asli
WARRANTY ATPM 5th

Jaminan tidak bekas tabrakan & banjir
Jaminan surat2 aman
Ready gencek di dealer resmi


OTR Kredit 1.450 Milyar
Cash 1.550 Milyar Nego",Mercedes-Benz,Lainnya,,Lainnya,0-5.000,1450000000.0
948091419,Mercedes Benz Mercy E400 E 400 AMG Plus W212 Facelift 2016,"Mercedes Benz E400 AMG Plus W212 Facelift 2016

NIK 2015, Faktur 2016
LOW Odo 39rb Miles / 62rb KM
AMG Plus
White on Black (Favorite Colour)
Pajak 09-26
Kunci Double
Buku Komplit
Surat Lengkap
Full Original

Spec :
Glass Top with PANORAMIC SUNROOF
3.0L Twin-Turbo V6 Engine
RSE ( Rear Seat Entertainment )
Ventilated Seat
AMG Package Bodykit
AMG Plus Velg R19
AMG Ducktail
AMG Steering Wheel
Power Back Door
Dual Muffler with Trapesium Tip
Front & Rear Park Sensor
Start / Stop Engine Button + Keyless Entry
Harman Kardon Sound System
Ambient Light
Paddle Shift + Manual Mode
Comfort & Sport Riding Mode
Electric Mirror & Auto Retract
Electric Seat + Memory Seat
Electric Tilt & Telescopic Steering Wheel
Rear Electric Curtain
Left & Right Rear Window Curtain
Dual Front Climate Control",Mercedes-Benz,Lainnya,,Lainnya,35.000-40.000,338000000.0
948198555,[BERGARANSI] TOYOTA INNOVA ZENIX Q HYBRID TSS MODELISTA THN 2023/2024,"B (genap) HOB

Toyota Zenix Q hybrid modelista RSE Th 2024 ( nik 2023 )
Kilometer  : 57 rb ( rec & warranty toyota )
Warna       : Hitam
Pajak         : 01 2027
• Tangan ke 1 an peroangan
• Warranty toyota aktif sd / 2031 
• Pemakaian & registrasi 2024 

Open cash : Rp.xxx Chat/Tlpon segera negotiable 

Kredit 440jt (paket 5 th)

Paket A
Tdp : 37jt
Ang : 11.225.000x59 (5 thn)

Tdp : 53jt
Ang : 9.877.000x59 (5 thn)

Paket B 
Tdp : 80jt
Ang : 10.834.000x47 (4 thn)

Tdp : 80jt
Ang : 9.275.000x59 (5 thn)

Paket C
Tdp : 160,7jt
Ang : 8.750.000x47 (4 thn)

Tdp : 162,2jt
Ang : 7.490.000x59 (5 thn)

————————————
CASH/KREDIT/TUKAR TAMBAH!

TDP BISA DI RUBAH DAN MENYESUAIKAN!

PROSES KREDIT CEPAT, SYARAT MUDAH & DI BANTU SAMPAI APPROVE!
* INSTAN APPROVAL
* RUMAH SEWA & SEMUA PROFESI BISA DI PROSES
* COVER AREA SE-INDONESIA
* TENOR S/D 6 TAHUN

GARANSI MESIN DAN TRANSMISI 1 S/D 2 TAHUN (KHUSUS KREDIT) syarat dan ketentuan berlaku.

LULUS INSPEKSI BY OTOSPEKTOR!

GRATIS LAYANAN BANTUAN DARURAT 24 JAM DI SELURUH INDONESIA!
HOT LINE 24 JAM
•JUMPER AKI MOBIL
•TOWING/DEREK DARURAT
•BANTUAN PENGISIAN BAHAN BAKAR (FREE 5 LITER)
•PEMBUKAAN PINTU MOBIL
•PENGGANTIAN BAN SEREP
•PEMERIKSAAN DI TEMPAT
•PENGURUSAN CLAIM ASURANSI
•WARRANTY MESIN, TRANSMISI, & ECU
#SYARAT & KETENTUAN BERLAKU

Kondisi kendaraan:
Untuk kenyamanan dan keamanan berkendara anda, semua kendaraan yang kami jual merupakan kendaraan siap pakai sudah melalui proses pemeriksaan team quality control kami.
Banyak pilihan kendaraan lainnya di showroom kami yang tentunya siap pakai.

INFO LEBIH LANJUT HUBUNGI NO WHATSAPP!",Toyota,Lainnya,,Lainnya,50.000-55.000,440000000.0
948198505,[ GARANSI 5THN LOW KM 26RB ] Toyota Fortuner 2.7 SRZ GR 2021/2022/2023,"BELI MOBIL TANPA KHAWATIR BERGARANSI 5 TAHUN!

Toyota Fortuner 2.7 SRZ GR Sport 4x2 Bensin AT Putih NIK 2022, PAJAK BULAN 9 (2026), ODOMETER VERY LOW 26RB KM
-
Focus Motor Belanja Mobil 26 Tahun Membangun Kepercayaan.
Nikmati standar baru kepemilikan mobil bekas dengan garansi komprehensif hingga 5 TAHUN untuk 155 KOMPONEN. BERSERTIFIKAT, BERPOLIS, dan didukung layanan CUSTOMER SERVICE PERSONAL untuk pengalaman berkendara yang aman dan tanpa khawatir.

Belanja Mobil bukan hanya menjual mobil bekas. Kami jual mobil bekas dengan RASA AMAN seperti mobil baru.

5 BELANJA MOBIL PROMISE :
1. Mobil Terinspeksi 155 titik
2. TERGARANSI 5 tahun
3. Harga Transparan
4. Jaminan Trade-in/Buyback
5. After Sales yg baik (Mempunyai Customer Service Personal)

-UNIT 100% BEBAS TABRAK DAN BEBAS BANJIR (garansi uang kembali)
-Dokumen ABSAH
-BONUS! Free Detailing (pembersihan) 2x (1 tahun)
-
OTR KREDIT 430JT
OTR CASH BY CALL

DP Minim
Dp 71jt
Angs 13,059,000 x47 tlo

Dp 63jt
Angs 11,517,000 x59 tlo

Bunga Premium
Dp 82jt
Angs 12,261,000 x47 tlo

Dp 74jt
Angs 10,747,000 x59 tlo

UNTUK REQUEST DP & SIMULASI KREDIT LAIN SILAKAN HUBUNGI KAMI

Harga kredit tertera adalah harga minimal kredit dengan tenor 4 & 5 tahun, diluar itu mengikuti harga Cash (karena kami mensubsidi refund bunga kepada anda)
-
Spesifikasi :
* Subwoofer Boschman
* Engine 2.7 Bensin Dual VVT-i Automatic
* Drive Mode : ECO, Normal, Sport
* Keyless Start Stop Engine
* Electric & Retractable Mirror
* AC Digital Dual Zone With Blower
* Audio Steering Switch, Paddle Shift
* AC Digital Dual Zone
* TV Roof Multimedia
* Toyota Headunit LCD Touchscreen With Apple Carplay & Android Auto
* Electric Leather Seat
* LED Projector Headlamp With DRL, Foglamp
* LED Stop Lamp
* SRS Airbags, ABS, EBD, BA, VSC, HSA, COMPLETE SAFETY CAR
* 360 View Parking Camera, Parking Sensor
* Power Back Door With Kick Sensor
* Front Rear Bumper Guard, Fortuner List Lamp
* Kaca Film 3M
* Buku Manual + Service, Kunci Cadangan Tersedia


LOKASI : Focus Motor Bintaro, Bursa Otomotif Bintaro, Tangerang Selatan (INE) (BNT)",Toyota,Lainnya,,Lainnya,25.000-30.000,430000000.0
945577338,Honda CRV Prestige 2019,"Jual cepat 1 (satu) unit Honda CRV Prestige 2019 warna hitam mutiara. Tidak ada bekas banjir atau tabrakan, orisinil. Pajak Ags 2026. Tks",Honda,Lainnya,,Lainnya,105.000-110.000,290000000.0
948198367,Toyota Yaris 1.5 AT 2012 Bensin,"Jual cepat! 
Toyota Yaris 1.5 E 2012 Matic

An perorangan
Km 87rb
Pajak 3/2026
Surat2 lengkap
Mesin kering, metik aman
Kaki2 senyap
Kunci 2
Garansi mesin & transmisi 1 thn

Dp 15jt angs 2,8jt x 5 thn
Cash 115jt",Toyota,Lainnya,,Lainnya,115.000-120.000,95000000.0
948198271,Honda Jazz 1.5 AT 2013 Bensin,"Honda Jazz 1.5 GE8S A/T 2013 

Nik 2013
Transmisi matik
An pribadi
Pajak trma on 8/2027
Km110rb
Kunci 2
Garansi mesin & transmisi 1 thn

Dp 10jt  angs 3,4jt x 5 thn
Cash 125jt",Honda,Lainnya,,Lainnya,95.000-100.000,108000000.0
948198232,Honda HRV E 2017 Automatic Abu-abu Bulan Metalik,"Permisi gan, ane mau jual Honda HRV E Tahun 2017 Automatic Abu-abu Bulan Metalik terawat. Spesifikasinya :

- Honda HRV E Tahun 2017
- Transmisi Automatic (Masih Bagus)
- Warna Abu-abu Bulan Metalik (Orisinil)
- Pajak Sangat Panjang Sampai Akhir Juni 2027
- Kilometer 90rb (Asli)
- Service Record
- Test Drive Atau Membawa Montir Bengkel resmi are very welcomed
- Dijamin Tidak bekas nabrak atau kebanjiran
- Dokumen-dokumen dijamin lengkap dan asli
- Mobil telah dipoles oleh HANDY DETAILING

Harga : 179 Jt Nego (Cash/Kredit/Tukar tambah)
Handy Autos 
Blok M Square Lantai P5A (Lantai Paling atas), Melawai JakSel

-Harga Berlaku sama NEGO untuk CASHu ataupun Credit (Bukan Jebakan Khusus Paket Kredit DP minim dengan angsuran Plus Provisi Memberatkan atau harga cash yang ternyata jauh lebih tinggi dari harga penawaran)
-Buka Setiap Hari pk.09.30-19.30",Honda,Lainnya,,Lainnya,90.000-95.000,179000000.0
948198219,Mercedes-Benz C-Class 2011 Bensin,"Merek mobil: Mercedes-Benz
Tahun pembuatan: 2011
Model mobil: C-Class
Varian mobil: mobil-bekas-mercedes-benz-c-class-1.8-bensin-at-AT
Jenis bahan bakar mobil: Bensin
Jarak tempuh mobil: 120000
Warna mobil: Hitam
Transmisi mobil: Otomatis
Tipe penjual: Individual",Mercedes-Benz,Lainnya,,Lainnya,115.000-120.000,135000000.0
948198146,KM9RB Mercedes Benz E350 EQ Boost AMG Line Black on Black Pemk 2021 Tg,"Bonus!!
-Free Towing selama 1tahun
-Lulus otospector
-Autofame siap (General Check Up) ke bengkel resmi untuk membuktikan mobil kita berkualitas
Term and Condition
.
KM 9.000 PERAK Mercedes Benz E350 EQ Boost AMG Line Black on Black Pemk 2021 Tgn 1 Dr Br NIK 2020 Akhir

Black On Black, Pemakaian 2021, Pajak Panjang, NIK 2020 Akhir, KM 9.000 PERAK SUPER ANTIK, Tipe Tertinggi E350 EQ Boost AMG Line (Pengganti E300 AMG), Multibeam LED Headlights, New Design Steer, Nappa Leather Seat, Blind Spot Assist, Active Lane Keeping Assist, 295HP, 2.0L M264 Engine 4-Cylinder, Sunroof + Moonroof, Wireless Phone Charging, Triptonic, Wide Screen Cockpit 12.3 Inch, Digital Speedometer, Steering Audio, Trackpad Switch Audio, Kondisi Bersih dan Terawat, Interior Rapih, Wood Panel, Ash Tree Black, Ambient Light, Electric Tilt Steering, Electric Seat With Memory, Lumbar Support Adjustment, Tinggal Pakai.
.
For Cash : Rp 715 Juta
For Credit : Rp 675 Juta
.
3 Tahun
TDP : Rp. 132.092.568 Juta
Angsuran : Rp. 20.616.458 Juta X 35
.
4 Tahun
TDP : Rp 134.688.865 Juta
Angsuran : Rp 16.484.375 Juta X 47
.

Harga Bisa Nego Langsung Di Tempat
.
AUTOFAME MENERIMA
•Menerima Jual Beli dan Tukar Tambah
•Pembayaran bisa dengan (Cash / Kredit)
•Autofame siap (General Check Up) ke bengkel resmi untuk membuktikan mobil kita berkualitas
.
Search google : Autofame
Search waze : Autofame
.
Buka Setiap Hari: 09:00 - 18.00
(Sabtu / Minggu / Tanggal Merah tetap buka yaaa!!)
-QUALITY IS OUR PRIORITY-
.
AUTOFame Cibubur
Kota Wisata Somerset N 8 no. 5
Jalan Transyogie Km.6 Cibubur
.
AUTOFame Mangga dua square)
Bursa otomotif Mangga dua square (BOM's) Lot L18-23
Jalan Gunung Sahari No. 1 Jakarta utara",Mercedes-Benz,Lainnya,,Lainnya,5.000-10.000,675000000.0
947706357,KM.21.RB|TDP 70.JT| INNOVA ZENIX Q HYBRID TSS MODELLISTA 2025 PUTIH.,"INNOVA ZENIX Q HYBRID MODELLISTA TSS 2O25 BEKAS RASA BARU !!

●Kenapa Harus Membeli Mobil ini :

- MOBIL FULL ORIGINAL LUAR+DALAM
(FULL ORI ASLI TANPA CACAT!!NO RE-PAINT)

- KILOMETER 21.RB ASLI 1OO% ANTIK
(JAMINAN UANG KEMBALI FULL BILA TIDAK ASLI)

- WARRANTY TOYOTA ON S.D O8-2O28
(Warranty Battery Hybrid 5 Tahun,Otomatis Extend Jika Rutin Service di Bengkel Resmi)

- TYPE TERTINGGI Q TSS MODELLISTA
(Toyota Safety Sense,Body Kit Full Modellista)

- PAJAK O8-2027 NOPOL B GENAP
(Tangan Pertama dari Baru)

- BUKU SERVICE+MANUAL BOOK+SPARE KEY KOMPLIT.

- 100% BEBAS BANJIR+TABRAK
(GARANSI 100% MONEY BACK WARRANTY)

MOBIL ASLI SEPERTI BARU,DATANG+CEK+BUKTIKAN

● Mobil Bekas Bergaransi Hanya disini

● Harga Spesial Khusus Kredit Paket 4+5 Tahun :

•OTR Rp.498.OOO.OOO,-

● Diluar Dp Paket/Dp Besar/Tenor Pendek : Harga OTR Menyesuaikan.

● Harga Cash Berbeda : By Call Only.

● Paket Kredit Via BCA Finance

•TDP. Rp.7O.OOO.OOO,-NEGO WAJAR

•Angsuran Rp.12.666.6OO x 47 bulan

•Angsuran Rp.10.832.4OO x 59 bulan

Asuransi TLO

FREE LAYANAN ERA EMERGENCY 1 TAHUN

●Harga Cash : Nego Ditempat Sampai Deal Juragan

●Harga Masih Bisa Nego Setelah Lihat Unit di Showroom Kami

●Disarankan Datang,Nego Sampai Deal,Bonus Ngopi Gratis Juragan/Bosku

●BELI MOBIL BEKAS BERKWALITAS DISINI

●Semua Mobil Kita Bergaransi Money Back Warranty :

• Mobil Bukan Ex-Tabrak/Banjir

• Bukan Bekas Rental/Lelang

• Surat-surat Asli Tidak Bermasalah

• Odometer 100% ASLI

●Spesifikasi Kendaraan :

• Warna Putih Mutiara

• Panoramic Sunroof

• AC Nanoe-G

• Body Full Original Paint

• Toyota Safety Sense 3.0

• 9 SRS Air Bag

• Jok Captain Seat Full Electric Baris Ke-2

• Interior Full Seperti Baru

• Velg R18 Original
(ORIGINAL Q Hybrid)

• Spion Electric Mirror & Retractable

• Ambient Light Interior

• Projector Head Lamp With LED 4 Titik

• Speedometer Full TFT With Mid

• Start-Stop Engine Push Buton

• Keyless

• Parking Sensor Depan + Belakang

• Interior Full Original

• Jok Original Black Leather Seat
(ORIGINAL TOYOTA)

• Transmisi Automatic Smooth

• AC Dingin Ga Pake Alasan Ini Itu

• Ban Kondisi 85% Seperti Baru
(BAN SEREP BELUM TURUN BOS)

• Mesin 2.OL Hybrid Irit & Powerfull

• Irit BBM 1 : 17 KM / Liter

• Pajak Bulan O8-2027 Nopol B Genap

• Mobil Fresh Tidak ada Masalah

• Barang Istimewa Terawat

• Ready to use

• Transmisi Garansi Tidak Ada Masalah
(Full Warranty Toyota)

• Interior Full Original

• Mesin Kering No Rembes
(Full Warranty Toyota)

• Exterior Mulus Abis

• Lihat Pasti Jatuh Cinta

●Silahkan Hubungi :

Wawan

Call/WA 24 Jam

●Kalau Telvon Tidak Terangkat,Boleh WA Ya Juragan,Kadang Sedang dijalan,Jangan Inbox Via OLX Ya Gan,WA atau Telvon langsung aja Gan,Konsultasi Bebas Sekalian Nambah Temen

""KING'S AUTO SUMARECON SERPONG""

Bursa Mobil Sumarecon Serpong Blok F3+F5 Gading Serpong Tangerang

(Sebrang Rs.Bethsaida Gading Serpong Tangerang)

Terimakasih OLX",Toyota,Lainnya,,Lainnya,20.000-25.000,498000000.0
947935431,DP RENDAH - Mazda CX-5 2.5 Touring Bensin-AT 2018,".
DP RENDAH - Mazda CX-5 2.5 Touring Bensin-AT 2018 Hitam 
.
Harga Cash : Hubungi Saya / Chat Me 
Harga Credit : Rp.  264,000,000 ,-
TDP :  29,000,000
Angsuran 4 Tahun : Rp. 8,100,000 ,-
Angsuran 5 Tahun silahkan hubungi untuk informasi lebih lanjut
.
Beli Mobil Terus Untung!!
Beli mobil dan dapatkan bonus saldo digital hingga Rp1.500.000!
*S&K berlaku
.
Keunggulan Unit
1. Pajak : May 2026
2. Odometer : 60.xxx 
3. Like New
4. Tangan Pertama
5. Atas nama  : Perorangan
6. Plat Ganjil
.
GRATIS HOME TEST DRIVE
.
Pembayaran Booking Fee / Pelunasan hanya melalui no rekening 2061/888/995 - BCA - an SERASI MITRA MOBIL PT

TDP promo hanya Berlaku jika:
- BI checking Bersih (tidak pernah ada keterlambatan pembayaran)
- Rumah Milik Pribadi
- Pemasukan/Gaji= 3x Angsuran.
*Bisa di bantu Rumah Kontrak dan BI checking bermasalah dengan TDP 30%* (S&K Berlaku)
.
Kunjungi kami di
OLXmobbi Bekasi
Jl. Jend. Sudirman No.1, Kranji, Kec. Bekasi Bar., Kota Bks, Jawa Barat KODE POS 13336
.
Rudi Hartono - Sales Advisor
OLXmobbi
Ahlinya Mobil Bekas Berkualitas",Mazda,Lainnya,,Lainnya,60.000-65.000,264000000.0
947577833,Mitsubishi Pajero Sport 2021 Diesel,"Merek mobil: Mitsubishi
Tahun pembuatan: 2021
Model mobil: Pajero Sport
Varian mobil: 2.4 Dakar 4x2 Ultimate Solar-AT
Jenis bahan bakar mobil: Diesel
Jarak tempuh mobil: 30000
Warna mobil: Hitam
Transmisi mobil: Otomatis
Tipe penjual: Individual 
Atas nama sendiri
Pajak baru bayar juli 2026
Power back door
Rawatan bengkel resmi
Bonus sound sietem venom",Mitsubishi,Lainnya,,Lainnya,25.000-30.000,415000000.0
947935475,Pajak Panjang - Honda HR-V 1.5 E Bensin-AT 2022,".
Pajak Panjang - Honda HR-V 1.5 E Bensin-AT 2022 Hitam 
.
Harga Cash : Hubungi Saya / Chat Me 
Harga Credit : Rp.  286,000,000 ,-
TDP :  32,000,000
Angsuran 4 Tahun : Rp. 8,700,000 ,-
Angsuran 5 Tahun silahkan hubungi untuk informasi lebih lanjut
.
Beli Mobil Terus Untung!!
Beli mobil dan dapatkan bonus saldo digital hingga Rp1.500.000!
*S&K berlaku
.
Keunggulan Unit
1. Pajak : November 2025
2. Odometer : 27.xxx 
3. Like New
4. Tangan Pertama
5. Atas nama  : Perorangan
6. Plat Genap
.
GRATIS HOME TEST DRIVE
.
Pembayaran Booking Fee / Pelunasan hanya melalui no rekening 2061/888/995 - BCA - an SERASI MITRA MOBIL PT

TDP promo hanya Berlaku jika:
- BI checking Bersih (tidak pernah ada keterlambatan pembayaran)
- Rumah Milik Pribadi
- Pemasukan/Gaji= 3x Angsuran.
*Bisa di bantu Rumah Kontrak dan BI checking bermasalah dengan TDP 30%* (S&K Berlaku)
.
Kunjungi kami di
OLXmobbi Bekasi
Jl. Jend. Sudirman No.1, Kranji, Kec. Bekasi Bar., Kota Bks, Jawa Barat KODE POS 69237
.
Rudi Hartono - Sales Advisor
OLXmobbi
Ahlinya Mobil Bekas Berkualitas",Honda,Lainnya,,Lainnya,25.000-30.000,286000000.0
948108522,Mitsubishi xpander sport 1.5 manual promo menarik TDP 10% 2019,"*harga iklan harga kredit untuk *dp minim dan tenor 4th&5th 6th
*bukan harga cash 
*untuk pembelian cash bonus garansi 1th trasmisi matic dan mesin 

*promo harga otr 187jt  pakai bunga 0% tenor 1tahun TDP 60% 
*promo harga kredit 1&3 tahun 177jt 

*harga kusus kredit  : 167jt 
* bisa kami bantu dengan total TDP 10%
* dapat kan garansi matic selama 1th 
*harga cash : silahkan di wa 

*Mitsubishi xpander sport manual 2019
*warna unit : merah
*KM 108rb : servis reccod Mitsubishi 
*bahan bakar : bensin 
*pajak : hidup bln 6/27
*nopol : genap

*tersedia dp minim (BI checking *aman, S&K beralaku 
*tersedia bunga 0% kusus tenor 1th
*data untuk kredit di bantu sampe approve 

*kondisi unit : 

*mesin kering  dan sehat 
*servis reccod 
*Ac sangat dingin 
*kaki kaki di jamin bagus 
*jaminan tidak bekas nabrak/banjir 
*surat"" lengkap dan di percaya 100% 
*tangan pertama dari baru 
*proses kredit kami akan bantu 
*siap untuk genaral check up dibengkel resmi 

*kunjungi : shwrom kami wtc mangga dua hoqimobilindo LT9 BLOK D6 WA 0813 sepuluh lima  puluh 2121*",Mitsubishi,Lainnya,,Lainnya,95.000-100.000,167000000.0
947920226,Tdp 49jt Odo 12rb/thn LandCruiser LC200 VXR 200 2020 / 2019 LC 200,"Paket Flexing Tdp 49jt & Angs 39,475jt Tenor 5th
Toyota LandCruiser VXR 200 LowOdo 86rb Pajak On
Siap General Check Bengkel Resmi

please welcome 
*TOYOTA LAND CRUISER VXR200 4X4*

*Nik 2019*
Attitude Black Mica
Engine 4.500 CC V8 Turbo Diesel
ODO 86.XXX KM 
Tax Februari

*Additional Information:*
- Electric & Memory Seat
- Premium Leather Seat
- 4 Zone Automatic Climate Control
- Touchscreen Infotainment System
- Dual Rear Entertainment System
- Cool Box
- Heated & Ventilated Seat
- Air Suspension
- Comfort, Eco, Normal, Sport S, Sport S+ (Driving Mode)

*Harga Kredit 1.565 M*
*Harga Cash 1.645 M*

Kredit Special Promo
Paket Flexing
Tdp 49 juta
Angsuran 39,475jt
Tenor 5 th

For Unit Information / Instant Approval Test Drive Hari Ini Besok Delivery
Contact : Steve 0878/1112/2010

*GARANSI Uang Kembali 1000%*
Mobil Lulus inspeksi @otospector
Mobil Bebas Banjir & Bebas Major Accident
Record mobil sesuai odometer
Dokumen mobil asli keabsahannya

Cek variasi stok unit di instagram
@chrisauto_garage
@chrisauto_official

Chris Auto Garage | CAG
Bursa Otomotif Sunter 
Blok D2-D3 | Blok C1A- 1B
(Masuk Pintu 5 Lurus Paling Ujung) 
Jl. Yos Sudarso Kav 87-88
Jakarta Utara
(Search Google Map -> Ketik Chris Auto Garage) 

Operational Hour
( Minggu / Tanggal Merah TETAP BUKA )
Senin - Sabtu 08.00 - 17.30
Minggu 10.00 - 16.00
Diluar jam operasional tetap kami layani by appointment",Toyota,Lainnya,,Lainnya,85.000-90.000,1565000000.0
947935467,DP RENDAH - Honda Brio Satya 1.2 E Bensin-AT 2025,".
DP RENDAH - Honda Brio Satya 1.2 E Bensin-AT 2025 Putih 
.
Harga Cash : Hubungi Saya / Chat Me 
Harga Credit : Rp.  193,000,000 ,-
TDP :  20,000,000
Angsuran 4 Tahun : Rp. 6,000,000 ,-
Angsuran 5 Tahun silahkan hubungi untuk informasi lebih lanjut
.
Beli Mobil Terus Untung!!
Beli mobil dan dapatkan bonus saldo digital hingga Rp1.500.000!
*S&K berlaku
.
Keunggulan Unit
1. Pajak : July 2026
2. Odometer : 9.xxx 
3. Like New
4. Tangan Pertama
5. Atas nama  : Perorangan
6. Plat Genap
.
GRATIS HOME TEST DRIVE
.
Pembayaran Booking Fee / Pelunasan hanya melalui no rekening 2061/888/995 - BCA - an SERASI MITRA MOBIL PT

TDP promo hanya Berlaku jika:
- BI checking Bersih (tidak pernah ada keterlambatan pembayaran)
- Rumah Milik Pribadi
- Pemasukan/Gaji= 3x Angsuran.
*Bisa di bantu Rumah Kontrak dan BI checking bermasalah dengan TDP 30%* (S&K Berlaku)
.
Kunjungi kami di
OLXmobbi Bekasi
Jl. Jend. Sudirman No.1, Kranji, Kec. Bekasi Bar., Kota Bks, Jawa Barat KODE POS 47887
.
Rudi Hartono - Sales Advisor
OLXmobbi
Ahlinya Mobil Bekas Berkualitas",Honda,Lainnya,,Lainnya,5.000-10.000,193000000.0
947899489,DP10% [Km16.000] CX5 AWD Kuro 2024 Grey / CX-5 Reg 2025 #AUTOHIGH,"MAZDA CX-5 AWD KURO EDITION 2024 NEW PROFILE GREY ON BLACK
Km.16.000 Antik!! , Stnk Bulan 11 ( NIK.2024 )
- Monitor Screen Audio
- Rear Camera
- GPS Indonesia
- Audio BOSE
- Engine Start
- Keyless Entry
- Sunroof
- ⁠Engine 2.500cc Turbo with AWD ( 4X4 )
- Speedometer HUD
- Bagasi Power Back Doors
- Warranty ATPM Mazda

OTR KREDIT : 460JT
OTR CASH : 495JT

Harga Negosiasi Setelah Datang Lihat Unit di Showroom Kami

Pembelian via cash / kredit.. Data luar kota bisa bantu proses, Tersedia jg Paket Total DP Ringan, Tenor hingga 6 tahun ( Proses 1 hari kerja saja )

Segera Rekomendasikan Keluarga / Teman / Kerabat Bapak & Ibu semua untuk membeli Mobil di AUTOHIGH dan dapatkan harga & kualitas terbaik dengan cara Share Link Iklan ini, Terima Kasih !!!

///AUTO HIGH BINTARO
** Bursa Mobil Bintaro A1 - A3
Bintaro Sektor 7, Tangerang Selatan
( Exit Tol Pondok Aren, samping Bank Permata Tower dan Dealer BMW Bestindo )

[[ GUNAKAN SELALU FITUR TELEPON & WHATS APP UNTUK KEAMANAN BERKOMUNIKASI, TERIMA KASIH ]]

Buka Setiap Hari : Pukul 9 Pagi s/d 6 Sore
( Sabtu / Minggu / Hari Libur Tetap Buka )

More Info, Please Call / SMS / Whats App : Pukul 8 Pagi s/d 11 Malam ( Setiap Hari )",Mazda,Lainnya,,Lainnya,5.000-10.000,460000000.0
947935453,DP RENDAH - Hyundai Kona 2.0 Bensin-AT 2020,".
DP RENDAH - Hyundai Kona 2.0 Bensin-AT 2020 Merah 
.
Harga Cash : Hubungi Saya / Chat Me 
Harga Credit : Rp.  193,000,000 ,-
TDP :  20,000,000
Angsuran 4 Tahun : Rp. 6,000,000 ,-
Angsuran 5 Tahun silahkan hubungi untuk informasi lebih lanjut
.
Beli Mobil Terus Untung!!
Beli mobil dan dapatkan bonus saldo digital hingga Rp1.500.000!
*S&K berlaku
.
Keunggulan Unit
1. Pajak : March 2027
2. Odometer : 61.xxx 
3. Like New
4. Tangan Pertama
5. Atas nama  : Perorangan
6. Plat Ganjil
.
GRATIS HOME TEST DRIVE
.
Pembayaran Booking Fee / Pelunasan hanya melalui no rekening 2061/888/995 - BCA - an SERASI MITRA MOBIL PT

TDP promo hanya Berlaku jika:
- BI checking Bersih (tidak pernah ada keterlambatan pembayaran)
- Rumah Milik Pribadi
- Pemasukan/Gaji= 3x Angsuran.
*Bisa di bantu Rumah Kontrak dan BI checking bermasalah dengan TDP 30%* (S&K Berlaku)
.
Kunjungi kami di
OLXmobbi Bekasi
Jl. Jend. Sudirman No.1, Kranji, Kec. Bekasi Bar., Kota Bks, Jawa Barat KODE POS 39966
.
Rudi Hartono - Sales Advisor
OLXmobbi
Ahlinya Mobil Bekas Berkualitas",Hyundai,Lainnya,,Lainnya,60.000-65.000,193000000.0
948198142,MERCEDES BENZ C200 AVANTGARDE AT 2016,"MERCEDES BENZ C200 AVANTGARDE AT 2016

Spesifikasi Kendaraan :
Warna : Putih
Tranmisi : Automatic
Nopol : B genap
Kilometer : 33.xxxrb
* interior bersih dan rapih
* Ban kaki-kaki senyap
* Bebas banjir dan bebas tabrak
* AC dingin
* Surat-surat lengkap 
*Siap pakai 
*Harga tertera harga kredit DP minim tenor 4 & 5 tahun
*Harga cash berbeda dengan harga kredit
*Datang langsung dan nego di tempat sampe deal
*Terima cash/credit/trade in

*Free warranty 1tahun
-Mesin
-Transmisi
-Sistem pengereman 
-Sistem bahan bakar

Info lebih lanjut hub:
SHOWROOM ADONAI AUTO
Alamat : WTC MANGGA DUA LANTAI 3A no.32",Mercedes-Benz,Lainnya,,Lainnya,30.000-35.000,309000000.0
948172454,LOW ODO ! BMW X5 F15 xDrive35i xLine N55 2017 / 2018,"BMW X5 F15 xDrive35i
xLine N55 2017 / 2018

NIK 2017 Faktur 2018
Odo 28rb miles
Pajak 01 2027
Plat B Ganjil
BMW Digital Speedometer 
Alpine White on Coffee Brown
Panoramic Sunroof
Tangan Pertama

Spec:
3.0L Inline-6 N55 Engine
Twin-Scroll Turbocharger
ZF8 Transmission
BMW xDrive AWD system
BMW iDrive System
BMW Digital Speedometer
Rear seats entertainment
Panoramic Sunroof
Navigation GPS
Electric leather seats
Power split tailgate
BMW Driving modes
Ventilated fenders

KHUSUS Paket Kredit
DP Rendah:
OTR 435
TDP 119
Angs 11,822,000 (4th)
Angs 10,004,000 (5th)
Asuransi Kombinasi 

KHUSUS Paket Kredit
Bunga 0% (Limited offer)
TDP 329
Angs 16,167,000 (1th)
Asuransi TLO

*Bonus*:
1. Free Premium detailing interior exterior dan mesin.
2. Free fogging anti bacterial n virus.
3. Garansi mesin dan transmisi 1th by Otospector
4. ⁠Emergency Towing coverage.
5. ⁠Free Jasa Service seumur hidup.
6. Garansi sertifikat lulus Inspeksi by Otospector.

Promo Special:
1. *PROMO BUNGA 0%*
2. *PROMO BUNGA RENDAH BCAF*
3. *PROMO TDP RENDAH*

Cash 485

Lokasi: Garasi Bloko",BMW,Lainnya,,Lainnya,25.000-30.000,435000000.0
945285354,HYBRID PAJAK MARET 2027 KM 5K Genap BUNGA 4% Alphard Hybrid 2025 2024,"KHUSUS yang ingin barang BAGUS
KHUSUS yang ingin bunga MURAH dan BISA BERHITUNG
KHUSUS untuk orang yang tidak terpukau dengan HARGA MURAH tapi Angsuran lebih MAHAL daripada HITUNGAN KAMI.
.
Lulus Inspeksi Dan Sertifikasi OTOSPECTOR, Mobil bebas Tabrakan dan Banjir.
.
Harga khusus Tunai Rp 1,415,000,000 
Harga khusus kredit Rp 1,299,000,000 
*
Paket kredit dp mumer dan bunga murah 
.
Total pembayaran pertama Rp 290,000,000  
Angsuran 23 bulan rp 55,500,000 BUNGA HANYA 4.25%
.
Total pembayaran pertama Rp 270,000,000  
Angsuran 35 bulan rp 38,888,888 BUNGA HANYA 4.25%
.
Total pembayaran pertama Rp 255,000,000  
Angsuran 47 bulan rp 31,100,000 BUNGA HANYA 4.75%
.
Total pembayaran pertama rp 245,000,000  
Angsuran 59 bulan rp 26,600,000 BUNGA HANYA 5.25%
.
TDP sudah termasuk :
- Down Payment
- angsuran 1
- administrasi
- Asuransi 1 Tahun ALL RISK
- asuransi tahun selanjutnya TLO ( Total Lost Only )
- PROVISI HANYA 1%
-
Yuk mari berhitung, kenapa harus beli mobil di PASKAH Mobil, karena kami MENGEMBALIKAN CASH BACK semua yang di berikan leasing KEPADA ANDA, terima kasih
.	 
Harga tersebut masih bisa di Negosiasi Hanya Setelah Datang Lihat Unit di Showroom Kami..
*
Keterangan Unit Kendaraan :
.
The All New Toyota Alphard Hybrid
Engine 2.500cc Hybrid
EV MODE
Tahun Pembuatan / NIK 2024
Faktur 2025
STNK, BPKB, FAKTUR Tangan Pertama Dari Baru Atas Nama PERUSAHAAN 
*
Nomor Polisi B 2584 SMN / Genap
Pajak 18 MARET 2027
Nilai pajak yang terbayar Rp 22.817.000
*
KM 5rb Service record
WARRANTY PART 28 Januari 2028
Masih ada Free Service 
.
Spec Eksterior :
Adaptive High beam system
LED Head lights and tail lights
Blind spot Monitoring
Park Assist / Sensor Parking
Camera 360
Power Back door
Original Toyota Alphard Hybrid wheels R19
Tires by Michellin
.
Spec Interior :
Double Sunroof
Massage Seats for passenger
JBL Audio
Adaptive cruise control
Parking support brake
14 inch Touch Centre Display
Rear Multi operational panel
Drive Mode : Normal, Sport, Eco,
Key less Start / Stop Engine
Multifunction Steering wheels with paddle shift
Cruise Control
Electric and tilt steering
Electric Sun Shade
Ambient illumination
4 cooler / heater seat
2 personal remote
.
etc, Standart Toyota All New Alphard Hybrid 2025 NIK 2024
.
Outlet : 
Paskah Mobil Mangga Dua Square 
Jl. Gunung sahari raya no 1 
Mangga Dua Square 
Lantai LG Lot M15-16 
Jakarta Utara 
.
ingin melihat stock mobil kami yang lain. silahkan klik VIEW PROFILE di akhir DISKRIPSI ini.
Tolong di favoritkan dan di follow ya teman2...
.
Terima Tukar Tambah Dan Berani Beli Mobil Yang Berkwalitas Istimewa
*
Terima Titip Jual beli Mobil. dengan surat surat Lengkap
.
SALAM 
PASKAH MOBIL",Toyota,Lainnya,,Lainnya,0-5.000,1299000000.0
948198132,Mitsubishi Outlander Sport 2015 Bensin,"Jual Cepat!
Mitsubishi Outlander Sport 2.0 A/T PX Panoramic

Nik 2015
An pribadi dr baru
Pajak aktif 10-2026
Km 96b
Buku servis, manual kunci 2
Garansi mesin & transmisi 1 thn

Dp 15jt Angs 3,8jt x 5 thn
Cash 148jt",Mitsubishi,Lainnya,,Lainnya,85.000-90.000,128000000.0
948198121,[BERGARANSI] HYUNDAI IONIQ 5 SIGNATURE LONG RANGE BLUELINK 2023/2024,"B (genap) BNQ

HYUNDAI IONIQ 5 SIGNATURE (Listrik) Long Range (BLUELINK) Th 2024 ( Nik 2023 )
Kilometer  : 37 rb ( record Hyundai)
Warna        : Gravity Gold Matte
Pajak aktif : 01 - 2027
• portable charger 
• Warranty 8 th , s/d 2032
• An Perorangan / Tgn Ke -1

Open cash : Rp.xxx Chat/Tlpon segera negotiable 

Kredit 425 jt ( PAKET 5 TH CIMB )

Tdp : 111jt
Ang : 10.541.000x47 (4 thn)

Tdp : 111jt
Ang : 8.894.000x59 (5 thn)

————————————
CASH/KREDIT/TUKAR TAMBAH!

TDP BISA DI RUBAH DAN MENYESUAIKAN!

PROSES KREDIT CEPAT, SYARAT MUDAH & DI BANTU SAMPAI APPROVE!
* INSTAN APPROVAL
* RUMAH SEWA & SEMUA PROFESI BISA DI PROSES
* COVER AREA SE-INDONESIA
* TENOR S/D 6 TAHUN

GARANSI MESIN DAN TRANSMISI 1 S/D 2 TAHUN (KHUSUS KREDIT) syarat dan ketentuan berlaku.

LULUS INSPEKSI BY OTOSPEKTOR!

GRATIS LAYANAN BANTUAN DARURAT 24 JAM DI SELURUH INDONESIA!
HOT LINE 24 JAM
•JUMPER AKI MOBIL
•TOWING/DEREK DARURAT
•BANTUAN PENGISIAN BAHAN BAKAR (FREE 5 LITER)
•PEMBUKAAN PINTU MOBIL
•PENGGANTIAN BAN SEREP
•PEMERIKSAAN DI TEMPAT
•PENGURUSAN CLAIM ASURANSI
•WARRANTY MESIN, TRANSMISI, & ECU
#SYARAT & KETENTUAN BERLAKU

Kondisi kendaraan:
Untuk kenyamanan dan keamanan berkendara anda, semua kendaraan yang kami jual merupakan kendaraan siap pakai sudah melalui proses pemeriksaan team quality control kami.
Banyak pilihan kendaraan lainnya di showroom kami yang tentunya siap pakai.

INFO LEBIH LANJUT HUBUNGI NO WHATSAPP!",Hyundai,Lainnya,,Lainnya,35.000-40.000,425000000.0
948198089,NISSAN MARCH 1.2 MT 2011,"NISSAN MARCH 1.2 MT 2011

Spesifikasi Kendaraan :
-Transmisi Matic
-Warna Putih
-KM 109.000
-Pajak 1-2027
-Nopol B Ganjil
-2 Baris
. 
*Harga Cash : 70 Juta
*Harga Kredit : 65 Juta
. 
TDP 15 Juta
3th Angsuran 2.628.000
4th Angsuran 2.155.000
5th Angsuran 1.890.000
(Tdp dan Angsuran bisa naik menyesuaikan keinginan anda) 
.
Istana Jaya Motor Menjamin :
*Mobil tidak bekas banjir dan tabrak
*Mobil kilometer asli dan surat SAH
.
Mendapatkan Keuntungan :
*Garansi Mesin dan Transmisi 1 Tahun 
*Layanan Call Center Darurat Selama 1 Tahun
*Free Towing Darurat 24 Jam
*Free Jumper Aki
*Free BBM Darurat
*Free Layanan Penggantian Ban Serep
*Free Barcode BBM Pertamina
*Free Spin Wheel
. 
Menerima Jual / Beli / Tukar tambah
Agar FAST RESPON boleh via tlp & whatsapp
. 
ISTANA JAYA MOTOR
Buka Setiap Hari , Alamat :
•BEZ Auto Blok A 35-37, Gading Serpong
•IJM Garage, Gading Serpong
•Bursa Mobil Poin, PIK 2
.
Sosial Media :
•Tiktok : Thalia.istanajayamotor
•Instagram : Thalia.istanajayamotor",Nissan,Lainnya,,Lainnya,105.000-110.000,65000000.0
946761872,HYBRID Genap BUNGA 4% PAJAK MARET 2027 KM 5K Alphard Hybrid 2025 2024,"KHUSUS yang ingin barang BAGUS
KHUSUS yang ingin bunga MURAH dan BISA BERHITUNG
KHUSUS untuk orang yang tidak terpukau dengan HARGA MURAH tapi Angsuran lebih MAHAL daripada HITUNGAN KAMI.
.
Lulus Inspeksi Dan Sertifikasi OTOSPECTOR, Mobil bebas Tabrakan dan Banjir.
.
Harga khusus Tunai Rp 1,415,000,000 
Harga khusus kredit Rp 1,299,000,000 
*
Paket kredit dp mumer dan bunga murah 
.
Total pembayaran pertama Rp 290,000,000  
Angsuran 23 bulan rp 55,500,000 BUNGA HANYA 4.25%
.
Total pembayaran pertama Rp 270,000,000  
Angsuran 35 bulan rp 38,888,888 BUNGA HANYA 4.25%
.
Total pembayaran pertama Rp 255,000,000  
Angsuran 47 bulan rp 31,100,000 BUNGA HANYA 4.75%
.
Total pembayaran pertama rp 245,000,000  
Angsuran 59 bulan rp 26,600,000 BUNGA HANYA 5.25%
.
TDP sudah termasuk :
- Down Payment
- angsuran 1
- administrasi
- Asuransi 1 Tahun ALL RISK
- asuransi tahun selanjutnya TLO ( Total Lost Only )
- PROVISI HANYA 1%
-
Yuk mari berhitung, kenapa harus beli mobil di PASKAH Mobil, karena kami MENGEMBALIKAN CASH BACK semua yang di berikan leasing KEPADA ANDA, terima kasih
.	 
Harga tersebut masih bisa di Negosiasi Hanya Setelah Datang Lihat Unit di Showroom Kami..
*
Keterangan Unit Kendaraan :
.
The All New Toyota Alphard Hybrid
Engine 2.500cc Hybrid
EV MODE
Tahun Pembuatan / NIK 2024
Faktur 2025
STNK, BPKB, FAKTUR Tangan Pertama Dari Baru Atas Nama PERUSAHAAN 
*
Nomor Polisi B 2584 SMN / Genap
Pajak 18 MARET 2027
Nilai pajak yang terbayar Rp 22.817.000
*
KM 5rb Service record
WARRANTY PART 28 Januari 2028
Masih ada Free Service 
.
Spec Eksterior :
Adaptive High beam system
LED Head lights and tail lights
Blind spot Monitoring
Park Assist / Sensor Parking
Camera 360
Power Back door
Original Toyota Alphard Hybrid wheels R19
Tires by Michellin
.
Spec Interior :
Double Sunroof
Massage Seats for passenger
JBL Audio
Adaptive cruise control
Parking support brake
14 inch Touch Centre Display
Rear Multi operational panel
Drive Mode : Normal, Sport, Eco,
Key less Start / Stop Engine
Multifunction Steering wheels with paddle shift
Cruise Control
Electric and tilt steering
Electric Sun Shade
Ambient illumination
4 cooler / heater seat
2 personal remote
.
etc, Standart Toyota All New Alphard Hybrid 2025 NIK 2024
.
Outlet : 
Paskah Mobil Mangga Dua Square 
Jl. Gunung sahari raya no 1 
Mangga Dua Square 
Lantai LG Lot M15-16 
Jakarta Utara 
.
ingin melihat stock mobil kami yang lain. silahkan klik VIEW PROFILE di akhir DISKRIPSI ini.
Tolong di favoritkan dan di follow ya teman2...
.
Terima Tukar Tambah Dan Berani Beli Mobil Yang Berkwalitas Istimewa
*
Terima Titip Jual beli Mobil. dengan surat surat Lengkap
.
SALAM 
PASKAH MOBIL",Toyota,Lainnya,,Lainnya,0-5.000,1299000000.0
948197994,Toyota Alphard 2014 Bensin,"Jual cepat!
Toyota Alphard 2.4 x atpm 2014

An pribadi
Pajak on 12/2026
Km 100rb
Surat2 lengkap
Buku servis, manual ada
Bebas laka banjir
Garansi mesin & transmisi 1 thn

Dp 10jt Angs 4,7x 5 thn
Cash 175jt",Toyota,Lainnya,,Lainnya,95.000-100.000,164000000.0
948197798,Toyota Vellfire Z Premium Sound 2012,"Toyota Vellfire 2.4 Z Premium Sound 2012

An pribadi 
Panoramic sunroof
Jok pilot seat
Pajak on 4/2027
Km 116rb
Surat2 lengkap
Buku servis, manual
Kunci 2

Kredit Dp 15jt
Angsuran 4,8jt x 5 thn
Cash 185jt",Toyota,Lainnya,,Lainnya,105.000-110.000,174000000.0
947477460,Jaguar XK8 4.0 V8 1998 black hitam jaguar xk 1997/1999 Full Original,"Jaguar XK8 4.0 V8 1998
Black on Beige
NIK 1998
KM 41Rb
Pajak 06/2026
Great Condition
Full Document
Original Manual Book
Features:
•⁠  ⁠4.0L V8 Engine
•⁠  ⁠Automatic Transmission
•⁠  ⁠Electric Seat
•⁠  ⁠Digital Climate Control
•⁠  ⁠Harman Kardon Premium Sound
Full Original
Collector Item
Posisi Permata Hijau, Jakarta Selatan
Price 1.025m Cash Nego",Jaguar,Lainnya,,Lainnya,40.000-45.000,1025000000.0
943779325,Honda Mobilio E CVT AT 2017 FullOriginal SepertiBaru Gresss Istimewa,"OTR115JT TDP10JT MOBILIO E CVT AT 2017 FULLORIGINAL SEPERTIBARU GRESSSSSSSS
HONDA MOBILIO 1.5 E CVT AUTOMATIC ALLNEW MODEL ALLNEW ( ABS + DOUBEL AIRBAG+ VELG RACING+ TV DVD USB  ALLNEW + KAMERA MUNDUR + AC DIGITAL + NEW DASBHOARD )
 Th  2017
 Wangi Baru
Super Antik Tdk Ada Duanya 
TIDAK ADA DUANYA SEINDONESIA
 SE INDONESIA
Perfect Condition
Lampu Sen Putih 
New model AUTOMATIC
KM RENDAH  SERVICE RECOD HONDA  RESMI + BUKU SERVIS + KUNCI SEREP LENGKAP
Full orisinil 
AC DOUBEL 
Tipe ALL New HONDA MOBILIO 1.5 E CVT  AUTOMATIC 
AC DOUBEL
KONDISI SEPERTI BARU GRESSSSSSSSS
Abs+  Doubel Airbag 
1500 CC 
ABS + DOUBEL AIRBAG
PALING LENGKAP SEPERTI BARU
FULL VARIASI 
TIDAK ADA DUANYA SE INDONESIA

Harga Cash Super murah =
128   jt
 
Harga KREDIT Super murah = 
115    jt 

TOTAL DP    =    10   JT 

ANGSURAN =       3  ,  1   JTANx59

- 1000 % Full orisinil
- Mulus sekali tanpa cacat sedikit pun
- interior bersih lux masih wangi baru
- KM RENDAH SERVICE RECOD HONDA  RESMI
- BUKU SERVIS LENGKAP
- KUNCI SEREP LENGKAP
- Gressssss Banget
- Wangi Baru  Super Antik TDK ADA DUANYA SE INDONESIA
KONDISI SEPERTI BARU
FULL VARIASI
- NEW MODEL
- FACE LIFT
- kondisi super istimewa 
- tidak ada duanya 
- AUTOMATIC  responsif dan bertenaga 
- AC DOUBEL + DIGITAL 
NEW DASBHOARD ,TV DVD CD mp3 USB Original + KAMERA MUNDUR ORIGINAL , ps , pw , rpm , electric mirror , foglamp ,  velg racing , wiper belakang + Abs Doubel Airbag + Velg Racing
- tipe paling komplit MOBILIO 1.5 E CVT  AUTOMATIC  ALLNEW 
- Nik  2016
- perfect condition
- paling lengkap 
- Stnk Panjang Banget  3 - 2027 ( Enak Makan + Enak Tidur )
- liat dan buktikan sendiri
- barang super istimewa 
- KONDISI SEPERTI BARU 
TIDAK ADA DUANYA SE INDONESIA
( SILAHKAN LIHAT DAN BUKTIKAN )

Wtc mangga dua lantai 11 i 27
( P 11 i 27 ) Di Pojok Ujung Depan Parkir Biliard Ada Tangga Kecil Turun Kebawah
Gunung Sahari Raya Depan Ancol

Hubungi =     O .877-9467-2068

Hubungi untuk keterangan selanjutnya",Honda,Lainnya,,Lainnya,65.000-70.000,115000000.0
947922804,DP10% [Km17.000] 320i M-Sport 2022 White Reg 2023 #AUTOHIGH,"BMW 320i M-SPORT 2022 WHITE ON BLACK
Km.17.000 Antik!! , Stnk Bulan 11 ( NIK.2022 ) 
- Monitor + GPS Indonesia (3D)
- Speedometer Digital
- i-Drive Control with Touchpad
- Engine Start Button + Keyless
- ECO Mode Auto Start-Stop
- Electric Seat 
- Adaptive Suspension ( Comfort & Sport )
- Engine 2.000cc
- Extended Warranty ATPM BRI Full Spareparts 5Thn s/d Mar 2027 + BSI Free Service 5Thn s/d Mar 2027

OTR KREDIT : 600JT
OTR CASH : 675JT

Harga Negosiasi Setelah Datang Lihat Unit di Showroom Kami

Pembelian via cash / kredit.. Data luar kota bisa bantu proses, Tersedia jg Paket Total DP Ringan, Tenor hingga 6 tahun ( Proses 1 hari kerja saja )

Segera Rekomendasikan Keluarga / Teman / Kerabat Bapak & Ibu semua untuk membeli Mobil di AUTOHIGH dan dapatkan harga & kualitas terbaik dengan cara Share Link Iklan ini, Terima Kasih !!!

///AUTO HIGH BINTARO
** Bursa Mobil Bintaro A1 - A3
Bintaro Sektor 7, Tangerang Selatan
( Exit Tol Pondok Aren, samping Bank Permata Tower dan Dealer BMW Bestindo )

[[ GUNAKAN SELALU FITUR TELEPON & WHATS APP UNTUK KEAMANAN BERKOMUNIKASI, TERIMA KASIH ]]

Buka Setiap Hari : Pukul 9 Pagi s/d 6 Sore
( Sabtu / Minggu / Hari Libur Tetap Buka )

More Info, Please Call / SMS / Whats App : Pukul 8 Pagi s/d 11 Malam ( Setiap Hari )",BMW,Lainnya,,Lainnya,5.000-10.000,600000000.0
946558638,Mercedes benz S450 2023! S450 ! MERCY S450! Antik ! SEDAN MERCY S450!,"Mercedes Benz S450 2024 nik 2023 

White on Orange

Odometer *12rb Mls*

3Tv Dvd Burmester surround sound, Panoramic Roof, 360 All View Camera, Parking Assist, Soft Close Doors, Head Up Display, Rear Seat Entertainment, Massage Seats Function, EPB, Stnk 1 thn PBD,Warranty 5yrs, Nopil Cantik

Perfect condition.

Harga Kredit 1.625

Harga Cash 1.750",Mercedes-Benz,Lainnya,,Lainnya,10.000-15.000,1625000000.0
947573053,Land Rover Discovery Sport 2.0 SE,"Land Rover Discovery Sport 2.0 SE — 2015

Faktur 2016
NIK 2015
37,000 Miles
Pajak aktif hingga 08.2026
Plat B Genap
Surat-surat Lengkap
Kondisi Seperti Baru

Spesifikasi Utama

White On Black
Panoramic
All Wheel Drive
1 Tv + 5 Camera
GPS Indonesia
Start Stop Engine
9 Speed Shiftronic AWD
Leather + Memory + Electric Seat
Meridian Surround Sound System
Velg R.20 Alloy Wheel
Service Record By RPM Integrated Auto Clinic
—
Harga : 499 Jt (Cash)
Lokasi : BSD",Land Rover,Lainnya,,Lainnya,60.000-65.000,499000000.0
947919567,Tdp 23jt LowOdo 5rb/thn Facelift GLC200 AMG 2022 2021 MERCEDES X3,"Paket Flexing Tdp 23jt & Angs 16,771jt Tenor 5th
Mercedes Benz GLC200 AMG LowOdo 28rb Pajak FEB 27
Siap General Check Bengkel Resmi

Please welcome
*MERCEDES BENZ GLC200 AMG FACELIFT*

*NIK 2021*
Polar White
Engine 2.000 CC
ODO 28.XXX MLS
Tax Februari 2027

*Additional Information:*
- Panoramic Sunroof
- Burmester Audio System
- 9G-Tronic Transmission
- Ambient Light
- MID Instrument Cluster with Trackpad
- Power Backdoor
- Memory Seat & Electric Seat

*Harga Kredit 655 Juta*
*Harga Cash 688 Juta*

Kredit Special Promo
Paket Flexing
Tdp 23jt 
Angsuran 16,771jt
Tenor 5 th

For Unit Information / Instant Approval Test Drive Hari Ini Besok Delivery
Contact : Steve 0878/1112/2010

*GARANSI Uang Kembali 1000%*
Mobil Lulus inspeksi @otospector
Mobil Bebas Banjir & Bebas Major Accident
Record mobil sesuai odometer
Dokumen mobil asli keabsahannya

Cek variasi stok unit di instagram
@chrisauto_garage
@chrisauto_official

Chris Auto Garage | CAG
Bursa Otomotif Sunter 
Blok D2-D3 | Blok C1A- 1B
(Masuk Pintu 5 Lurus Paling Ujung) 
Jl. Yos Sudarso Kav 87-88
Jakarta Utara
(Search Google Map -> Ketik Chris Auto Garage) 

Operational Hour
( Minggu / Tanggal Merah TETAP BUKA )
Senin - Sabtu 08.00 - 17.30
Minggu 10.00 - 16.00
Diluar jam operasional tetap kami layani by appointment",Mercedes-Benz,Lainnya,,Lainnya,20.000-25.000,655000000.0
947910480,[ GARANSI 5TH ] Honda CRV CR-V CR V Turbo Prestige 2022/2023/2024,"BELI MOBIL TANPA KHAWATIR BERGARANSI 5 TAHUN!

Honda CRV CR-V CR V 1.5 Turbo Prestige Sensing AT Putih Mutiara NIK 2022, PAJAK BULAN 5 (2027), ODOMETER 40RB KM RECORD AUTHORIZED
-
Focus Motor Belanja Mobil 26 Tahun Membangun Kepercayaan.
Nikmati standar baru kepemilikan mobil bekas dengan garansi komprehensif hingga 5 TAHUN untuk 155 KOMPONEN. BERSERTIFIKAT, BERPOLIS, dan didukung layanan CUSTOMER SERVICE PERSONAL untuk pengalaman berkendara yang aman dan tanpa khawatir.

Belanja Mobil bukan hanya menjual mobil bekas. Kami jual mobil bekas dengan RASA AMAN seperti mobil baru.

5 BELANJA MOBIL PROMISE :
1. Mobil Terinspeksi 155 titik
2. ⁠TERGARANSI 5 tahun
3. ⁠Harga Transparan
4. ⁠Jaminan Trade-in/Buyback
5. ⁠After Sales yg baik (Mempunyai Customer Service Personal)

-UNIT 100% BEBAS TABRAK DAN BEBAS BANJIR (garansi uang kembali)
-Dokumen ABSAH
-BONUS! Free Detailing (pembersihan) 2x (1 tahun)
-
OTR KREDIT 395JT
OTR CASH ASK

DP Minim
Dp 62 jt
Angs 11.601.500 x47 tlo

dp 56 jt
Angs 10.202.000 x59 tlo

Bunga Premium
Dp 73 jt
Angs 10.834.000 x47 tlo

Dp 67 jt
Angs 9.495.500 x59 tlo

UNTUK REQUEST DP / HITUNGAN LAIN, SILAKAN HUBUNGI KAMI

Harga kredit tertera adalah harga minimal kredit dengan tenor 4 & 5 tahun, diluar itu mengikuti harga Cash (karena kami mensubsidi refund bunga kepada anda)
-
Spesifikasi :
* Tangan Pertama Dari Baru, Pribadi
* Honda SENSING (PCS, DRCC, LDA, AHB, PSB, TPMS, ICS)
* Panoramic Sunroof
* Engine 1.496 cc VTEC Turbo Automatic
* Keyless Start Stop Engine
* Electric And Retract Mirror
* Tilt & Telescopic Steering
* Audio Steering Switch, Paddle Shift
* AC Digital Single Zone With Blower
* MID Digital Cluster
* Infotainment System Touchscreen Multimedia, Navigasi With Phone Connection
* Electric Leather Seat With Lumbar
* LED Projector Headlamp With DRL, Foglamp
* SRS Airbags, ABS, BA, EBD, VSC COMPLETE SAFETY CAR
* Rear Parking Camera, Parking Censor
* Electric Park Brake, Electric Brake Hold, Vehicle Stability Control
* Power Back Door
* Kaca Film 3M
* Buku Service, Buku Manual, Kunci Cadangan Tersedia

LOKASI : Bez Auto Center, Focus Motor No. A66-A70, Curug Sangereng, Kec. Klp. Dua, Kabupaten Tangerang, Banten 15810 (BJD) (GS)",Honda,Lainnya,,Lainnya,40.000-45.000,395000000.0
947919963,Tdp 23jt Odo 10rb/thn TSS Facelift Alphard G ATPM 2023 2022,"Paket Flexing Tdp 23jt & Angs 18,742jt Tenor 5th
Toyota Alphard 2.5 G ATPM LowOdo 40rb Pajak JUN 27
Siap General Check Bengkel Resmi

please welcome
*TOYOTA ALPHARD 2.5 G*

*Nik 2022*
Black
Engine 2.500 CC 
ODO 40.XXX KM 
Tax September

*Additional Information:*
- Panoramic Sunroof
- Heated & Ventilated Seat
- Rear Entertainment System
- AC Digital (Dual Zone)
- Captain Seat

*Harga Kredit 729 JT*
*Harga Cash 779 JT*

Kredit Special Promo
Paket Flexing
Tdp 23jt 
Angsuran 18,742jt
Tenor 5 th

For Unit Information / Instant Approval Test Drive Hari Ini Besok Delivery
Contact : Steve 0878/1112/2010

*GARANSI Uang Kembali 1000%*
Mobil Lulus inspeksi @otospector
Mobil Bebas Banjir & Bebas Major Accident
Record mobil sesuai odometer
Dokumen mobil asli keabsahannya

Cek variasi stok unit di instagram
@chrisauto_garage
@chrisauto_official

Chris Auto Garage | CAG
Bursa Otomotif Sunter 
Blok D2-D3 | Blok C1A- 1B
(Masuk Pintu 5 Lurus Paling Ujung) 
Jl. Yos Sudarso Kav 87-88
Jakarta Utara
(Search Google Map -> Ketik Chris Auto Garage) 

Operational Hour
( Minggu / Tanggal Merah TETAP BUKA )
Senin - Sabtu 08.00 - 17.30
Minggu 10.00 - 16.00
Diluar jam operasional tetap kami layani by appointment",Toyota,Lainnya,,Lainnya,35.000-40.000,729000000.0
948197701,Camry 2.5 V at 2020 Hitam,"Camry 2.5 V at 2020 Hitam (AHA Gajah Mada Cipondoh ) -Grub A

Spec:
- Engine 2AR-FE 2.5 Dual-vvti 
- Power 182 HP & 235 NM (Powerfull engine)
- Automatic 6 speed 
- Double disk brake 
- Pajak Panjang 4/2027
- KM 69 Rb
- Interior original bersih rapih dan wangi
- No malfunction electrical
- Warna hitam Favorit
- Unit siap pakai

Features: 
- ABS , EBD , BA 
- VSC , TRC , HSA 
- Emergency stop signal 
- Blind spot monitoring (BSM)
- Rear cross traffict allert (RCTA)
- Sunroof 
- Head unit 8 inch support miracast & bluetooth
- Keyless & engine start stop
- Electric seat with lumbar support 
- Bebas laka dan banjir
- Dokumen terjamin keabsahanya

Otr 275 jt cash 285 jt

Paket A 
Tdp 40jt cicilan 9.429.000 x 35
Tdp 40jt cicilan 7.538.000 x 47
Tdp 40jt cicilan 6.453.000 x 59

Paket B
Tdp 25jt cicilan 10.537.000 x 35
Tdp 25jt cicilan 8.743.000 x 47
Tdp 25jt cicilan 7.787.000 x 59

Paket C 
Tdp 10jt cicilan 11.112.000 x 36
Tdp 10jt cicilan 8.995.000 x 48
Tdp 10jt cicilan 7.688.000 x 60",Toyota,Lainnya,,Lainnya,65.000-70.000,275000000.0
948197689,Toyota Kijang Innova 2020 Reborn,"Jual cepat!
Toyota Innova Reborn 2.0 G AT 2020 Bensin

An tangan pertama dr baru
Pajak on 8/2027
Km 110rb record auto2000
Surat2 lengkap
Buku servis, manual ada
Kunci 3
Aman laka banjir

Lokasi Duren sawit, Jaktim
Nego sopan",Toyota,Lainnya,,Lainnya,105.000-110.000,235000000.0
946956303,Chevrolet Spin LTZ AT 2014 FullOriginal SepertiBaru Gressss Istimewa,"CHEVROLET SPIN 1.500 CC  LTZ Allnew
  AUTOMATIC ( TIPE PALING TERTINGGI )
   TAHUN    2014  AllNEW MODEL 
AUTOMATIC  ( KM RENDAH LANGKAH )   GUYS 
Full orisinil 
NEW MODEL FACE LIFT
GRESSSSSSSSS BANGET
Low Km   ANTIKKKKK
SANGAT IRIT BBM
Mulus Sekali
KONDISI SEPERTI BARU
TIDAK ADA DUANYA SE INDONESIA
( SILAHKAN LIAT DAN BUKTIKAN )

Harga CASH  Super Murah  = 
        85      jt 

Harga PAKET KREDIT  Super Murah  =     
         72        jt

TOTAL DP     =         12     JT

ANGSURAN  =            2  ,  2       JT AN ×59

*** BERGARANSI MESIN + TRANSMISI SELAMA 1 TAHUN 

*** FREE EMERGENCY TOWING SELURUH INDONESIA SELAMA 1 TAHUN

- 1000 % Full orisinil
-  Mulus sekali tanpa cacat sedikit pun
- interior bersih lux masih wangi baru
- kilometer rendah  ANTIK LANGKAH MASIH GRESSSSSS
- Mulus Sekali
- kondisi super istimewa 
- BUKU PANDUAN LENGKAP
- Super Antik tidak ada duanya 
- Nik 2013 
- AUTOMATIC Responsif dan Bertenaga 
- AC TRIPEL BLOWER   , ps , pw , rpm , electric mirror , foglamp , velg racing , Wiper belakang
- tipe PALING komplit  SPIN LTZ 1.500 CC AUTOMATIC 
- perfect condition
- paling lengkap 
- Stnk Panjang Banget   4  -   2027 
( ENAK MAKAN + ENAK TIDUR )
- liat dan buktikan sendiri
- barang super istimewa 
-  SANGAT IRIT BBM
- kondisi seperti baru  Gresssssssssssss
(SILAHKAN LIAT DAN BUKTIKAN )

Wtc mangga dua Lantai 11 i 27
( P11 i 27   ) Di Pojok Ujung Depan Parkir Biliard Ada Tangga Kecil Turun Kebawah 
Gunung Sahari Raya Depan Ancol

Hubungi  =       O .877-9467-2068

Hubungi untuk keterangan selanjutnya

(  Dimohon Konfirmasi Terlebih Dahulu Sebelum Lihat Unit  )",Chevrolet,Lainnya,,Lainnya,75.000-80.000,72000000.0
948197669,[TERMURAH] Porsche Macan 2.0 PDK CBU Full Facelift 2017,"OTR CASH 695 JT (NEGO) 
 OTR CREDIT 625 JT (PAKET KREDIT VIA WHATSAPP)

 Porsche Macan 2.0 PDK CBU Full Facelift
 Model 2017 / NIK 2016
 Jakarta Utara

 White on Black
️ Full Facelift Model
️ CBU
️ Premium Luxury SUV

 ODO 23.000 Miles (Low Mileage)
️ STNK 1 Tahun
 Full Service Record

 2.0L Turbo Engine
 PDK Automatic Transmission
 Porsche Active Suspension Management (PASM)
 Porsche Dynamic Light System (PDLS)
 Touchscreen Interior New Model
 Panoramic Roof
 Sport Seats
 16-Way Electric Seats
 21"" Macan Turbo Wheels
 Navigation System
 Power Back Door
 Auto Start/Stop Function
 TV
 BOSE Surround Sound System",Porsche,Lainnya,,Lainnya,20.000-25.000,625000000.0
948197667,"Veloz 1,5At'12 an perorangan mulus bersih siap pakai","Avanza Veloz 1,5  At
tahun 2012
An perorangan
terima bbn an pembeli/
potong pajak
kilometer 105rb
kondisi sangat prima
mulus bersih orisinil
bebas tabrak&banjir
siap pakai

Otr paket credit 108,000,000

Dp 10,000,000
angs 3,575,000x47bln
angs 3,125,000x59bln

Otr Cash, hitungan lain&tanya2
silahkan hubungi kami

Foresta Motor
serba oto palem semi A1-35
masuk dari pintu 2 ke kanan
dekat pintu keluar
Karawaci Tangerang

#toyota#avanza#veloz#matic#mobil#bekas#second#seken#siappakai#garansi#bebas#tabrak#banjir#transmisi#mesin#fyp#viral#dpminim#",Toyota,Lainnya,,Lainnya,100.000-105.000,108000000.0
941030291,Harrier 2.4 L Premium 2008 Full Original Super Istimewa Antik Jrg Ada,"OTR108JT TDP24JT HARRIER 2.4 L PREMIUM 2008  FULLORIGINAL SUPER ISTIMEWA ANTIK
Toyota Harrier 2.4  L Premium 
All new model Automatic
 Th  2008
MULUS SEKALI KINCLONG
PALING LENGKAP SEPERTI BARU
Low Km SUPER ANTIK
VELG NEW MODEL 
SUPER MULUS 
ABS + DOUBEL AIRBAG
Panoramic Roof + Sunroof
Electric Seat Kiri Kanan 
Jok Kulit Asli
TIDAK ADA DUANYA SE INDONESIA
( SILAHKAN LIHAT DAN BUKTIKAN )

Harga PAKET KREDIT Super Murah = 
  108  jt 

Harga CASH Super Murah = 
  118  jt 

TOTAL  DP      =     14  JT  SAJA 

ANGSURAN     =       3  ,  1  JT AN×59

- 1000 % FULL ORIGINAL 
- Mulus sekali tanpa cacat sedikit pun
- interior bersih lux masih wangi baru
- kilometer rendah 
- TIDAK ADA DUANYA SE INDONESIA ( SILAHKAN BUKTIKAN )
KONDISI SEPERTI BARU
ABS  DOUBEL AIRBAG
- kondisi super istimewa 
- Sunroof + Panoramic roof 
- tidak ada duanya 
- automatic responsif dan bertenaga 
- AC Doubel , CD MP3 , ps , pw , rpm , electric mirror , foglamp , velg racing , wiper belakang , Panoramic Roof + Sunroof + ELECTRIC Jok Kiri Kanan 
- tipe paling komplit  2.4 L Premium
- perfect condition
- paling lengkap 
- Nik  2007
- VELG NEW MODEL
- Spoiler Belakang
- Stnk panjang  7  - 2026
- liat dan buktikan sendiri
- barang super istimewa 
- ALL NEW MODEL 
- Model Sama Sampai Th 2012
- KONDISI SUPER ISTIMEWA

Hubungi   =    O .877-9467-2068

Wtc mangga dua lantai 11 i 27 
( P11  i 27 ) DI POJOK UJUNG DEPAN BILIARD ADA TANGGA KECIL TURUN KEBAWAH
Gunung sahari raya Depan Ancol",Toyota,Lainnya,,Lainnya,105.000-110.000,108000000.0
943564022,FORD RAPTOR F150 GEN 4 2013 MODEL TERBARU 2025 FULL UPGRADE PERFECT,"OTR288JT RANGER F150 GEN 4 RAPTOR 4X4 2013 DIESEL MANUAL FULL AKSESORIS SUPER ISTIMEWA GRESSSSSSSSSS BANGET  ANTIKKKKKK
FORD RANGER 2.2 4X4  F 150 GEN 4  RAPTOR FACELIFT MANUAL 
 New Model All New 
TAHUN  2013  4 X 4  DIESEL MANUAL
  tipe paling komplit ( RANGER 2.2 MANUAL 4X4 DOUBEL CABIN )
FACE LIFT MODEL TERBARU  F150 GEN 4  RAPTOR  
Full AKSESORIS MAHAL
jok kulit interior mewah 
LAMPU TEMBAK 
FULL BODY KIT F 150  GEN 4 RAPTOR
MODEL TERBARU 2025 
WINCH OFFROAD SPEAK
BODY MOULDING 
LED BAR LAMP 
SUPER ANTIK TIDAK ADA DUANYA SE INDONESIA 
VELG RACING R 20 
OFFROAD SPEAK BAN 35 BESAR
KEREN HABIS
KONDISI SEPERTI BARU 
PENAMPILAN MOBIL HARGA 5 , 5 M 
TIDAK ADA DUANYA SE INDONESIA 
SILAHKAN LIHAT DAN BUKTIKAN

Harga CASH Super murah 
=  308  jt  

       (  CASH ONLY )

- 1000% Full VARIASI MAHAL OFFROAD SPEAK ( PAKAI PRIBADI BUAT MEJENG SAJA ) MOBIL DI PANDANGI SAJA DAN DISELIMUTIN DALAM GARASI ) 
- Mulus sekali tanpa cacat sedikitpun
- interior bersih lux masih wangi baru
-  Allnew F150 GEN 4  TERBARU  RAPTOR RANGER 2.2  MANUAL 4 X 4  FACELIFT TERAKHIR
Tidak Ada Duanya Se Indonesia
- Perfect Condition
- Km Rendah  Super Antik Gresssssss Masih Kaya Mobil Baru
-  MANUAL DIESEL responsif dan
 bertenaga sekali
- FULL VARIASI MAHAL F150 GEN 4 MODEL TERBARU 2025  RAPTOR KEREN HABIS ( EYE CATCHING ) MENARIK PERHATIAN DI MANA2 SIAP MEJENG 
- kondisi sangat istimewa
- barang sangat terawat sekali - interior asli mewah sekali
- AC ND +TV ANDORID MODEL TESLA BLUETOTH YOUTUBE NETFLIK USB +foglaamp+ power window +power sterring+ velg racing R 20 BAN OFFROAD 35 MAHAL + jok  mewah lux + FULL AKSESORIS MAHAL MOBIL HOBIII ( BANYAK DI SELIMUTIN DAN DIPANDANGI MATA DI GARASI DALAM ) 
- perfect condition
- sangat terawat sekali
- Nik  2012
- superistimewa
- lihat pastisuka 
- antik sekali
- siap pakai luar kota 
- Plat B  JAKARTA 
- FAKTUR ASLI JAKARTA
- Stnk Panjang  
- barang super istimewa 
- kondisi seperti baru 
( MOBIL SUPER ISTIMEWA SILAHKAN LIHAT DAN BUKTIKAN )
TIDAK ADA DUANYA SE INDONESIA

Lebih cepat lebih bagus lihat unit mobilnya

Hubungi =  O .877-9467-2068
 
Wtc mangga Dua lantai 11  i 27 
( P 11 i 27 )  DI POJOK UJUNG DEPAN PARKIR  BILIARD Ada Tangga Kecil Turun Kebawah",Ford,Lainnya,,Lainnya,80.000-85.000,288000000.0
947379325,Hyundai creta prime ivt 2022 putih,"Hyundai creta prime 2022

Tahun : 2022
Warna : putih
Type : prime
Mesin : 1500cc
Transmisi : matic
Nopol : genap
Kilometer : 40rb
pajak : hidup

•  Kendaraan siap pakai.
•  Body mulus dan terawat 
•  AC dingin
•  Interior orisinil rapih dan bersih
•  Elektronik berfungsi baik
•  Mesin terawat (silahkan bawa mekanik buat dicek).
•  Transmisi responsif.
•  kaki kaki senyap tidak bunyi
•  Surat lengkap dan dijamin aman.

• Mobil yang kami jual telah lulus pengecekan oleh tim inspeksi
• garansi mesin & transmisi hingga 1th by @otospector
• mobil siap pakai, NO PR , jaminan bukan bekas tabrak & banjir
• gratis layanan derek gratis seluruh indonesia

 OTR Cash : (BY WA)
OTR Kredit :  243 jt (diluar paket mengikuti harga cash)

TDP           43jt
Angsuran  5.550.179 x 5th
Asuransi  tlo (bca)

FAST RESPONS LANGSUNG KE WA

Alamat :

1.  Bursa Mobil Bintaro Jaya Sektor 7 showroom FWM MOBILINDO

HARAP KONFIRMASI KEBERADAAN UNIT SEBELUM VISIT

CALL/WA : (DAFFA)

Terima tukar tambah!",Hyundai,Lainnya,,Lainnya,35.000-40.000,243000000.0
948077479,Toyota Corolla Cross 1.8 Hybrid AT 2021 Platinum White Pearl,"Toyota Corolla Cross 1.8 Hybrid AT 2021 Platinum White Pearl 

‎- Engine 1.8 2ZR-FXE, 4-silinder, Hybrid, Atkinson Cycle, Dual VVT-i.
‎- Transmisi E-CVT dengan Shift Lock.
‎- Tenaga dari mesin bensin 98 PS (Torsi 142 Nm), sedangkan motor listriknya menghasilkan 72 PS (Torsi 162,7 Nm).
- PAJAK 12-2026.
- KM 87RB FULL RECORD TOYOTA!
‎- Fitur 7 Airbags, Sunroof, ABS, EBD, BA, Vehicle Stability Control, Hill Start Assist Control, AC Dual-Zone Automatic Climate Control.
‎- Head Unit Layar Sentuh, Radio, CD, USB, Bluetooth, dan Konektivitas Smartphone, Cruise Control.
-KAKI - KAKI NYAMAN!
-INTERIOR ORIGINAL TERAWAT!

Otr 278jt Cash 295jt

Paket A 
Tdp 80jt cicilan 8.155.000 x 35
Tdp 80jt cicilan 6.510.000 x 47
Tdp 80jt cicilan 5.565.000 x 59

Paket B 
Tdp 70jt cicilan 9.177.000 x 35
Tdp 70jt cicilan 7.429.000 x 47
Tdp 70jt cicilan 6.342.000 x 59

Paket C 
Tdp 60jt cicilan 9.326.000 x 35
Tdp 60jt cicilan 7.671.000 x 47
Tdp 60jt cicilan 6.780.000 x 59

Paket D 
Tdp 20jt cicilan 10.698.000 x 36
Tdp 20jt cicilan 8.804.000 x 48
Tdp 20jt cicilan 7.657.000 x 60

Harga OTR Khusus Paket Kredit
Bisa disesuaikan dgn budget
(DATA BISA DIBANTU)
TDP Sudah termasuk angsuran pertama, assurance, adm dll

GARANSI MATIC & MESIN 1TH (S&K Berlaku) 

** Dokumen Lengkap Asli!! 
** Jaminan bukan bekas tabrak banjir
** Garansi Personal Assistance (1th) 
Meliputi : 1. Towing Darurat Seluruh INDONESIA
2. PENGISIAN BAHAN BAKAR (FREE 5LITER) 
3. PEMERIKSAAN MOBIL DITMPAT
4. PEMBUKAAN PINTU MOBIL
5. PERGANTIAN BAN SEREP
6. JUMPER AKI MOBIL

FAST Respon Call/WA aja",Toyota,Lainnya,,Lainnya,75.000-80.000,278000000.0
947935486,DP RENDAH - Honda Brio Satya 1.2 E Bensin-AT 2019,".
DP RENDAH - Honda Brio Satya 1.2 E Bensin-AT 2019 Putih 
.
Harga Cash : Hubungi Saya / Chat Me 
Harga Credit : Rp.  134,000,000 ,-
TDP :  12,000,000
Angsuran 4 Tahun : Rp. 4,300,000 ,-
Angsuran 5 Tahun silahkan hubungi untuk informasi lebih lanjut
.
Beli Mobil Terus Untung!!
Beli mobil dan dapatkan bonus saldo digital hingga Rp1.500.000!
*S&K berlaku
.
Keunggulan Unit
1. Pajak : August 2026
2. Odometer : 81.xxx 
3. Like New
4. Tangan Pertama
5. Atas nama  : Perorangan
6. Plat Ganjil
.
GRATIS HOME TEST DRIVE
.
Pembayaran Booking Fee / Pelunasan hanya melalui no rekening 2061/888/995 - BCA - an SERASI MITRA MOBIL PT

TDP promo hanya Berlaku jika:
- BI checking Bersih (tidak pernah ada keterlambatan pembayaran)
- Rumah Milik Pribadi
- Pemasukan/Gaji= 3x Angsuran.
*Bisa di bantu Rumah Kontrak dan BI checking bermasalah dengan TDP 30%* (S&K Berlaku)
.
Kunjungi kami di
OLXmobbi Bekasi
Jl. Jend. Sudirman No.1, Kranji, Kec. Bekasi Bar., Kota Bks, Jawa Barat KODE POS 73966
.
Rudi Hartono - Sales Advisor
OLXmobbi
Ahlinya Mobil Bekas Berkualitas",Honda,Lainnya,,Lainnya,80.000-85.000,134000000.0
947483687,DP10% [Km10.000] GLC300 AMG 2023 Black / GLC 300 Reg 2024 #AUTOHIGH,"MERCEDES BENZ GLC300 AMG LINE 2023 NEW MODEL BLACK ON BLACK 
Km.10.000 Antik!! , Stnk Bulan 11 ( NIK.2023 )
- TV Monitor + Camera 360
- Speedometer Digital
- Electric Seat + Memory Seat 
- LED Day Light
- Panoramic + Sunroof
- Velg AMG Original Mercedes Benz
- Audio Burnsmester
- Bagasi Power Back Door
- Warranty ATPM Mercedes Benz 3 Thn Full Spareparts s/d Sept 2026 & Free Service 5 Thn Free Service Oli & Jasa s/d Sept 2028

OTR KREDIT : 1.095M 
OTR CASH : 1.195M 

Harga Negosiasi Setelah Datang Lihat Unit di Showroom Kami

Pembelian via cash / kredit.. Data luar kota bisa bantu proses, Tersedia jg Paket Total DP Ringan, Tenor hingga 6 tahun ( Proses 1 hari kerja saja )

Segera Rekomendasikan Keluarga / Teman / Kerabat Bapak & Ibu semua untuk membeli Mobil di AUTOHIGH dan dapatkan harga & kualitas terbaik dengan cara Share Link Iklan ini, Terima Kasih !!!

///AUTO HIGH BINTARO
** Bursa Mobil Bintaro A1 - A3
Bintaro Sektor 7, Tangerang Selatan
( Exit Tol Pondok Aren, samping Bank Permata Tower dan Dealer BMW Bestindo )

[[ GUNAKAN SELALU FITUR TELEPON & WHATS APP UNTUK KEAMANAN BERKOMUNIKASI, TERIMA KASIH ]]

Buka Setiap Hari : Pukul 9 Pagi s/d 6 Sore
( Sabtu / Minggu / Hari Libur Tetap Buka )

More Info, Please Call / SMS / Whats App : Pukul 8 Pagi s/d 11 Malam ( Setiap Hari )",Mercedes-Benz,Lainnya,,Lainnya,0-5.000,1095000000.0
947677322,lexus rx350 rx 350 hybrid 2023 km19rb like new!perfect!first hand!top!,"Mesin & Performa
	•	Mesin: 2.5L 4-silinder hybrid (A25A-FXS)
	•	Sistem hybrid self-charging
	•	Tenaga gabungan: 247 hp
	•	Torsi mesin: 239 Nm
	•	Transmisi: e-CVT / Hybrid Transaxle CVT
	•	Penggerak: FWD (versi Indonesia)
	•	0–100 km/jam: sekitar 8,1 detik
	•	Kecepatan maksimum: 180 km/jam

Interior & Fitur
	•	Jok Semi Aniline Leather
	•	Jok depan electric + memory
	•	Seat heater & ventilated seat
	•	Ambient light 64 warna
	•	Panoramic roof
	•	Head-up display
	•	Electric steering adjustment
	•	Power back door dengan kick sensor
	•	Wireless Apple CarPlay
	•	Android Auto
	•	Wireless charger
	•	Audio Mark Levinson 21 speaker
	•	Layar infotainment 14 inci

Safety
	•	Lexus Safety System+ 3
	•	Adaptive Cruise Control
	•	Lane Tracing Assist
	•	Blind Spot Monitor
	•	Rear Cross Traffic Alert
	•	Parking Support Brake
	•	Pre-Collision System
	•	360 camera / digital rear mirror

Kelebihan RX350h 2023
	•	Kabin sangat senyap & nyaman
	•	Irit untuk ukuran SUV premium besar
	•	Interior jauh lebih modern dibanding RX generasi lama
	•	Suspensi empuk khas Lexus
	•	Resale Lexus hybrid biasanya kuat

lexus rx350 hybrid 2023 
km 19.000
tangan pertama dari baru
aroma wangi mobil baru di interior!
very good condition !
like new condition !!
perfect ! no comment !!
pristine condition !!!
mobil kayak baru liat dan buktikan 
mobil full original paint 100%
liat pasti suka
pajak baru bayar
kunci serep dan buku2 lengkap 
servis record lexus dari baru
mobil rawatan dari baru

harga khusus kredit nego sampai jadi ditempat ya",Lexus,Lainnya,,Lainnya,15.000-20.000,1299000000.0
947935482,DP RENDAH - Toyota Kijang Innova 2.0 Zenix Q HV CVT TSS Modellista Hyb,".
DP RENDAH - Toyota Kijang Innova 2.0 Zenix Q HV CVT TSS Modellista Hybrid-AT 2022 Hitam 
.
Harga Cash : Hubungi Saya / Chat Me 
Harga Credit : Rp.  448,000,000 ,-
TDP :  53,000,000
Angsuran 4 Tahun : Rp. 13,500,000 ,-
Angsuran 5 Tahun silahkan hubungi untuk informasi lebih lanjut
.
Beli Mobil Terus Untung!!
Beli mobil dan dapatkan bonus saldo digital hingga Rp1.500.000!
*S&K berlaku
.
Keunggulan Unit
1. Pajak : January 2027
2. Odometer : 24.xxx 
3. Like New
4. Tangan Pertama
5. Atas nama  : Perorangan
6. Plat Ganjil
.
GRATIS HOME TEST DRIVE
.
Pembayaran Booking Fee / Pelunasan hanya melalui no rekening 2061/888/995 - BCA - an SERASI MITRA MOBIL PT

TDP promo hanya Berlaku jika:
- BI checking Bersih (tidak pernah ada keterlambatan pembayaran)
- Rumah Milik Pribadi
- Pemasukan/Gaji= 3x Angsuran.
*Bisa di bantu Rumah Kontrak dan BI checking bermasalah dengan TDP 30%* (S&K Berlaku)
.
Kunjungi kami di
OLXmobbi Bekasi
Jl. Jend. Sudirman No.1, Kranji, Kec. Bekasi Bar., Kota Bks, Jawa Barat KODE POS 69434
.
Rudi Hartono - Sales Advisor
OLXmobbi
Ahlinya Mobil Bekas Berkualitas",Toyota,Lainnya,,Lainnya,20.000-25.000,448000000.0
947319691,DP10% [Km7.000] C200 Avantgarde 2024 White Reg 2025 #AUTOHIGH,"MERCEDES BENZ C200 AVANTGARDE 2024 NEW MODEL W206 WHITE ON BLACK
Km.7.000 Antik!! , Stnk Bulan 07 ( NIK.2024 )
- Monitor Audio Big Screen
- 4 Camera 360 + GPS Indonesia
- Headlamp New Model
- Full Electric Seat + Memory Seat
- Engine Start Button
- Mouse Control Pad
- Speedometer Digital
- Bagasi PBD ( Power Back Doors ) 
- Warranty ATPM Mercedes Benz 5 Star ( 3 Thn Full Spareparts s/d July 2027 & 5 Thn Free Service s/d July 2029 )

OTR KREDIT : 745JT
OTR CASH : 820JT

Harga Negosiasi Setelah Datang Lihat Unit di Showroom Kami

Pembelian via cash / kredit.. Data luar kota bisa bantu proses, Tersedia jg Paket Total DP Ringan, Tenor hingga 6 tahun ( Proses 1 hari kerja saja )

Segera Rekomendasikan Keluarga / Teman / Kerabat Bapak & Ibu semua untuk membeli Mobil di AUTOHIGH dan dapatkan harga & kualitas terbaik dengan cara Share Link Iklan ini, Terima Kasih !!!

///AUTO HIGH BINTARO
** Bursa Mobil Bintaro A1 - A3
Bintaro Sektor 7, Tangerang Selatan
( Exit Tol Pondok Aren, samping Bank Permata Tower dan Dealer BMW Bestindo )

[[ GUNAKAN SELALU FITUR TELEPON & WHATS APP UNTUK KEAMANAN BERKOMUNIKASI, TERIMA KASIH ]]

Buka Setiap Hari : Pukul 9 Pagi s/d 6 Sore
( Sabtu / Minggu / Hari Libur Tetap Buka )

More Info, Please Call / SMS / Whats App : Pukul 8 Pagi s/d 11 Malam ( Setiap Hari )",Mercedes-Benz,Lainnya,,Lainnya,0-5.000,745000000.0
947935488,DP RENDAH - Toyota Fortuner 2.4 4x2 VRZ Solar-AT 2019,".
DP RENDAH - Toyota Fortuner 2.4 4x2 VRZ Solar-AT 2019 Putih 
.
Harga Cash : Hubungi Saya / Chat Me 
Harga Credit : Rp.  324,000,000 ,-
TDP :  37,000,000
Angsuran 4 Tahun : Rp. 9,800,000 ,-
Angsuran 5 Tahun silahkan hubungi untuk informasi lebih lanjut
.
Beli Mobil Terus Untung!!
Beli mobil dan dapatkan bonus saldo digital hingga Rp1.500.000!
*S&K berlaku
.
Keunggulan Unit
1. Pajak : August 2026
2. Odometer : 110.xxx 
3. Like New
4. Tangan Pertama
5. Atas nama  : Perorangan
6. Plat Genap
.
GRATIS HOME TEST DRIVE
.
Pembayaran Booking Fee / Pelunasan hanya melalui no rekening 2061/888/995 - BCA - an SERASI MITRA MOBIL PT

TDP promo hanya Berlaku jika:
- BI checking Bersih (tidak pernah ada keterlambatan pembayaran)
- Rumah Milik Pribadi
- Pemasukan/Gaji= 3x Angsuran.
*Bisa di bantu Rumah Kontrak dan BI checking bermasalah dengan TDP 30%* (S&K Berlaku)
.
Kunjungi kami di
OLXmobbi Bekasi
Jl. Jend. Sudirman No.1, Kranji, Kec. Bekasi Bar., Kota Bks, Jawa Barat KODE POS 73678
.
Rudi Hartono - Sales Advisor
OLXmobbi
Ahlinya Mobil Bekas Berkualitas",Toyota,Lainnya,,Lainnya,110.000-115.000,324000000.0
947921280,Chevrolet Aveo Km39Rb 1.4 LT AT 2013 FullOriginal SepertiBaru Gresss,"CHEVROLET AVEO 1.400 CC  LT Allnew FACE LIFT 
  AUTOMATIC ( TIPE PALING TERTINGGI )
   TAHUN    2013   AllNEW MODEL 
AUTOMATIC  ( KM RENDAH 39.000 LANGKAH )   GUYS  
Full orisinil 
NEW MODEL FACE LIFT
GRESSSSSSSSS BANGET
Low Km 39.000  SERVICE RECOD
 CHEVROLET RESMI
SANGAT IRIT BBM
Mulus Sekali
KONDISI SEPERTI BARU
TIDAK ADA DUANYA SE INDONESIA
( SILAHKAN LIHAT DAN BUKTIKAN )

Harga CASH  Super Murah  = 
          88      jt 

Harga PAKET KREDIT  Super Murah  =     
           78        jt

TOTAL DP     =      15   JT Saja

ANGSURAN  =        2  ,  1     JT AN ×59

*** BERGARANSI MESIN + TRANSMISI SELAMA 1 TAHUN 

*** FREE EMERGENCY TOWING SELURUH INDONESIA SELAMA 1 TAHUN

- 1000 % Full orisinil
-  Mulus sekali tanpa cacat sedikit pun
- interior bersih lux masih wangi baru
- kilometer rendah 39.000 ANTIK LANGKAH GRESSS
- Mulus Sekali
- kondisi super istimewa 
- BUKU PEDOMAN + KUNCI SEREP LENGKAP
- SERVIS RECOD CHEVROLET  RESMI 
- Super Antik tidak ada duanya 
- Nik 2012
- AUTOMATIC  Responsif dan bertenaga 
- AC , TV USB   , ps , pw , rpm , electric mirror , foglamp , velg racing , Wiper belakang
- tipe PALING komplit AVEO LT 1.400 CC AUTOMATIC   ( 4 SILINDER )
- perfect condition
- paling lengkap 
- Stnk panjang    ( ENAK MAKAN + ENAK TIDUR )
- liat dan buktikan sendiri
- barang super istimewa 
-  SANGAT IRIT BBM
- kondisi seperti baru  Gresssssssssssss
(SILAHKAN LIHAT DAN BUKTIKAN )
TOLONG DI PERHATIKAN INI BUKAN MOBIL SEKELAS LGCC  
JAUH LEBIH NYAMAN
FITUR LENGKAP
BODY PLAT TEBAL ( Bukan Kaleng LGCC)
ABS + DOUBEL AIRBAG
KEDAP SUARA 
STABIL DAN NYAMAN SEKALI
Shift Control Audio Di Setir
Interior Mewah Lux  ( jauh Berbeda dengan LGCC )
Silahkan Test Drive Jauh Rasanya dengan LGCC 
4 Silinder 1400 CC  ECO TECH
IRIT SEKALI DAN SANGAT BERTENAGA 
PERPINDAHAN GIGI SMOOTH HALUS SEKALI 
DIJAMIN SEKALI TEST DRIVE LANGSUNG NAKSIR

Wtc mangga dua Lantai 11 i 27 
( P11 i 27   ) Di POJOK UJUNG DEPAN PARKIR BILIARD Ada Tangga Kecil Turun Kebawah 
Gunung Sahari Raya Depan ancol

Hubungi  =       O .877-9467-2068

Hubungi untuk keterangan selanjutnya

(  Dimohon Konfirmasi Terlebih Dahulu Sebelum Lihat Unit  )",Chevrolet,Lainnya,,Lainnya,35.000-40.000,78000000.0
948199417,[Km 11RB] Toyota Land Cruiser 300 GR 2023 LC 2024 Putih,"Toyota Land Cruiser 300 GR 4x4 AT 2023

- Km 11.000 Antik
- Warna Putih
- Nopol B Genap
- Pajak 10-2026
- Body Full Original
- Atas Nama Perorangan
- Nik 2023

OTR Kredit 2.050 Milyar
Cash 2.160 Milyar nego",Toyota,Lainnya,,Lainnya,10.000-15.000,2050000000.0
947944597,Xenia 1.3 X Deluxe New 2021 FullOriginal SepertiBaru Gresssas Istimewa,"OTR138JT TDP5JT GREAT XENIA 1.3 DELUXE AUTOMATIC  2021 FULLORIGINAL SEPERTIBARU GRESSSSSSSSSSSSSSSSS
DAIHATSU GREAT XENIA 1.3 DELUXE  DUAL VVTI ALNEW AUTOMATIC 
TAHUN  2021  Wangi Baru  GRESSSSSS ISTIMEWA
KM Rendah SUPER GRESSSSSS
SERVICE RECOD ASTRA RESMI
BUKU SERVIS + KUNCI SEREP LENGKAP
TIDAK ADA DUANYA SE INDONESIA 
MIRIP MOBIL BARU DARI DEALER
Super Antik Tdk Ada Duanya 
Lampu Sen Putih 
New model 
Full orisinil 
Tipe GREAT XENIA 1.3 DELUXE 
DUAL VVTI ALLNEW AUTOMATIC 
KONDISI SEPERTI BARU GRESSSSSSSSS
Doubel Airbag 
PALING LENGKAP SEPERTI BARU
FULL VARIASI 
TIDAK ADA DUANYA SE INDONESIA
( SILAHKAN LIAT DAN BUKTIKAN )

Harga khusus paket kredit super Murah  =      138  jt 

Total  dp   =     5   JT

Angsuran  =      3 ,  9   JTAN ×59

ATAU

Total Dp     =        18    JT

Angsuran   =          3  ,  5   JTAN × 59

* BERGARANSI MESIN + TRANSMISI SELAMA 1 TAHUN * 

* Free Emergency Towing Seluruh Indonesia Selama 1 Tahun * 

Kredit bisa dibantu syarat mudah proses cepat

- 1000% Full orisinil
- Mulus sekali tanpa cacat sedikit pun
- interior bersih lux masih wangi baru
- kilometer rendah Wangi Baru  Super Antik MIRIP MOBIL BARU DARI DEALER 
KONDISI SEPERTI BARU
FULL VARIASI
- NEW MODEL
- FACE LIFT
- kondisi super istimewa 
- tidak ada duanya 
- AUTOMATIC  Responsif dan Bertenaga 
- AC DOUBEL , TV USB , ps , pw , rpm , electric mirror, velg Racing , wiper belakang 
Doubel Airbag 
- tipe  komplit GREAT XENIA 1.3 DELUXE  ALLNEW DUAL VVTI AUTOMATIC 
- perfect condition
- Nik 2021 
- paling lengkap 
- Stnk panjang  3 - 2027
- liat dan buktikan sendiri
- barang super istimewa 
- kondisi seperti baru
- TIDAK ADA DUANYA SE INDONESIA 
( SILAHKAN LIHAT DAN BUKTIKAN )

Wtc mangga dua Lantai 11  i 27
( P11  i 27 ) Di Pojok Ujung Depan Parkir Biliard ada tangga kecil turun kebawah
Gunung sahari raya depan ancol

Hubungi =  O .877-9467-2068

Hubungi untuk keterangan selanjutnya",Daihatsu,Lainnya,,Lainnya,65.000-70.000,138000000.0
947100153,Bmw 730i Mdl 2024 Model Terbaru Gresssss Keren Abis Liat Pasti Naksir,"OTR328JT KEREN ABIS BMW FULL CONVERT BMW G70  FACELIFT SIAP MORNING RUN KEREN ABIS SIAP NONGKRONG DAN MEJENG DIMANAPUN
Upgrade Full Bmw SERI 7 G 70 2024
INTERIOR Mewah+  COVER REM BREMBO 6 POT DEPAN BELAKANG , VELG BMW M5  R 20
+ BAN BARU 99% +  JOK KULIT CREAM  RARE COLOUR + SHIFT CONTROL DISETIR + SETIR BMW  +
Panel Kayu  Interior Stir Kulit Abs Doubel Airbag
- tipe paling komplit 
BMW 730i Luxury Upgrade G 70 2024
  Wangi Baru 
Super Gresssss KEREN SEKALI
MIRIP MOBIL BMW SERI 7 G70 2024
Super Keren Habissssssss
Tdk Ada Duanya Se Indonesia
Jok kulit 
Lampu LED 
New model Automatic
Full orisinil 
Tipe Model UPGRADE G70 SERI 7 2024
KONDISI PERFECT CONDITION GRESSSSSSSSS
Abs+  Doubel Airbag 
INTERIOR RARE COLOUR  MEWAH SEKALI
Control Audio Di Setir
PALING LENGKAP KEREN HABIS
FULL VARIASI BMW SERI 7 G 70
 MODEL TERBARU
TIDAK ADA DUANYA SE INDONESIA

Harga CASH SUPER MURAH = 
 358   JT 

Harga KREDIT SUPER MURAH = 
  328   JT 


- FULL MODIF BMW SERI 7 G 70 FACELIFT Mobil Mirip Seharga 3  M an 
- Mulus sekali tanpa cacat sedikit pun
- interior bersih lux masih wangi baru
- LOW ODO 38.000  Wangi Baru  Super
- BUKU SERVIS + KUNCI SEREP LENGKAP Antik MIRIP MOBIL BARU DARI DEALER 
KONDISI SUPER KEREN HABIS 
SIAP NONGKRONG DAN MORNING RUN
FULL MODIFIKASI BMW SERI 7 G 70 MODEL TERBARU  FACE LIFT 
AC DIGITAL , TV CD MP3 USB , ps , pw , rpm , electric mirror , foglamp COVER REM BREMBO 6 POT DEPAN BELAKANG , VELG BMW R20 M5 LOOK + BAN BARU 99% + JOK KULIT Asli + SHIFT CONTROL DISETIR + SETIR  BMW EDITION 
Panel Karbon Interior Stir Kulit Abs Doubel Airbag
 BMW SERI 7 MODEL TERBARU 2024 ( Keren Abis )  Modifikasi Abis  250jt AN 
- Nik  2010
- 100 % PERFECT CAR  ISTIMEWA
- Liat dan Buktikan Sendiri
- Barang Super Istimewa 
- KONDISI PERSIS Bmw Seri 7 2024 
FACE LIFT TERBARU
- TIDAK ADA DUANYA SE INDONESIA 
( SILAHKAN ANDA LIHAT DAN BUKTIKAN )

Wtc mangga dua Lantai 11 i 27
( P11 i 27 )  Dipojok Ujung Depan Parkir Biliard Ada Tangga Kecil Turun Kebawah 

 Hubungi  =   O .877-9467-2068",BMW,Lainnya,,Lainnya,30.000-35.000,328000000.0
947100826,Taft 4x4 Rocky 2000 Offroad Style Gagah Keren Kuat Siap Offorad Style,"DAIHATSU TAFT ROCKY 4X4 TURBO DIESEL 2.800 CC  FACE LIFT
Th  2000
  Wangi Baru 
KM Rendah 
MIRIP MOBIL BARU DARI DEALER
Super Antik Tdk Ada Duanya 
Jok kulit 
Lampu Sen Putih FACE LIFT 
New model Keren Abis
Full orisinil 
Tipe 2.800 CC TURBO DIESEL 
4 X 4 Aktif Berfungsi Dengan Sempurna
KONDISI SEPERTI BARU GRESSSSSSSSS
PALING LENGKAP SEPERTI BARU
FULL VARIASI 
TIDAK ADA DUANYA SE INDONESIA
BARANG LANGKAH

Harga  CASH  Super Murah 
=  175  jt 
 
- Full orisinil Modifikasi Proper
- Mulus sekali tanpa cacat sedikit pun
- interior bersih lux masih wangi baru
- kilometer rendah Wangi Baru  Super Antik MIRIP MOBIL BARU DARI DEALER 
KONDISI SEPERTI BARU
FULL VARIASI
- NEW MODEL
- FACE LIFT
Full Speak Modifikasi Offroad Proper 
 4 x 4 
- kondisi super istimewa 
- TIDAK ADA DUANYA SE INDONESIA
- Manual Responsif dan bertenaga 
- AC ND TV CD MP3 USB Sound Systeam , RT, ps , rpm , central Lock , velg racing Ban Besar Offroad Speak Turbo Diesel JOK KULIT FACE LIFT  Winch Depan + Winch Belakang Modifikasi Proper Keren Sekali ( Sesuai Foto) Khusus Penggemar Yg Hobi
- perfect condition
- Nik 1999
- paling lengkap 
- Stnk panjang 
- liat dan buktikan sendiri
- barang super istimewa 
- kondisi seperti baru
- TIDAK ADA DUANYA SE INDONESIA 

Wtc mangga dua lantai 11
 P11 i 27( Dipojok ujung Depan Parkir Biliard Ada tangga Kecil Turun kebawah ) 
Gunung sahari raya depan ancol

Hubungi =    O .877-9467-2068

Hubungi untuk keterangan selanjutnya",Daihatsu,Lainnya,,Lainnya,110.000-115.000,175000000.0
946266439,Renault Triber RXZ 2022 AT LowKm FullOriginal,"OTR88JTTDP14jt RENAULT TRIBER RXZ AT 2022
FULLORIGINAL SEPERTIBARU GRESSSSS
RENAULT TRIBER RXZ  AUTOMATIC
  FACE LIFT 
Th  2022
  Wangi Baru 
KM 40.000 MASIH GRESSSS LIKE NEW
ANTIKKKKKKK
MIRIP MOBIL BARU DARI DEALER
Super Antik Tdk Ada Duanya 
New model AUTOMATIC 
Full orisinil 
Tipe RXZ AUTOMATIC FACE LIFT 
KONDISI SEPERTI BARU GRESSSSSSSSS
Abs+  Doubel Airbag 
PALING LENGKAP SEPERTI BARU
FULL VARIASI 
LANGKAH JARANG ADA
TIDAK ADA DUANYA SE INDONESIA

Harga CASH  Super murah  =     
  98  jt 

Harga PAKET KREDIT Super Murah = 
  88    jt

TOTAL  DP =  23.   JT  SAJA 

ANGSURAN =  2 ,  1   JTAN × 59 gr

*** BERGARANSI MESIN + TRANSMISI SELAMA 1 TAHUN 

*** FREE EMERGENCY TOWING SELURUH INDONESIA SELAMA 1 TAHUN

- 1000% Full orisinil
- Mulus sekali tanpa cacat sedikit pun
- interior bersih lux masih wangi baru
- kilometer rendah 40.000 Wangi Baru  Super Antik MIRIP MOBIL BARU DARI DEALER 
KONDISI SEPERTI BARU
- NEW MODEL
- kondisi super istimewa 
- tidak ada duanya 
- AUTOMATIC Responsif dan bertenaga 
- AC DOUBEL , TV USB Bluetooth , ps , pw , rpm , electric mirror , foglamp , velg racing , wiper belakang , Abs Doubel Airbag + FULL ORIGINAL + NEW RXZ AT
Jok 3 BARIS HADAP DEPAN
- tipe paling komplit RXZ AUTOMATIC  FACE LIFT 
- perfect condition
- 100 % FULL ORIGINAL SEPERTIBARU
- Nik  2020
- paling lengkap 
- Stnk panjang  6 - 2027
- Kaleng 6 - 2031
- liat dan buktikan sendiri
- barang super istimewa 
- kondisi seperti baru
- TIDAK ADA DUANYA SE INDONESIA 
( SILAHKAN LIHAT DAN BUKTIKAN ) 

Wtc mangga dua lantai 11 i 27 
 ( P 11 i 27 )  DIPOJOK UJUNG DEPAN BILIARD ADA TANGGA KECIL TURUN KEBAWAH
Gunung sahari raya depan ancol

Hubungi =  O877. 9467. 2068

Hubungi untuk keterangan selanjutnya",Renault,Lainnya,,Lainnya,40.000-45.000,88000000.0
948197592,[km 13rb] Toyota Yaris 1.5 GR Sport 2023,"Toyota Yaris 1.5 GR Sport 2023
Service Record Toyota 
Super White on Black Two Tone
Low Odo (13rb)
Harga 235jt ( KREDIT )

DOCUMENT :

Perakitan 2023
Faktur 2023
Plat B ( Genap )
Pajak 03/2027
An Pribadi
Tangan 1

ENGINE :

1.5L 2NR-FE Dual VVT-i Petrol Engine (105Hp/140Nm)
4 Speed Automatic Transmission

SPEC :

GR Sport Front Grille
GR Sport Front Bumper
GR Sport Engine Start Stop Button
Multifunction Steering with Paddle Shift
Apple Car Play & Android Auto
Rear Parking Camera
ECO Mode
Sport Mode
Vehicle Stability Control
16"" Original Toyota Yaris GR Wheels

Garansi 12 Bulan Mesin dan Transmissi dan Lulus Inspeksi Bebas Bekas Tabrak & Banjir by @otospector

Location : Morten Auto",Toyota,Lainnya,,Lainnya,10.000-15.000,235000000.0
948197577,Mercedes Benz S450 President ATPM,"Mercedes Benz S450 President ATPM

NIK 2024
KM 4000
Pajak bulan 1, 2027
Plat B (Genap Blank)

Specs:
Black on Cognac Interior
President Badge
Panoramic Roof
Burmester Surround Sound
1 Monitor + 2 TV RSE
Air Suspension
Digital Speedometer 
Camera 360 Degree
Soft Close Doors
Massage Seat Function
Power Back Door
Velg Original
ATPM Warranty 
•

Harga 2.150m Nego

Untuk info lebih lanjut hubungi :
JMK AUTO GALLERY (gmaps)",Mercedes-Benz,Lainnya,,Lainnya,0-5.000,2150000000.0
945849245,Ford EcoSport Titanium AT 2015 FullOriginal SepertiBaru Gressss ISTW,"OTR85JT TDP13JT ECOSPORT TITANIUM KM78RB FULLORIGINAL SEPERTIBARU GRESSSSSSSSS
FORD ECOSPORT TITANIUM AUTOMATIC
  Th  2015
  Wangi Baru 
KM Rendah 78.000 SUPER ANTIK
MIRIP MOBIL BARU DARI DEALER
TERMURAH SE INDONESIA
1000 % BEBAS LAKA BANJIR
Full orisinil 
Tipe ECO SPORT TITANIUM  Automatic 
Panel Kayu + Stir Kulit + JOK KULIT ASLI + KEYLESS + START STOP TOMBOL + SUNROOF
KONDISI SEPERTI BARU GRESSSSSSSSS
Abs+  Doubel Airbag 
Control Audio Di Setir
PALING LENGKAP TYPE TITANIUM
TIDAK ADA DUANYA SE INDONESIA

Harga CASH Super murah  =     
   99 ,  5    jt 

Harga PAKET KREDIT Super Murah = 
     85     jt 

TOTAL  DP   =      13     JT 

ANGSURAN  =        2  ,  6     JTAN × 59

*** BERGARANSI MESIN + TRANSMISI SELAMA 1 TAHUN ***

- 1000 %  Full orisinil Gressssss Banget
- Mulus sekali tanpa cacat sedikit pun
- interior bersih lux masih wangi baru
- Kilometer Rendah 78.000 Wangi Baru  Super Antik MIRIP MOBIL BARU DARI DEALER 
KONDISI SEPERTI BARU
- BUKU SERVIS + KUNCI SEREP LENGKAP
- SIAPA CEPAT DAPAT 
MOBIL MURAH IRIT MEWAH KONDISI SEPERTI MOBIL BARUUUUU
BASA BASI SKIP
- FACE LIFT
- kondisi super istimewa 
- tidak ada duanya 
- Automatic responsif dan bertenaga 
- AC ND,  USB cd mp3 , , ps , pw , rpm , electric mirror , foglamp , velg racing , wiper belakang + JOK KULIT  ASLI
Panel  Stir Kulit Abs Doubel Airbag + SPOILER  ORIGINAL + KEY LESS +START STOP TOMBOL + SUNROOF 
- tipe komplit ECOSPORT TITANIUM AUTOMATIC
- perfect condition
- Nik  2014
- paling lengkap 
- Stnk panjang banget  1  - 2027 ( ENAK MAKAN + ENAK TIDUR )
- liat dan buktikan sendiri
- barang super istimewa 
- KONDISI MOBIL MASIH SEPERTI BARUU
- TIDAK ADA DUANYA SE INDONESIA RAYA 
 (  SILAHKAN ANDA  LIHAT DAN BUKTIKAN ) 

Wtc mangga dua lantai 11 i 27 
( P11 i 27  ) DI POJOK UJUNG DEPAN PARKIR BILLIARD ADA TANGGA KECIL TURUN KEBAWAH
Gunung sahari raya depan ancol

Hubungi =     O .877-9467-2068

Hubungi untuk keterangan selanjutnya",Ford,Lainnya,,Lainnya,75.000-80.000,85000000.0
948197550,Mazda CX5 CX-5 Elite Skyactiv 2019,"Mazda CX5 CX-5 Elite Skyactiv 2019

Service Record Mazda
Snowflake White on Black
Low Odo (55rb)

Harga 295jt ( KREDIT )
Harga cash please call

DOCUMENT :

Faktur 2019
Perakitan 2019
Plat B ( Ganjil )
Pajak 11/2026
An Pribadi
Tangan 1

Engine : 

2.5L SKYACTIV-G Petrol Engine (190Ps/251Nm)
6 Speed SKYACTIV-DRIVE AT

SPEC :

Mazda i-ACTIVSENSE
Head Up Display
Multifunction Steering with Paddle Shift
Electric Sunroof
BOSE Premium Sound
Leather Seat
Electric Seat with Memory Seat
Rear Parking Camera
Parking Sensor
Power Back Door
Electric Parking Brake with AutoHOLD
19” Original Mazda CX-5 Elite Wheels

Garansi 12 Bulan Mesin dan Transmissi dan Lulus Inspeksi Bebas Bekas Tabrak & Banjir by @otospector

Location : Morten Auto",Mazda,Lainnya,,Lainnya,50.000-55.000,295000000.0
940117841,Mercedes Benz E250 2011 Mdl E 63 AMG W213 Full Modifikasi Keren Abis,"OTR178JT KEREN ABIS E250 AMG FULL CONVERT E63 S  AMG FACELIFT W213 2025 SIAP MORNING RUN KEREN ABIS SIAP NONGKRONG DAN MEJENG DIMANAPUN
MERCEDES BENZ MODEL E63 AMG W213 INTERIOR PANEL WOOD  +  COVER REM ENDLESS 6 POT DEPAN BELAKANG , VELG AMG E63 + BAN 4 BARU 90% + JOK KULIT BEIGE RARE COLOUR + 
Panel Karbon Interior Stir Kulit Abs Doubel Airbag
- tipe paling komplit 
Tahun   2011
  Wangi Baru 
Super Gresssss KEREN SEKALI
MIRIP MOBIL E63 S  AMG W213 2025
Super Keren Habissssssss
Tdk Ada Duanya Se Indonesia
Jok kulit 
Lampu LED 
New model Automatic
Full orisinil 
Tipe E 250 CGI MODEL E 63 S AMG
 Bi Turbo  W 213  2025 
Panel Carbon Interior
KONDISI PERFECT CONDITION GRESSSSSSSSS
Abs+  Doubel Airbag 
INTERIOR RARE COLOUR CARBON  MEWAH SEKALI
Control Audio Di Setir
PALING LENGKAP KEREN HABIS
FULL VARIASI E63 S AMG V8 BI TURBO
TIDAK ADA DUANYA SE INDONESIA

Harga CASH SUPER MURAH = 
   198   JT 

Harga KREDIT SUPER MURAH = 
   178    JT
 
TOTAL DP  =   58  JT

ANGSURAN =     4  ,   8    JT AN x47

ATAU 

TOTAL  DP =    58    JT 

ANGSURAN =       4  ,  3   JT AN ×59

*** PENAMPILAN MOBIL SEHARGA
 1 , 5 M  ***  BERGENGSI KEREN ABISSSS

- FULL MODIF MODEL E63 S AMG FACELIFT  W213   2025 
- Mulus sekali tanpa cacat sedikit pun
- interior bersih lux masih wangi baru
- LOW ODO 67.000  Wangi Baru  Super Antik MIRIP MOBIL BARU DARI DEALER 
KONDISI SUPER KEREN HABIS 
SIAP NONGKRONG DAN MORNING RUN
FULL MODIFIKASI E63 E  AMG FACE LIFT 2025  W 213 
AC DIGITAL , CD MP3 , ps , pw , rpm , electric mirror , foglamp COVER REM ENDLESS 6 POT DEPAN BELAKANG , VELG AMG E63 + BAN 4 BARU 90% + JOK KULIT + SHIFT CONTROL DISETIR + KNALPOT AMG 
Panel Karbon Interior Stir Kulit Abs Doubel Airbag
- tipe paling komplit MERCEDES BENZ E250 FACELIFT  E63 S AMG V8 BI TURBO
- Nik  2010
- 100 % PERFECT CAR  ISTIMEWA
- Liat dan Buktikan Sendiri
- Barang Super Istimewa 
- KONDISI PERSIS E63 S AMG V8 BI TURBO FACE LIFT 
- TIDAK ADA DUANYA SE INDONESIA 
( SILAHKAN ANDA LIHAT DAN BUKTIKAN )

Wtc mangga dua Lantai 11  i 27
( P 11 i 27 )  Dipojok Ujung Depan Biliard Ada Tangga Kecil Turun Kebawah 

Hubungi   =     O877.     9467.    2068",Mercedes-Benz,Lainnya,,Lainnya,60.000-65.000,178000000.0
948152462,[ LOW KM ] Range-Rover Autobigraphy LWB 7 seater,"#forsale Land Rover Range Rover Vogue Autobiography P400 LWB MHEV 7 seater 


- Nik 2023 reg 2024
- Mesin 3.0L inline -6 turbocharged 440 HP torsion 550 NM
- Transmisi otomatis 8-Speed
- All wheel drive
- Electric Airsuspension 
- Panoramic sunroof
- Vacuum Doors
- Powerback door
- Meridian Sound System 
- Head up display
- foot step electric 
- 3 rows 7 seater 
- accident and flood free 

For Credit 4.450 M 

Pengurusan kredit bisa di bantu sampai final approve. Data domisili luar daerah di bantu pengurusannya.

OTR Cash by phone/wa",Land Rover,Lainnya,,Lainnya,5.000-10.000,4450000000.0
947935571,DP RENDAH - Toyota Rush 1.5 TRD Sportivo Bensin-AT 2018,".
DP RENDAH - Toyota Rush 1.5 TRD Sportivo Bensin-AT 2018 Silver 
.
Harga Cash : Hubungi Saya / Chat Me 
Harga Credit : Rp.  179,000,000 ,-
TDP :  18,000,000
Angsuran 4 Tahun : Rp. 5,600,000 ,-
Angsuran 5 Tahun silahkan hubungi untuk informasi lebih lanjut
.
Beli Mobil Terus Untung!!
Beli mobil dan dapatkan bonus saldo digital hingga Rp1.500.000!
*S&K berlaku
.
Keunggulan Unit
1. Pajak : April 2027
2. Odometer : 111.xxx 
3. Like New
4. Tangan Pertama
5. Atas nama  : Perorangan
6. Plat Ganjil
.
GRATIS HOME TEST DRIVE
.
Pembayaran Booking Fee / Pelunasan hanya melalui no rekening 2061/888/995 - BCA - an SERASI MITRA MOBIL PT

TDP promo hanya Berlaku jika:
- BI checking Bersih (tidak pernah ada keterlambatan pembayaran)
- Rumah Milik Pribadi
- Pemasukan/Gaji= 3x Angsuran.
*Bisa di bantu Rumah Kontrak dan BI checking bermasalah dengan TDP 30%* (S&K Berlaku)
.
Kunjungi kami di
OLXmobbi Bekasi
Jl. Jend. Sudirman No.1, Kranji, Kec. Bekasi Bar., Kota Bks, Jawa Barat KODE POS 74186
.
Rudi Hartono - Sales Advisor
OLXmobbi
Ahlinya Mobil Bekas Berkualitas",Toyota,Lainnya,,Lainnya,110.000-115.000,179000000.0
947599159,Mercedes Benz SLK250 AMG NIK 2013 Red On Black,"Bonus!!
-Free Towing selama 1tahun
-Lulus otospector
-Autofame siap (General Check Up) ke bengkel resmi untuk membuktikan mobil kita berkualitas
Term and Condition
.
KM 19.000 SUPER ANTIK Mercedes Benz SLK250 AMG NIK 2013 Red On Black

Plat Ganjil, Red On Black, SUPER ANTIK KM 19.000, Pemakaian Pribadi, NIK 2013, Pajak Sangat Panjang Sampai Bulan 05 2027, Tipe & Spec Tertinggi, SLK250 AMG CBU Panoramic Roof, Cabriolet Hardtop, Harman Kardon Audio, DRL Lamp, Full Spec, Calyper + Disc OEM AMG, AMG Package, Original Black Leather Seat, Electric Seats With Memory, Electric Tilt & Telescopic Steer, Silver Panel Instrument, Interior Rapih, Electronic Stability Control, Kondisi Full Original Mulus Sekali, Tinggal Pakai.
.
For Cash : Rp 645 Juta
For Credit : Rp 595 Juta
.
3 Tahun
TDP : Rp 171.071.318 Juta
Angsuran : Rp 17.631.944 Juta X 35
.
4 Tahun
TDP : Rp 173.113.543 Juta
Angsuran : Rp. 14.221.510 Juta X 47
.
Terima Tukar Tambah Mobil lama Anda
Harga Bisa Nego Langsung Di Tempat Sampai Deal
.
.
AUTOFAME MENERIMA
•Menerima Jual Beli dan Tukar Tambah
•Pembayaran bisa dengan (Cash / Kredit)
•Autofame siap (General Check Up) ke bengkel resmi untuk membuktikan mobil kita berkualitas
.
Search google : Autofame
Search waze : Autofame
.
Buka Setiap Hari: 09:00 - 18.00
(Sabtu / Minggu / Tanggal Merah tetap buka yaaa!!)
-QUALITY IS OUR PRIORITY-
.
AUTOFame Cibubur
Kota Wisata Somerset N 8 no. 5
Jalan Transyogie Km.6 Cibubur
.
AUTOFame Mangga dua square)
Bursa otomotif Mangga dua square (BOM's) Lot L18-23
Jalan Gunung Sahari No. 1 Jakarta utara",Mercedes-Benz,Lainnya,,Lainnya,15.000-20.000,595000000.0
947935563,DP RENDAH - Honda CR-V 1.5 Turbo Prestige Bensin-AT 2023,".
DP RENDAH - Honda CR-V 1.5 Turbo Prestige Bensin-AT 2023 Hitam 
.
Harga Cash : Hubungi Saya / Chat Me 
Harga Credit : Rp.  364,000,000 ,-
TDP :  42,000,000
Angsuran 4 Tahun : Rp. 11,000,000 ,-
Angsuran 5 Tahun silahkan hubungi untuk informasi lebih lanjut
.
Beli Mobil Terus Untung!!
Beli mobil dan dapatkan bonus saldo digital hingga Rp1.500.000!
*S&K berlaku
.
Keunggulan Unit
1. Pajak : March 2027
2. Odometer : 111.xxx 
3. Like New
4. Tangan Pertama
5. Atas nama  : Perorangan
6. Plat Ganjil
.
GRATIS HOME TEST DRIVE
.
Pembayaran Booking Fee / Pelunasan hanya melalui no rekening 2061/888/995 - BCA - an SERASI MITRA MOBIL PT

TDP promo hanya Berlaku jika:
- BI checking Bersih (tidak pernah ada keterlambatan pembayaran)
- Rumah Milik Pribadi
- Pemasukan/Gaji= 3x Angsuran.
*Bisa di bantu Rumah Kontrak dan BI checking bermasalah dengan TDP 30%* (S&K Berlaku)
.
Kunjungi kami di
OLXmobbi Bekasi
Jl. Jend. Sudirman No.1, Kranji, Kec. Bekasi Bar., Kota Bks, Jawa Barat KODE POS 67556
.
Rudi Hartono - Sales Advisor
OLXmobbi
Ahlinya Mobil Bekas Berkualitas",Honda,Lainnya,,Lainnya,110.000-115.000,364000000.0
947688658,[RECORD] Toyota Corolla Cross 1.8 Hybrid AT 2021,"Toyota Corolla Cross 1.8 Hybrid AT 2021 Platinum White Pearl

‎- Engine 1.8 2ZR-FXE, 4-silinder, Hybrid, Atkinson Cycle, Dual VVT-i.
‎- Transmisi E-CVT dengan Shift Lock.
‎- Tenaga dari mesin bensin 98 PS (Torsi 142 Nm), sedangkan motor listriknya menghasilkan 72 PS (Torsi 162,7 Nm).
- PAJAK 12-2026.
- KM 87RB FULL RECORD TOYOTA!
‎- Fitur 7 Airbags, Sunroof, ABS, EBD, BA, Vehicle Stability Control, Hill Start Assist Control, AC Dual-Zone Automatic Climate Control.
‎- Head Unit Layar Sentuh, Radio, CD, USB, Bluetooth, dan Konektivitas Smartphone, Cruise Control.
-KAKI - KAKI NYAMAN!
-INTERIOR ORIGINAL TERAWAT!

Otr 278jt Cash 295jt

Paket A 
Tdp 80jt cicilan 8.155.000 x 35
Tdp 80jt cicilan 6.510.000 x 47
Tdp 80jt cicilan 5.565.000 x 59

Paket B 
Tdp 70jt cicilan 9.177.000 x 35
Tdp 70jt cicilan 7.429.000 x 47
Tdp 70jt cicilan 6.342.000 x 59

Paket C 
Tdp 60jt cicilan 9.326.000 x 35
Tdp 60jt cicilan 7.671.000 x 47
Tdp 60jt cicilan 6.780.000 x 59

Paket D 
Tdp 20jt cicilan 10.698.000 x 36
Tdp 20jt cicilan 8.804.000 x 48
Tdp 20jt cicilan 7.657.000 x 60",Toyota,Lainnya,,Lainnya,85.000-90.000,278000000.0
947331642,KM Low Honda CRV Prestige 2020 Istimewa #BJM1#,"Yang Anda dapatkan jika membeli di BJM Autocars :
* Hanya menjual Mobil Bekas Berkualitas Terbaik & Siap Pakai
* Harga kredit kami adalah Harga Real dan bisa dibuktikan perinciannya  ( Bukan Harga Fiktif )
* Telah Lulus Inspeksi ratusan titik
* Garansi Mesin dan Transmisi ( S&K Berlaku )
* Kilometer Asli / Tidak Putaran
* Mobil Bebas dari Tabrakan Berat & Banjir
* Bersedia General Check Up
* Selalu mengutamakan Kepuasan Pembeli
* Jujur, Amanah & Terpercaya
* Berpengalaman di bidang mobil bekas lebih dari 15 tahun

KM Low Honda CRV Prestige 2020 Istimewa

** Harga Cash Rp. 345,000,000
** Harga Kredit Rp. 310,000,000

PAKET A
TDP Rp. 28,000,000
Angsuran : Rp. 11,325,000 x 35
Angsuran : Rp. 9,329,000 x 47
Angsuran : Rp. 8,207,000 x 59
Asuransi TLO
( Perhitungan Simulasi Kredit sewaktu2 dapat berubah, sesuai dengan ketentuan yang berlaku )

PAKET B
TDP Rp. 38,000,000
Angsuran : Rp. 11,015,000 x 35
Angsuran : Rp. 8,758,000 x 47
Angsuran : Rp. 7,427,000 x 59
Asuransi TLO
( Perhitungan Simulasi Kredit sewaktu2 dapat berubah, sesuai dengan ketentuan yang berlaku )

Spesifikasi Kendaraan :
- Nik 2020
- Warna Abu2 Bulan Metalik
- Transmisi Automatic with PaddleShift
- Interior Original Black Leather Seat
- Electric Seat ( Front )
- Low KM 68rban
- Keyless ( Start/Stop Engine Button )
- Head Unit 9 inch Touch Screen
- Original Panoramic/Sunroof
- EBD (Electronic Brake Distribution), Anti Lock Braking System
- Brake Assist, Vehicle Stability Control System, Hill-Start Assist Control
- AC Digital, Automatic Climate Control
- Econ System, Wooden Panel
- Electric Handbrake, Auto Hold
- Steering Audio Controller, Cruise Control
- Electric Mirror, Spion Sein & Retractable
- Foglamp, Rear Wiper & Spoiler
- Daily Running Lights (DRL), Ornament Chrome
- Parking Sensor & Rear Camera
- Buku2 dan Kunci Cadangan lengkap
- 1.5L Petrol Engine, 4 Cylinder 16 Valve DOHC
- Velg Racing Original, Ban2 masih bagus
- Istimewa Rawatan, Siap Pakai !!

BJM Auto Gallery
Bursa Mobil Poins Square Mall
Parkiran Basement B3
Lebak Bulus - Jakarta Selatan
( Dekat Stasiun MRT Lebak Bulus )",Honda,Lainnya,,Lainnya,60.000-65.000,310000000.0
947935511,DP RENDAH - Honda BR-V 1.5 E Bensin-MT 2022,".
DP RENDAH - Honda BR-V 1.5 E Bensin-MT 2022 Putih 
.
Harga Cash : Hubungi Saya / Chat Me 
Harga Credit : Rp.  190,000,000 ,-
TDP :  19,000,000
Angsuran 4 Tahun : Rp. 5,900,000 ,-
Angsuran 5 Tahun silahkan hubungi untuk informasi lebih lanjut
.
Beli Mobil Terus Untung!!
Beli mobil dan dapatkan bonus saldo digital hingga Rp1.500.000!
*S&K berlaku
.
Keunggulan Unit
1. Pajak : September 2026
2. Odometer : 46.xxx 
3. Like New
4. Tangan Pertama
5. Atas nama  : Perorangan
6. Plat Ganjil
.
GRATIS HOME TEST DRIVE
.
Pembayaran Booking Fee / Pelunasan hanya melalui no rekening 2061/888/995 - BCA - an SERASI MITRA MOBIL PT

TDP promo hanya Berlaku jika:
- BI checking Bersih (tidak pernah ada keterlambatan pembayaran)
- Rumah Milik Pribadi
- Pemasukan/Gaji= 3x Angsuran.
*Bisa di bantu Rumah Kontrak dan BI checking bermasalah dengan TDP 30%* (S&K Berlaku)
.
Kunjungi kami di
OLXmobbi Bekasi
Jl. Jend. Sudirman No.1, Kranji, Kec. Bekasi Bar., Kota Bks, Jawa Barat KODE POS 75608
.
Rudi Hartono - Sales Advisor
OLXmobbi
Ahlinya Mobil Bekas Berkualitas",Honda,Lainnya,,Lainnya,45.000-50.000,190000000.0
948188626,[GARANSI 5THN LOW KM] Daihatsu Copen Cero S Convertible 2024/2025/2026,"BELI MOBIL TANPA KHAWATIR BERGARANSI 5 TAHUN!

NEW Daihatsu Copen Cero S Convertible CBU AT Putih NIK 2026, ODOMETER 400 AN PERAK KM, LIMITED EDITION! COLLECTOR ITEM! 

SPECIAL OPTION :
* Velg Volk Racing R.16
* Dash Cam Video Recorder
* Bilstein Shock Absorbers
* Convertible Hard Top (Carbon)
* Exclusive Heated RECARO Seats - Beige Suede Effect
* MOMO Leather-Wrapped Steering Wheel w/ Paddle Shifters
* Exhaust Dual Tail Pipe
* BONUS VELG & KNALPOT Original
-
Focus Motor Belanja Mobil 26 Tahun Membangun Kepercayaan.
Nikmati standar baru kepemilikan mobil bekas dengan garansi komprehensif hingga 5 TAHUN untuk 155 KOMPONEN. BERSERTIFIKAT, BERPOLIS, dan didukung layanan CUSTOMER SERVICE PERSONAL untuk pengalaman berkendara yang aman dan tanpa khawatir.

Belanja Mobil bukan hanya menjual mobil bekas. Kami jual mobil bekas dengan RASA AMAN seperti mobil baru.

5 BELANJA MOBIL PROMISE :
1. Mobil Terinspeksi 155 titik
2. TERGARANSI 5 tahun
3. Harga Transparan
4. Jaminan Trade-in/Buyback
5. After Sales yg baik (Mempunyai Customer Service Personal)

-UNIT 100% BEBAS TABRAK DAN BEBAS BANJIR (garansi uang kembali)
-Dokumen ABSAH
-BONUS! Free Detailing (pembersihan) 2x (1 tahun)
-
OTR KREDIT 580JT
OPEN CASH BY CALL

Bunga Premium
Tdp 109 jt
Ang 16,555,500 x47 tlo

Tdp 99 jt
Ang 14,497,000 x59 tlo

Untuk request DP / Hitungan lain, silakan hubungin kami

Harga kredit tertera adalah harga minimal kredit dengan tenor 4 & 5 tahun, diluar itu mengikuti harga Cash (karena kami mensubsidi refund bunga kepada anda)
-
Spesifikasi :
* Engine 658 cc Turbocharged Inline-3
* 64 Hp, 110 Nm
* 7-Speed Super Active Shift CVT
* Front-Wheel Drive
* Keyless Start Stop Engine
* Automatic Air Conditioning
* Panasonic CN-HE02WD Colour Touch Display
* Cero Edition : Bumper, Headlamp, Hood, Fenders, Stop Lamp
* Rear Parking Sensor, Traction Control System, Auto Start Stop


LOKASI : Focus Motor Bintaro, Bursa Otomotif Bintaro, Tangerang Selatan. (PGK) (BNT)",Daihatsu,Lainnya,,Lainnya,0-5.000,580000000.0
947935591,DP RENDAH - Toyota Yaris 1.5 GR Sport Bensin-AT 2022,".
DP RENDAH - Toyota Yaris 1.5 GR Sport Bensin-AT 2022 Putih 
.
Harga Cash : Hubungi Saya / Chat Me 
Harga Credit : Rp.  219,000,000 ,-
TDP :  23,000,000
Angsuran 4 Tahun : Rp. 6,700,000 ,-
Angsuran 5 Tahun silahkan hubungi untuk informasi lebih lanjut
.
Beli Mobil Terus Untung!!
Beli mobil dan dapatkan bonus saldo digital hingga Rp1.500.000!
*S&K berlaku
.
Keunggulan Unit
1. Pajak : April 2027
2. Odometer : 47.xxx 
3. Like New
4. Tangan Pertama
5. Atas nama  : Perorangan
6. Plat Ganjil
.
GRATIS HOME TEST DRIVE
.
Pembayaran Booking Fee / Pelunasan hanya melalui no rekening 2061/888/995 - BCA - an SERASI MITRA MOBIL PT

TDP promo hanya Berlaku jika:
- BI checking Bersih (tidak pernah ada keterlambatan pembayaran)
- Rumah Milik Pribadi
- Pemasukan/Gaji= 3x Angsuran.
*Bisa di bantu Rumah Kontrak dan BI checking bermasalah dengan TDP 30%* (S&K Berlaku)
.
Kunjungi kami di
OLXmobbi Bekasi
Jl. Jend. Sudirman No.1, Kranji, Kec. Bekasi Bar., Kota Bks, Jawa Barat KODE POS 75344
.
Rudi Hartono - Sales Advisor
OLXmobbi
Ahlinya Mobil Bekas Berkualitas",Toyota,Lainnya,,Lainnya,45.000-50.000,219000000.0
947472823,BMW X1 SDrive 18i XLine AT 2014,"Bismillah
Di Jual
BMW X1 SDRIVE 18i XLINE AT
TAHUN 2014
Black on Brown 
Interior Premium Leather
Low KM 80an 
Dipakai hanya Weekend saja
Pajak panjang 2027
A/N Sendiri B Bekasi
Harga Rp. 211,5 Juta nego halus
hub WA:
NoL 8 222 Lima 888 oo7
Atau
NoL 8 5775 satu enam 99o9

Salam BMW


bmw-x1-2.0-sdrive18i-xline-bensin-at-AT

Jarak tempuh mobil: 80000
Warna mobil: Hitam
Transmisi mobil: Otomatis
Tipe penjual: Individual",BMW,Lainnya,,Lainnya,85.000-90.000,210000000.0
947917898,Tdp 17jt Low Odo 3rb/thn COUNTRYMAN 1.5 TWIN TURBO 2023 2022,"Paket Flexing Tdp 17 jt & Angs 12,912jt Tenor 5th
Mini COUNTRYMAN 1.5 TURBO Low Odo 11rb  Pajak MEI 27
Siap General Check Bengkel Resmi

Please welcome 
MINI COOPER COUNTRYMAN 1.5 TWIN TURBO

NIK 2022
White Silver Metallic
Engine 1.500 CC
ODO 11.XXX MLS
Tax Mei 2027

Additional Information:
- 1.5 L TwinPower Turbo
- 3 Dynamic Driving Mode (Green, Mid, Sport)
- Power Back Door, Rear Parking Camera
- AC Dual Zone
- Cruise Control + Speed Limit

Harga Kredit 499 JT
Harga Cash 527 JT

Kredit Special Promo
Paket Flexing
Tdp 17 juta
Angsuran 12,912jt juta
Tenor 5 th

For Unit Information / Instant Approval Test Drive Hari Ini Besok Delivery
Contact : Steve 0878/1112/2010

*GARANSI Uang Kembali 1000%*
Mobil Lulus inspeksi @otospector
Mobil Bebas Banjir & Bebas Major Accident
Record mobil sesuai odometer
Dokumen mobil asli keabsahannya

Cek variasi stok unit di instagram
@chrisauto_garage
@chrisauto_official

Chris Auto Garage | CAG
Bursa Otomotif Sunter 
Blok D2-D3 | Blok C1A- 1B
(Masuk Pintu 5 Lurus Paling Ujung) 
Jl. Yos Sudarso Kav 87-88
Jakarta Utara
(Search Google Map -> Ketik Chris Auto Garage) 

Operational Hour
( Minggu / Tanggal Merah TETAP BUKA )
Senin - Sabtu 08.00 - 17.30
Minggu 10.00 - 16.00
Diluar jam operasional tetap kami layani by appointment",Mini,Lainnya,,Lainnya,10.000-15.000,499000000.0
948197470,Suzuki Ertiga 2017 Bensin,"Merek mobil: Suzuki
Tahun pembuatan: 2017
Model mobil: Ertiga
Varian mobil: mobil-bekas-suzuki-ertiga-1.4-gl-bensin-at-AT
Jenis bahan bakar mobil: Bensin
Jarak tempuh mobil: 200000
Warna mobil: Silver
Transmisi mobil: Otomatis
Tipe penjual: Individual",Suzuki,Lainnya,,Lainnya,195.000-200.000,122000000.0
945285322,Bunga 5% PAJAK 2027 Km 60k GANJIL Alphard G atpm 2018 Alphard g 2018,"KHUSUS yang ingin barang BAGUS
KHUSUS yang ingin bunga MURAH dan BISA BERHITUNG
KHUSUS untuk orang yang tidak terpukau dengan HARGA MURAH tapi Angsuran lebih MAHAL daripada HITUNGAN KAMI.
.
Lulus Inspeksi Dan Sertifikasi OTOSPECTOR, Mobil bebas Tabrakan dan Banjir.
MOBIL BERGARANSI MESIN DAN TRANSMISI SELAMA 2 TAHUN
.
Harga khusus Tunai Rp 560,000,000 
Harga khusus kredit Rp 515,000,000 
*
Paket kredit dp mumer dan bunga murah
.
. Total pembayaran pertama Rp 125,000,000  
Angsuran 23 bulan rp 22,200,000 BUNGA HANYA 5%
.
Total pembayaran pertama Rp 115,000,000  
Angsuran 35 bulan rp 15,700,000 BUNGA HANYA 5%
.
Total pembayaran pertama rp 110,000,000  
Angsuran 47 bulan rp 12,500,000 BUNGA HANYA 5.25%
.
Total pembayaran pertama rp 107,000,000  
Angsuran 59 bulan rp 10,800,000 BUNGA HANYA 6%

TDP sudah termasuk :
* Down Payment
* angsuran 1
* administrasi
- Asuransi 1 Tahun ALL RISK 
* asuransi tahun selanjutnya TLO ( Total Lost Only )
* PROVISI HANYA 1%
*
Yuk mari berhitung, kenapa harus beli mobil di PASKAH Mobil, karena kami MENGEMBALIKAN CASH BACK semua yang di berikan leasing KEPADA ANDA, terima kasih
.	 
Harga tersebut masih bisa di Negosiasi Hanya Setelah Datang Lihat Unit di Showroom Kami..
*
Keterangan Unit Kendaraan : 
.
Toyota ALphard 2.5 G ATPM Facelift
Faktur 2018
Tahun Pembuatan NIK 2018
STNK, BPKB, FAKTUR MASIH TANGAN PERTAMA DARI BARU 
ATAS NAMA PERUSAHAAN 
.
* KM 60K Service record Toyota 
. 
* Pajak terbayar 17 APRIL 2027 
TERBAYAR LUNAS 1 TAHUN 
Nomor Polisi B 2942 SMF / GENAP
B Dari DKI JAKARTA
.
SPESIFIKASI EXTERIOR :
* Grill Chrome
* Headlamp Projector + DRL ( Day Running Light )
* LED Stop lamps
* LED Running Sign
* Double sunroof
* Rear Cross Traffic Alert (blindspot)
* Velg Alloy R18 Inch
* Tires by Toyo Tranpath
* Foglamp with list chrome
* Sensor parking
* Spoiler
.
SPESIFIKASI INTERIOR & FITUR : 
* White on Beige 
* Black Dashboard With list silver 
* Leather Wheel with wood panel
* Steering Audio Control
* Digital Clock
* Pilot seats
* Leather Seats
* 2 TV monitor
* Camera Parking
* 4 camera 360° view
* Head Unit Touch Screen New Model Supp Hdmi, Ipod, Aux, USB, Radio, BT Phone
* Power Back Door
* Key less n engine start button
* i-stop
* Eco mode
* Automatic Hand brake 
* 4 electric seats
* 4 heater seats
* 2 cooler seats
* 1 memory seat
* Krey 
.
etc, standart Toyota Alphard G ATPM 2018 Facelift
.
Outlet : 
Paskah Mobil Mangga Dua Square 
Jl. Gunung sahari raya no 1 
Mangga Dua Square 
Lantai LG Lot M15-16 
Jakarta Utara 
.
ingin melihat stock mobil kami yang lain. silahkan klik VIEW PROFILE di akhir DISKRIPSI ini.
Tolong di favoritkan dan di follow ya teman2...
.
Terima Tukar Tambah Dan Berani Beli Mobil Yang Berkwalitas Istimewa
*
Terima Titip Jual beli Mobil. dengan surat surat Lengkap
.
SALAM 
PASKAH MOBIL",Toyota,Lainnya,,Lainnya,55.000-60.000,515000000.0
948197341,[ GARANSI 5THN AWD KM 16RB ] Subaru WRX 2.4 TS Eyesight 2022/2023/2024,"BELI MOBIL TANPA KHAWATIR BERGARANSI 5 TAHUN!

Subaru WRX 2.4 TS Eyesight AWD Wagon Facelift AT Biru Metalik NIK 2023, PAJAK BULAN 11 (2026), ODOMETER VERY LOW 16RB KM
-
Focus Motor Belanja Mobil 26 Tahun Membangun Kepercayaan.
Nikmati standar baru kepemilikan mobil bekas dengan garansi komprehensif hingga 5 TAHUN untuk 155 KOMPONEN. BERSERTIFIKAT, BERPOLIS, dan didukung layanan CUSTOMER SERVICE PERSONAL untuk pengalaman berkendara yang aman dan tanpa khawatir.

Belanja Mobil bukan hanya menjual mobil bekas. Kami jual mobil bekas dengan RASA AMAN seperti mobil baru.

5 BELANJA MOBIL PROMISE :
1. Mobil Terinspeksi 155 titik
2. TERGARANSI 5 tahun
3. Harga Transparan
4. Jaminan Trade-in/Buyback
5. After Sales yg baik (Mempunyai Customer Service Personal)

-UNIT 100% BEBAS TABRAK DAN BEBAS BANJIR (garansi uang kembali)
-Dokumen ABSAH
-BONUS! Free Detailing (pembersihan) 2x (1 tahun)
-
OTR KREDIT 640JT
OTR CASH BY CALL

DP Minim
Dp 107jt
Angs 19,464,000 x47 tlo

Dp 95jt
Angs 17,165,500 x59 tlo

Bunga Premium
Dp 119jt
Angs 18,393,000 x47 tlo

Dp 108jt
Angs 16,122,000 x59 tlo

UNTUK REQUEST DP / HITUNGAN LAIN, SILAKAN HUBUNGI KAMI

Harga kredit tertera adalah harga minimal kredit dengan tenor 4 & 5 tahun, diluar itu mengikuti harga Cash (karena kami mensubsidi refund bunga kepada anda)
-
Spesifikasi :
* Tangan Pertama Dari Baru, Pribadi
* Eyesight Safety System : PCB, ACC, LDWS, LSW, LVSA, LKAS
* Engine 2.4 cc 275 Hp (350 Nm) Turbo AWD
* Akselerasi 0-100 km/jam: 6.1 detik
* AC Touchscreen Dual Zone
* MID Digital Cluster
* 11,3 Inch Infotainment Toucscreen With Apple Carplay & Android Auto
* Electric Semi Bucket Seat with Memory Seat
* LED Projector Headlamp With DRL
* LED Tail Light
* SRS Airbags, BA, ABS, EBD, VSC COMPLETE SAFETY CAR
* Rear Parking Camera, Parking Censor, Traction Control
* Power Back Door
* Kaca Film Vkool
* Buku Service, Kunci Cadangan Tersedia


LOKASI : Focus Motor Bintaro, Bursa Otomotif Bintaro, Tangerang Selatan (CIH) (BNT)",Subaru,Lainnya,,Lainnya,15.000-20.000,640000000.0
948197322,[ GARANSI 5THN 4X4 KM 7RB ] BAIC BJ40 BJ 40 Plus Turbo 2024/2025/2026,"BELI MOBIL TANPA KHAWATIR BERGARANSI 5 TAHUN!

BAIC BJ40 BJ 40 Plus 2.0 Turbo 4x4 AWD AT Putih NIK 2026, PAJAK BULAN 7 (2027), ODOMETER VERY LOW 7RB PERAK KM

*GARANSI BAIC 5 TAHUN ATAU 150,000 KM*
-
Focus Motor Belanja Mobil 26 Tahun Membangun Kepercayaan.
Nikmati standar baru kepemilikan mobil bekas dengan garansi komprehensif hingga 5 TAHUN untuk 155 KOMPONEN. BERSERTIFIKAT, BERPOLIS, dan didukung layanan CUSTOMER SERVICE PERSONAL untuk pengalaman berkendara yang aman dan tanpa khawatir.

Belanja Mobil bukan hanya menjual mobil bekas. Kami jual mobil bekas dengan RASA AMAN seperti mobil baru.

5 BELANJA MOBIL PROMISE : 
1. Mobil Terinspeksi 155 titik 
2. ⁠TERGARANSI 5 tahun 
3. ⁠Harga Transparan 
4. ⁠Jaminan Trade-in/Buyback 
5. ⁠After Sales yg baik (Mempunyai Customer Service Personal)

-UNIT 100% BEBAS TABRAK DAN BEBAS BANJIR (garansi uang kembali)
-Dokumen ABSAH
-BONUS! Free Detailing (pembersihan) 2x (1 tahun)
-
OTR KREDIT 530JT
OTR CASH ASK

Bunga Premium
Dp 125jt
Angs 13.908.000 x47 tlo

Dp 117jt
Angs 12.051.000 x59 tlo

UNTUK REQUEST DP / HITUNGAN LAIN, SILAKAN HUBUNGI KAMI

Harga kredit tertera adalah harga minimal kredit dengan tenor 4 & 5 tahun, diluar itu mengikuti harga Cash (karena kami mensubsidi refund bunga kepada anda)
-
Spesifikasi :
* Tangan Pertama Dari Baru, Pribadi
* Engine 2.0 cc DOHC 221 Hp (380 Nm) Turbocharger
* 8 Speed Transmission Automatic 4x4
* Keyless Start Stop Engine
* Electric Retract Mirror
* Tilt & Telescopic Steering
* AC Digital Single Zone With Blower
* Audio Steering Switch
* MID Digital Cluster
* 10 Inch Infotainmenst System Intergration Apple Carplay & Android Auto With Command Control
* Electric Leather Seat
* Full LED System Headlamp With DRL, Foglamp LED
* LED Tail Light
* SRS Airbags, BA, ABS, HSA, VSC COMPLETE SAFETY CAR
* Rear Parking Camera, Parking Censor
* Electric Park Brake, Auto Hold Brake, Traction Control
* Kaca Film 3M
* Buku Manual, Buku Service Tersedia

LOKASI : Bez Auto Center, Focus Motor No. A66-A70, Curug Sangereng, Kec. Klp. Dua, Kabupaten Tangerang, Banten 15810 (SJO) (GS)",baic,Lainnya,,Lainnya,5.000-10.000,530000000.0
948197318,Hyundai Avega 2007 Bensin,"Merek mobil: Hyundai
Tahun pembuatan: 2007
Model mobil: Avega
Varian mobil: 1.5 Bensin-MT
Jenis bahan bakar mobil: Bensin
Jarak tempuh mobil: 180000
Warna mobil: Abu-Abu
Transmisi mobil: Manual
Tipe penjual: Individual",Hyundai,Lainnya,,Lainnya,175.000-180.000,48000000.0
948197286,2018 Mercedes Benz CLA 200 1.6 Sport AMG Panoramic sunroof tdp88jt,"2018 Mercedes Benz CLA 200 1.6 Sport AMG Panoramic sunroof tdp88jt

Spesifikasi :

- NIK2018
- Panoramic sunroof
- AMG
- Good Condition
- Surat Aman dan Lengkap
- Kondisi Terawat, Interior Bersih & Full Orisinil
- Sensor Parking & Kamera Mundur
- Spion ReTrackable & Elektric Mirror
- Audiosteer
- Keyless
- Odometer reading miles
- Leather Seat
- Full Orisinil
- Interior rapih
- Sangat terawat sekali
- Interior rapih
- Surat dijamin
- Kredit dibantu
- Plat Ganjil (bisa Req Ganjil/ Genap)

Harga Special Khusus Paket Kredit

TDP ringan Rp88jt bawa pulang mobil
Angsuran 9.105.000x59

Estimasi Hitungan TDP dan Angsuran lain bisa disesuaikan kebutuhan
FREE WARANTY MESIN & TRANSMISI (Paket kredit included)
Proses kredit dapat dibantu

Cash harga Berbeda Silakan Hubungi

Janji temu Cabang terdekat kami

Daryls Auto  Gedung WTC mangga dua  lantai 3A No 37 No 50 No 75-79 No 102 , lantai 6 no 630A Jakarta Utara

Daryls Auto  Bintaro JAYA Bintaro sektor 7 No B09, Pd. Aren, Kota Tangerang Selatan, Banten

IG&TIKTOK : @darylsauto

Kami Siap Melayani Anda Sampai Harga Termurah & Terbaik
Untuk Info Paket DP & Harga Sesuai Iklan Hub Bisa Call / WA
Info Jual / Beli Mobil Second Anda, Silahkan Hub Kami, Mobil Berkualitas Dengan Harga Bersaing",Mercedes-Benz,Lainnya,,Lainnya,15.000-20.000,408000000.0
944530987,DP10% [Km27.000] Alphard G 2019 Black Reg 2021 #AUTOHIGH,"ALPHARD 2.5 G ATPM 2019 BLACK ON BEIGE
Km.27.000 Antik!! , STNK Bulan 10 ( NIK.2019 )
- 2TV + 4 Camera + GPS Indonesia
- Pilot Seat + Leather Ori
- Heater Seat
- Krey Ori Jepang
- Auto Start - Stop
- Double Sunroof
- Bagasi Power Back Door
- Velg R.18 Smoke Chrome Black
- Service Record ATPM Astra

OTR KREDIT : 665JT 
OTR CASH : 740JT 

Harga Negosiasi Setelah Datang Lihat Unit di Showroom Kami

Pembelian via cash / kredit.. Data luar kota bisa bantu proses, Tersedia jg Paket Total DP Ringan, Tenor hingga 6 tahun ( Proses 1 hari kerja saja )

Segera Rekomendasikan Keluarga / Teman / Kerabat Bapak & Ibu semua untuk membeli Mobil di AUTOHIGH dan dapatkan harga & kualitas terbaik dengan cara Share Link Iklan ini, Terima Kasih !!!

///AUTO HIGH BINTARO
** Bursa Mobil Bintaro A1 - A3
Bintaro Sektor 7, Tangerang Selatan
( Exit Tol Pondok Aren, samping Bank Permata Tower dan Dealer BMW Bestindo )

[[ GUNAKAN SELALU FITUR TELEPON & WHATS APP UNTUK KEAMANAN BERKOMUNIKASI, TERIMA KASIH ]]

Buka Setiap Hari : Pukul 9 Pagi s/d 6 Sore
( Sabtu / Minggu / Hari Libur Tetap Buka )

More Info, Please Call / SMS / Whats App : Pukul 8 Pagi s/d 11 Malam ( Setiap Hari )",Toyota,Lainnya,,Lainnya,15.000-20.000,665000000.0
944531009,DP10% [Km27.000] Alphard G 2019 Black Reg 2020 #AUTOHIGH,"ALPHARD 2.5 G ATPM 2019 BLACK ON BEIGE
Km.27.000 Antik!! , STNK Bulan 10 ( NIK.2019 )
- 2TV + 4 Camera + GPS Indonesia
- Pilot Seat + Leather Ori
- Heater Seat
- Krey Ori Jepang
- Auto Start - Stop
- Double Sunroof
- Bagasi Power Back Door
- Velg R.18 Smoke Chrome Black
- Service Record ATPM Astra

OTR KREDIT : 665JT 
OTR CASH : 740JT 

Harga Negosiasi Setelah Datang Lihat Unit di Showroom Kami

Pembelian via cash / kredit.. Data luar kota bisa bantu proses, Tersedia jg Paket Total DP Ringan, Tenor hingga 6 tahun ( Proses 1 hari kerja saja )

Segera Rekomendasikan Keluarga / Teman / Kerabat Bapak & Ibu semua untuk membeli Mobil di AUTOHIGH dan dapatkan harga & kualitas terbaik dengan cara Share Link Iklan ini, Terima Kasih !!!

///AUTO HIGH BINTARO
** Bursa Mobil Bintaro A1 - A3
Bintaro Sektor 7, Tangerang Selatan
( Exit Tol Pondok Aren, samping Bank Permata Tower dan Dealer BMW Bestindo )

[[ GUNAKAN SELALU FITUR TELEPON & WHATS APP UNTUK KEAMANAN BERKOMUNIKASI, TERIMA KASIH ]]

Buka Setiap Hari : Pukul 9 Pagi s/d 6 Sore
( Sabtu / Minggu / Hari Libur Tetap Buka )

More Info, Please Call / SMS / Whats App : Pukul 8 Pagi s/d 11 Malam ( Setiap Hari )",Toyota,Lainnya,,Lainnya,15.000-20.000,665000000.0
944530899,DP10% [Km27.000] Alphard G 2019 Black Reg 2020 #AUTOHIGH,"ALPHARD 2.5 G ATPM 2019 BLACK ON BEIGE
Km.27.000 Antik!! , STNK Bulan 10 ( NIK.2019 )
- 2TV + 4 Camera + GPS Indonesia
- Pilot Seat + Leather Ori
- Heater Seat
- Krey Ori Jepang
- Auto Start - Stop
- Double Sunroof
- Bagasi Power Back Door
- Velg R.18 Smoke Chrome Black
- Service Record ATPM Astra

OTR KREDIT : 665JT 
OTR CASH : 740JT 

Harga Negosiasi Setelah Datang Lihat Unit di Showroom Kami

Pembelian via cash / kredit.. Data luar kota bisa bantu proses, Tersedia jg Paket Total DP Ringan, Tenor hingga 6 tahun ( Proses 1 hari kerja saja )

Segera Rekomendasikan Keluarga / Teman / Kerabat Bapak & Ibu semua untuk membeli Mobil di AUTOHIGH dan dapatkan harga & kualitas terbaik dengan cara Share Link Iklan ini, Terima Kasih !!!

///AUTO HIGH BINTARO
** Bursa Mobil Bintaro A1 - A3
Bintaro Sektor 7, Tangerang Selatan
( Exit Tol Pondok Aren, samping Bank Permata Tower dan Dealer BMW Bestindo )

[[ GUNAKAN SELALU FITUR TELEPON & WHATS APP UNTUK KEAMANAN BERKOMUNIKASI, TERIMA KASIH ]]

Buka Setiap Hari : Pukul 9 Pagi s/d 6 Sore
( Sabtu / Minggu / Hari Libur Tetap Buka )

More Info, Please Call / SMS / Whats App : Pukul 8 Pagi s/d 11 Malam ( Setiap Hari )",Toyota,Lainnya,,Lainnya,15.000-20.000,665000000.0
947739079,BMW Z4 M40i AT 2025 KILOMETER ANTIK!,"BMW Z4 M40i AT 2025
Odo 3rb
Service Record BMW 
Black Sapphire Metallic on Black
3.0L BMW M TwinPower Turbo Inline 6-Cylinder Engine (387 HP / 500 Nm)
8-Speed Sport Steptronic Automatic Transmission
Rear-Wheel Drive
Adaptive M Suspension
M Sport Differential
Adaptive LED Headlights with BMW Selective Beam
High-Beam Assistant
M Leather Steering Wheel with Paddle Shift
M Sport Seats
Electric Seat with Memory
M Seat Belts
2-Zone Automatic Air Conditioning
Ambient Light
BMW Live Cockpit Professional (10.25” Touch Display + 10.25” Digital Instrument Display)
BMW Operating System 7.0
Harman Kardon Surround Sound System
Smartphone Integration
Wireless Charging
Remote Engine Start
Comfort Access
Active Cruise Control with Stop&Go
Parking Assistant
Reversing Assistant
Rear View Camera
Driving Assistant
Lane Departure Warning
Lane Change Warning
Front Collision Warning with Brake Intervention
Crossing Traffic Warning Rear
Rear Collision Prevention
M Sport Brakes
Electric Parking Brake
19” M Light Alloy Wheels V-Spoke Style 772 M Bicolour
Faktur 2025
Perakitan 2024
Plat (2 Digit) (Ganjil)
Tangan 1
An Pribadi
BRi 07/2030
BSi 06/2030

Garansi Bersertifikat Tidak Bekas Tabrakan dan Banjir (by otospector)

Full Detailing Exterior dan Interior

HARGA 1.555 Jt KHUSU KREDIT (negotiable)

Harga Cash Nego Setelah liat Unit",BMW,Lainnya,,Lainnya,5.000-10.000,1555000000.0
947935578,DP RENDAH - Honda Brio Satya 1.2 E Bensin-AT 2022,".
DP RENDAH - Honda Brio Satya 1.2 E Bensin-AT 2022 Hitam 
.
Harga Cash : Hubungi Saya / Chat Me 
Harga Credit : Rp.  148,000,000 ,-
TDP :  14,000,000
Angsuran 4 Tahun : Rp. 4,700,000 ,-
Angsuran 5 Tahun silahkan hubungi untuk informasi lebih lanjut
.
Beli Mobil Terus Untung!!
Beli mobil dan dapatkan bonus saldo digital hingga Rp1.500.000!
*S&K berlaku
.
Keunggulan Unit
1. Pajak : January 2027
2. Odometer : 45.xxx 
3. Like New
4. Tangan Pertama
5. Atas nama  : Perorangan
6. Plat Genap
.
GRATIS HOME TEST DRIVE
.
Pembayaran Booking Fee / Pelunasan hanya melalui no rekening 2061/888/995 - BCA - an SERASI MITRA MOBIL PT

TDP promo hanya Berlaku jika:
- BI checking Bersih (tidak pernah ada keterlambatan pembayaran)
- Rumah Milik Pribadi
- Pemasukan/Gaji= 3x Angsuran.
*Bisa di bantu Rumah Kontrak dan BI checking bermasalah dengan TDP 30%* (S&K Berlaku)
.
Kunjungi kami di
OLXmobbi Bekasi
Jl. Jend. Sudirman No.1, Kranji, Kec. Bekasi Bar., Kota Bks, Jawa Barat KODE POS 74596
.
Rudi Hartono - Sales Advisor
OLXmobbi
Ahlinya Mobil Bekas Berkualitas",Honda,Lainnya,,Lainnya,45.000-50.000,148000000.0
948075661,DP10% [Km4.000] Land Cruiser Prado 2.7 VXR 2025 Reg 2026 #AUTOHIGH,"TOYOTA LAND CRUISER PRADO 2.7 VX-R 250 2025 BROWN ON BLACK
Km.4.000 , Stnk Bulan 11 ( NIK.2025 )
- Monitor Screen Audio + 4 Camera
- Speedometer Digital 
- Sunroof
- ⁠Audio JBL
- Bagasi Power Back Door
- 4X4 All Whell Drive
- ⁠3 Row & 7 Seater 
- Electric Seat + Memory Seat
- Heater Seat + Cooler Seat
- Toyota Safety Sense ( TSS )
- Engine 2.700cc Gasoline
- ⁠Velg R.18 Black Edition

OTR KREDIT : 1.895M
OTR CASH : 1.945M

Harga Negosiasi Setelah Datang Lihat Unit di Showroom Kami

Pembelian via cash / kredit.. Data luar kota bisa bantu proses, Tersedia jg Paket Total DP Ringan, Tenor hingga 6 tahun ( Proses 1 hari kerja saja )

Segera Rekomendasikan Keluarga / Teman / Kerabat Bapak & Ibu semua untuk membeli Mobil di AUTOHIGH dan dapatkan harga & kualitas terbaik dengan cara Share Link Iklan ini, Terima Kasih !!!

///AUTO HIGH BINTARO
** Bursa Mobil Bintaro A1 - A3
Bintaro Sektor 7, Tangerang Selatan
( Exit Tol Pondok Aren, samping Bank Permata Tower dan Dealer BMW Bestindo )

[[ GUNAKAN SELALU FITUR TELEPON & WHATS APP UNTUK KEAMANAN BERKOMUNIKASI, TERIMA KASIH ]]

Buka Setiap Hari : Pukul 9 Pagi s/d 6 Sore
( Sabtu / Minggu / Hari Libur Tetap Buka )

More Info, Please Call / SMS / Whats App : Pukul 8 Pagi s/d 11 Malam ( Setiap Hari )",Toyota,Lainnya,,Lainnya,0-5.000,1895000000.0
947935611,DP RENDAH - Toyota Kijang Innova 2.0 Zenix G CVT Bensin-AT 2023,".
DP RENDAH - Toyota Kijang Innova 2.0 Zenix G CVT Bensin-AT 2023 Putih 
.
Harga Cash : Hubungi Saya / Chat Me 
Harga Credit : Rp.  291,000,000 ,-
TDP :  33,000,000
Angsuran 4 Tahun : Rp. 8,900,000 ,-
Angsuran 5 Tahun silahkan hubungi untuk informasi lebih lanjut
.
Beli Mobil Terus Untung!!
Beli mobil dan dapatkan bonus saldo digital hingga Rp1.500.000!
*S&K berlaku
.
Keunggulan Unit
1. Pajak : November 2026
2. Odometer : 105.xxx 
3. Like New
4. Tangan Pertama
5. Atas nama  : Perorangan
6. Plat Genap
.
GRATIS HOME TEST DRIVE
.
Pembayaran Booking Fee / Pelunasan hanya melalui no rekening 2061/888/995 - BCA - an SERASI MITRA MOBIL PT

TDP promo hanya Berlaku jika:
- BI checking Bersih (tidak pernah ada keterlambatan pembayaran)
- Rumah Milik Pribadi
- Pemasukan/Gaji= 3x Angsuran.
*Bisa di bantu Rumah Kontrak dan BI checking bermasalah dengan TDP 30%* (S&K Berlaku)
.
Kunjungi kami di
OLXmobbi Bekasi
Jl. Jend. Sudirman No.1, Kranji, Kec. Bekasi Bar., Kota Bks, Jawa Barat KODE POS 75857
.
Rudi Hartono - Sales Advisor
OLXmobbi
Ahlinya Mobil Bekas Berkualitas",Toyota,Lainnya,,Lainnya,105.000-110.000,291000000.0
948066825,KM.57RB SERVICE RECORD HYUNDAI STARGAZER PRIME 2022 1.5 AT CAPTAINSEAT,"Kenapa harus beli mobil di FAST AUTOMOBIL ? :
* Perhitungan kredit kami adalah perhitungan real dan bisa dibuktikan perincian biayanya sesuai dengan kontrak dari perusahaan pembiayaan
* Telah lulus inspeksi
* Garansi mesin dan transmisi 1 tahun, S&K Berlaku.
* Hanya menjual mobil bekas berkualitas
* Kilometer DIJAMIN ASLI (Sesuai Service Record)
* Bisa General Cek Up di bengkel resmi
* Mobil dijamin tidak bekas tabrakan fatal & tidak bekas banjir
* Selalu mengutamakan kepuasan pembeli
* Jujur & Amanah

HYUNDAI STARGAZER PRIME 2022 1.5 AT CAPTAIN SEAT KM.57RB & PAJAK PANJANG #F5ST

Harga Khusus Kredit :
Via MIZUHO Finance
OTR Rp. 187,000,000

PAKET A
TDP Rp. 18,024,500
Angsuran Rp. 5,497,000 x 47 Bulan
Asuransi TLO

PAKET B
TDP Rp. 24,315,000
Angsuran Rp. 4,520,000 x 59 Bulan
Asuransi TLO

Harga Cash By Call

* Garansi 100% uang kembali, apabila mobil yang kami jual kilometernya mundur / tidak asli *

– TDP sudah termasuk : DP Murni, Angsuran Bulan Pertama, dan Administrasi
– Utk respon lebih cepat harap hubungi no telp yg tertera
– Pembelian Tunai, KKB BCA, Mandiri, Niaga dan lainnya mengikuti Harga Cash

Spesifikasi Kendaraan :
– Warna Putih Metalik
– Type PRIME ( Tertinggi )
– Automatic Transmission
– Interior Original Leather
– 6 SRS Airbag
– Keyless (Start/Stop Engine)
– Head Unit Original touch Screen
– Wireless Charging
– Parking Sensor With Camera
– Speedo Meter Full Digital
– Blindspot Monitoring System
– Cruise Control
– Elektrik Mirror
– Sein Spion dan Retractable
– Velg Original Twotone, Ban tebal
– Audio Steering Control
– LED DRL (Day-time Running Light)
– KM.57RB // Service Record
– Pajak November 2026
– Registrasi Nopol B GENAP
– Engine 1.5L irit bertenaga
– Buku Service dan kunci Serep Lengkap
– Very Good Condition

Bursa Mobil Bintaro Jaya
Fast Automobil, Lot A23 & A56-A59
Jl. Raya Boulevard B7/B1
Bintaro Jaya Sektor 7",Hyundai,Lainnya,,Lainnya,55.000-60.000,187000000.0
947918750,Tdp 16Jt LowOdo 4rb/thn BMW 320i G20 2021/2020 M sport C200 330i,"Paket Flexing Tdp 16 jt & Angs 12,112jt Tenor 5th
Bmw 320i G20 M sport LowOdo 21rb Pajak JAN 27
Siap General Check Bengkel Resmi

Please welcome
*BMW 320i SPORT (G20)*

NIK 2020
Black Sapphire Metallic
Engine 2.000 CC
ODO 34.XXX KM
Tax Januari 2027

Additional Information:
- Adaptive Suspenssion (Comfort & Sport)
- Electric & Memory Seat
- Audio Built in Bluetooth & CarPlay
- Electric Parking Brake Assist
- Drive Mode ( Eco, Comfort, Sport, Sport+)
- Voice Command “Hey BMW”
- Wireless Charging

Harga kredit 469 JT
Harga cash 510 JT

Kredit Special Promo
Paket Flexing
Tdp 16 juta
Angsuran 12,112jt
Tenor 5 th

For Unit Information / Instant Approval Test Drive Hari Ini Besok Delivery
Contact : Steve 0878/1112/2010

*GARANSI Uang Kembali 1000%*
Mobil Lulus inspeksi @otospector
Mobil Bebas Banjir & Bebas Major Accident
Record mobil sesuai odometer
Dokumen mobil asli keabsahannya

Cek variasi stok unit di instagram
@chrisauto_garage
@chrisauto_official

Chris Auto Garage | CAG
Bursa Otomotif Sunter 
Blok D2-D3 | Blok C1A- 1B
(Masuk Pintu 5 Lurus Paling Ujung) 
Jl. Yos Sudarso Kav 87-88
Jakarta Utara
(Search Google Map -> Ketik Chris Auto Garage) 

Operational Hour
( Minggu / Tanggal Merah TETAP BUKA )
Senin - Sabtu 08.00 - 17.30
Minggu 10.00 - 16.00
Diluar jam operasional tetap kami layani by appointment",BMW,Lainnya,,Lainnya,20.000-25.000,469000000.0
947935608,DP RENDAH - Mitsubishi Pajero Sport 2.4 Dakar 4x2 Ultimate Solar-AT 20,".
DP RENDAH - Mitsubishi Pajero Sport 2.4 Dakar 4x2 Ultimate Solar-AT 2023 Putih 
.
Harga Cash : Hubungi Saya / Chat Me 
Harga Credit : Rp.  417,000,000 ,-
TDP :  49,000,000
Angsuran 4 Tahun : Rp. 12,600,000 ,-
Angsuran 5 Tahun silahkan hubungi untuk informasi lebih lanjut
.
Beli Mobil Terus Untung!!
Beli mobil dan dapatkan bonus saldo digital hingga Rp1.500.000!
*S&K berlaku
.
Keunggulan Unit
1. Pajak : October 2026
2. Odometer : 44.xxx 
3. Like New
4. Tangan Pertama
5. Atas nama  : Perorangan
6. Plat Ganjil
.
GRATIS HOME TEST DRIVE
.
Pembayaran Booking Fee / Pelunasan hanya melalui no rekening 2061/888/995 - BCA - an SERASI MITRA MOBIL PT

TDP promo hanya Berlaku jika:
- BI checking Bersih (tidak pernah ada keterlambatan pembayaran)
- Rumah Milik Pribadi
- Pemasukan/Gaji= 3x Angsuran.
*Bisa di bantu Rumah Kontrak dan BI checking bermasalah dengan TDP 30%* (S&K Berlaku)
.
Kunjungi kami di
OLXmobbi Bekasi
Jl. Jend. Sudirman No.1, Kranji, Kec. Bekasi Bar., Kota Bks, Jawa Barat KODE POS 71705
.
Rudi Hartono - Sales Advisor
OLXmobbi
Ahlinya Mobil Bekas Berkualitas",Mitsubishi,Lainnya,,Lainnya,40.000-45.000,417000000.0
948157217,(CASH Murah) Toyota Vios Limo 2012 MT. Sangat Terawat,"Deskripsi :
- AC Dingin
- Body Mulus
- Mesin Halus
- Kaki2 Bagus
- Pajak : Off 2019
- Plat B (Ganjil)
- Rakitan 2012


Tukar Tambah ( Mobil/Motor )
Lokasi : Villa dago - Pamulang - Tangsel
Cash 47 jt ( Nego Wajar )",Toyota,Lainnya,,Lainnya,160.000-165.000,47000000.0
947935629,DP RENDAH - Toyota Yaris 1.5 E Bensin-AT 2016,".
DP RENDAH - Toyota Yaris 1.5 E Bensin-AT 2016 Hitam 
.
Harga Cash : Hubungi Saya / Chat Me 
Harga Credit : Rp.  137,000,000 ,-
TDP :  13,000,000
Angsuran 4 Tahun : Rp. 4,300,000 ,-
Angsuran 5 Tahun silahkan hubungi untuk informasi lebih lanjut
.
Beli Mobil Terus Untung!!
Beli mobil dan dapatkan bonus saldo digital hingga Rp1.500.000!
*S&K berlaku
.
Keunggulan Unit
1. Pajak : August 2026
2. Odometer : 113.xxx 
3. Like New
4. Tangan Pertama
5. Atas nama  : Perorangan
6. Plat Ganjil
.
GRATIS HOME TEST DRIVE
.
Pembayaran Booking Fee / Pelunasan hanya melalui no rekening 2061/888/995 - BCA - an SERASI MITRA MOBIL PT

TDP promo hanya Berlaku jika:
- BI checking Bersih (tidak pernah ada keterlambatan pembayaran)
- Rumah Milik Pribadi
- Pemasukan/Gaji= 3x Angsuran.
*Bisa di bantu Rumah Kontrak dan BI checking bermasalah dengan TDP 30%* (S&K Berlaku)
.
Kunjungi kami di
OLXmobbi Bekasi
Jl. Jend. Sudirman No.1, Kranji, Kec. Bekasi Bar., Kota Bks, Jawa Barat KODE POS 77349
.
Rudi Hartono - Sales Advisor
OLXmobbi
Ahlinya Mobil Bekas Berkualitas",Toyota,Lainnya,,Lainnya,110.000-115.000,137000000.0
948197223,ADA BARCODE SOLAR KIA GRAND SEDONA 2.2 DIESEL 2018 LOW KM.52RB,"Kenapa harus beli mobil di FAST AUTOMOBIL ? :
* Perhitungan kredit kami adalah perhitungan real dan bisa dibuktikan perincian biayanya sesuai dengan kontrak dari perusahaan pembiayaan
* Telah lulus inspeksi
* Garansi mesin dan transmisi 1 tahun, S&K Berlaku.
* Hanya menjual mobil bekas berkualitas
* Kilometer DIJAMIN ASLI (Sesuai Service Record)
* Bisa General Cek Up di bengkel resmi
* Mobil dijamin tidak bekas tabrakan fatal & tidak bekas banjir
* Selalu mengutamakan kepuasan pembeli
* Jujur & Amanah

ADA BARCODE SOLAR KIA GRAND SEDONA 2.2 DIESEL 2018 LOW KM.52RB & PAJAK PANJANG#F7ST


Harga Khusus Kredit :
Via MIZUHO Finance
OTR Rp. 299,000,000

PAKET A
TDP Rp. 45,472,500
Angsuran Rp. 8,155,000 x 47 Bulan
Asuransi TLO

PAKET B
TDP Rp. 55,310,500
Angsuran Rp.6,688,000 x 59 Bulan
Asuransi TLO

Harga Cash By Call

* Garansi 100% uang kembali, apabila mobil yang kami jual kilometernya mundur / tidak asli *

– TDP sudah termasuk : DP Murni, Angsuran Bulan Pertama, dan Administrasi
– Utk respon lebih cepat harap hubungi no telp yg tertera
– Pembelian Tunai, KKB BCA, Mandiri, Niaga dan lainnya mengikuti Harga Cash

Spesifikasi Kendaraan :
– Velg Standard Asli Ada
– Velg R20 ROTIFORM Original & Ban Tebal (Velg dan ban 30JT)
– Tangan Pertama Dari Baru
– Konsumsi DEX Mencapai 1liter : 15KM // Sangat Irit
– NIK 2018
– Warna Putih Metalik
– Engine 2.2 CRDI 16V Diesel
– LOW KM.52RB // Record
– Automatic Transmission with Triptonic
– Engine Start Stop Button
– Double Projector Headlamp & Foglamp
– Audio Steering Control
– Cruise Control
– Parking Sensor with Camera
– Front and Rear AC Digital Climate Control
– Double Electric Sunroof
– 4 Row Seat
– Power Back Door
– Double Electric Sliding Door
– Sein Spion, Electric Mirror, and Retractable
– Pajak Panjang Februari 2027
– Buku Manual Buku Service Lengkap
– Kunci Cadangan Lengkap
– Registrasi Nopol D GANJIL
– Very Good Condition

Bursa Mobil Bintaro Jaya
Fast Automobil, Lot A23 & A56-A59
Jl. Raya Boulevard B7/B1
Bintaro Jaya Sektor 7",Kia,Lainnya,,Lainnya,50.000-55.000,299000000.0
947932971,Tdp 36jt LowOdo 6rb/thn Alphard 2.5 G NEW MODEL 2024 2023 VELLFIRE,"Paket Flexing Tdp 36jt & Angs 29,067jt Tenor 5th
Toyota Alphard 2.5 G ATPM LowOdo 19rb Pajak On
Siap General Check Bengkel Resmi

Please welcome
*TOYOTA ALPHARD 2.5 G NEW MODEL*

*NIK 2023*
Sparkling Black Pearl
Engine 2.500 CC
ODO 19.XXX KM 
Tax Januari

*Additional Information:*
- GPS Indonesia
- Touch Screen LCD Monitor Display
- Rear Seat Netertainment System (Roof Monitor)
- Dual Electric Sliding Door
- Electric & Memory Seat
- Heated & Ventilated Seat
- Rear Panoramic Roof
- Digital Instrument Panel
- JBL Audio System
- 360 All View Camera
- Power Backdoor

*Harga Kredit 1.115 M*
*Harga Cash 1.175 M*

Kredit Special Promo
Paket Flexing
Tdp 36jt 
Angsuran 29,067jt
Tenor 5 th

Untuk janjian test drive/kirim orang untuk inspeksi
Contact : Steve 0878/1112/2010

GARANSI Uang Kembali 1000%
Mobil Lulus inspeksi @otospector
Mobil Bebas Banjir & Bebas Major Accident
Record mobil sesuai odometer
Dokumen mobil asli keabsahannya

Cek variasi stok unit di instagram
@chrisauto_garage
@chrisauto_official

Chris Auto Garage | CAG
Bursa Otomotif Sunter 
Blok D2-D3 | Blok C1A- 1B
(Masuk Pintu 5 Lurus Paling Ujung) 
Jl. Yos Sudarso Kav 87-88
Jakarta Utara
(Search Google Map -> Ketik Chris Auto Garage) 

Operational Hour
( Minggu / Tanggal Merah TETAP BUKA )
Senin - Sabtu 08.00 - 17.30
Minggu 10.00 - 16.00
Diluar jam operasional tetap kami layani by appointment",Toyota,Lainnya,,Lainnya,15.000-20.000,1115000000.0
944531120,DP10% [Km27.000] Alphard G 2019 Black Reg 2021 #AUTOHIGH,"ALPHARD 2.5 G ATPM 2019 BLACK ON BEIGE
Km.27.000 Antik!! , STNK Bulan 10 ( NIK.2019 )
- 2TV + 4 Camera + GPS Indonesia
- Pilot Seat + Leather Ori
- Heater Seat
- Krey Ori Jepang
- Auto Start - Stop
- Double Sunroof
- Bagasi Power Back Door
- Velg R.18 Smoke Chrome Black
- Service Record ATPM Astra

OTR KREDIT : 665JT 
OTR CASH : 740JT 

Harga Negosiasi Setelah Datang Lihat Unit di Showroom Kami

Pembelian via cash / kredit.. Data luar kota bisa bantu proses, Tersedia jg Paket Total DP Ringan, Tenor hingga 6 tahun ( Proses 1 hari kerja saja )

Segera Rekomendasikan Keluarga / Teman / Kerabat Bapak & Ibu semua untuk membeli Mobil di AUTOHIGH dan dapatkan harga & kualitas terbaik dengan cara Share Link Iklan ini, Terima Kasih !!!

///AUTO HIGH BINTARO
** Bursa Mobil Bintaro A1 - A3
Bintaro Sektor 7, Tangerang Selatan
( Exit Tol Pondok Aren, samping Bank Permata Tower dan Dealer BMW Bestindo )

[[ GUNAKAN SELALU FITUR TELEPON & WHATS APP UNTUK KEAMANAN BERKOMUNIKASI, TERIMA KASIH ]]

Buka Setiap Hari : Pukul 9 Pagi s/d 6 Sore
( Sabtu / Minggu / Hari Libur Tetap Buka )

More Info, Please Call / SMS / Whats App : Pukul 8 Pagi s/d 11 Malam ( Setiap Hari )",Toyota,Lainnya,,Lainnya,15.000-20.000,665000000.0
945911691,DP10% [Km20.000] C200 EQ Boost 2019 Black Reg 2020 #AUTOHIGH,"MERCEDES BENZ C200 EQBOOST 2019 NEW PROFILE BLACK ON BLACK
Km.20.000 Antik!! , Stnk Bulan 11 ( NIK.2019 )
- Monitor + Mouse Control 
- Rear Camera
- Electric Seat + Memory Seat
- Engine Start Button
- ECO Mode Start Stop
- Engine Mode : Eco, Comfort & Sport
- Speedometer Digital 
- Full Bodykit
- Perseneling di Setir
- Service Record ATPM Mercedes Benz

OTR KREDIT : 435JT
OTR CASH : 485JT

Harga Negosiasi Setelah Datang Lihat Unit di Showroom Kami

Pembelian via cash / kredit.. Data luar kota bisa bantu proses, Tersedia jg Paket Total DP Ringan, Tenor hingga 6 tahun ( Proses 1 hari kerja saja )

Segera Rekomendasikan Keluarga / Teman / Kerabat Bapak & Ibu semua untuk membeli Mobil di AUTOHIGH dan dapatkan harga & kualitas terbaik dengan cara Share Link Iklan ini, Terima Kasih !!!

///AUTO HIGH BINTARO
** Bursa Mobil Bintaro A1 - A3
Bintaro Sektor 7, Tangerang Selatan
( Exit Tol Pondok Aren, samping Bank Permata Tower dan Dealer BMW Bestindo )

[[ GUNAKAN SELALU FITUR TELEPON & WHATS APP UNTUK KEAMANAN BERKOMUNIKASI, TERIMA KASIH ]]

Buka Setiap Hari : Pukul 9 Pagi s/d 6 Sore
( Sabtu / Minggu / Hari Libur Tetap Buka )

More Info, Please Call / SMS / Whats App : Pukul 8 Pagi s/d 11 Malam ( Setiap Hari )",Mercedes-Benz,Lainnya,,Lainnya,10.000-15.000,435000000.0
945911899,DP10% [Km20.000] C200 EQ Boost 2019 Black Reg 2018 #AUTOHIGH,"MERCEDES BENZ C200 EQBOOST 2019 NEW PROFILE BLACK ON BLACK
Km.20.000 Antik!! , Stnk Bulan 11 ( NIK.2019 )
- Monitor + Mouse Control 
- Rear Camera
- Electric Seat + Memory Seat
- Engine Start Button
- ECO Mode Start Stop
- Engine Mode : Eco, Comfort & Sport
- Speedometer Digital 
- Full Bodykit
- Perseneling di Setir
- Service Record ATPM Mercedes Benz

OTR KREDIT : 435JT
OTR CASH : 485JT

Harga Negosiasi Setelah Datang Lihat Unit di Showroom Kami

Pembelian via cash / kredit.. Data luar kota bisa bantu proses, Tersedia jg Paket Total DP Ringan, Tenor hingga 6 tahun ( Proses 1 hari kerja saja )

Segera Rekomendasikan Keluarga / Teman / Kerabat Bapak & Ibu semua untuk membeli Mobil di AUTOHIGH dan dapatkan harga & kualitas terbaik dengan cara Share Link Iklan ini, Terima Kasih !!!

///AUTO HIGH BINTARO
** Bursa Mobil Bintaro A1 - A3
Bintaro Sektor 7, Tangerang Selatan
( Exit Tol Pondok Aren, samping Bank Permata Tower dan Dealer BMW Bestindo )

[[ GUNAKAN SELALU FITUR TELEPON & WHATS APP UNTUK KEAMANAN BERKOMUNIKASI, TERIMA KASIH ]]

Buka Setiap Hari : Pukul 9 Pagi s/d 6 Sore
( Sabtu / Minggu / Hari Libur Tetap Buka )

More Info, Please Call / SMS / Whats App : Pukul 8 Pagi s/d 11 Malam ( Setiap Hari )",Mercedes-Benz,Lainnya,,Lainnya,10.000-15.000,435000000.0
945911956,DP10% [Km20.000] C200 EQ Boost 2019 Black Reg 2020 #AUTOHIGH,"MERCEDES BENZ C200 EQBOOST 2019 NEW PROFILE BLACK ON BLACK
Km.20.000 Antik!! , Stnk Bulan 11 ( NIK.2019 )
- Monitor + Mouse Control 
- Rear Camera
- Electric Seat + Memory Seat
- Engine Start Button
- ECO Mode Start Stop
- Engine Mode : Eco, Comfort & Sport
- Speedometer Digital 
- Full Bodykit
- Perseneling di Setir
- Service Record ATPM Mercedes Benz

OTR KREDIT : 435JT
OTR CASH : 485JT

Harga Negosiasi Setelah Datang Lihat Unit di Showroom Kami

Pembelian via cash / kredit.. Data luar kota bisa bantu proses, Tersedia jg Paket Total DP Ringan, Tenor hingga 6 tahun ( Proses 1 hari kerja saja )

Segera Rekomendasikan Keluarga / Teman / Kerabat Bapak & Ibu semua untuk membeli Mobil di AUTOHIGH dan dapatkan harga & kualitas terbaik dengan cara Share Link Iklan ini, Terima Kasih !!!

///AUTO HIGH BINTARO
** Bursa Mobil Bintaro A1 - A3
Bintaro Sektor 7, Tangerang Selatan
( Exit Tol Pondok Aren, samping Bank Permata Tower dan Dealer BMW Bestindo )

[[ GUNAKAN SELALU FITUR TELEPON & WHATS APP UNTUK KEAMANAN BERKOMUNIKASI, TERIMA KASIH ]]

Buka Setiap Hari : Pukul 9 Pagi s/d 6 Sore
( Sabtu / Minggu / Hari Libur Tetap Buka )

More Info, Please Call / SMS / Whats App : Pukul 8 Pagi s/d 11 Malam ( Setiap Hari )",Mercedes-Benz,Lainnya,,Lainnya,10.000-15.000,435000000.0
945912063,DP10% [Km20.000] C200 EQ Boost 2019 Black Reg 2018 #AUTOHIGH,"MERCEDES BENZ C200 EQBOOST 2019 NEW PROFILE BLACK ON BLACK
Km.20.000 Antik!! , Stnk Bulan 11 ( NIK.2019 )
- Monitor + Mouse Control 
- Rear Camera
- Electric Seat + Memory Seat
- Engine Start Button
- ECO Mode Start Stop
- Engine Mode : Eco, Comfort & Sport
- Speedometer Digital 
- Full Bodykit
- Perseneling di Setir
- Service Record ATPM Mercedes Benz

OTR KREDIT : 435JT
OTR CASH : 485JT

Harga Negosiasi Setelah Datang Lihat Unit di Showroom Kami

Pembelian via cash / kredit.. Data luar kota bisa bantu proses, Tersedia jg Paket Total DP Ringan, Tenor hingga 6 tahun ( Proses 1 hari kerja saja )

Segera Rekomendasikan Keluarga / Teman / Kerabat Bapak & Ibu semua untuk membeli Mobil di AUTOHIGH dan dapatkan harga & kualitas terbaik dengan cara Share Link Iklan ini, Terima Kasih !!!

///AUTO HIGH BINTARO
** Bursa Mobil Bintaro A1 - A3
Bintaro Sektor 7, Tangerang Selatan
( Exit Tol Pondok Aren, samping Bank Permata Tower dan Dealer BMW Bestindo )

[[ GUNAKAN SELALU FITUR TELEPON & WHATS APP UNTUK KEAMANAN BERKOMUNIKASI, TERIMA KASIH ]]

Buka Setiap Hari : Pukul 9 Pagi s/d 6 Sore
( Sabtu / Minggu / Hari Libur Tetap Buka )

More Info, Please Call / SMS / Whats App : Pukul 8 Pagi s/d 11 Malam ( Setiap Hari )",Mercedes-Benz,Lainnya,,Lainnya,10.000-15.000,435000000.0
943192446,DP10% [Km10.000] GLE450 AMG 2024 Black / GLE 450 Reg 2023 #AUTOHIGH,"MERCEDES BENZ GLE450 AMG 2024/2025 FACELIFT BLACK ON BLACK 
Km.10.000 Antik!! , Stnk Bulan 01 Register 2025 ( NIK.2024 )
- TV Monitor + Camera 360
- Speedometer Digital
- Electric Seat + Memory Seat 
- LED Day Light
- Panoramic + Sunroof
- Velg AMG Original Mercedes Benz
- Audio Burnsmester
- 3 Row Seater
- Bagasi Power Back Door
- Warranty ATPM Mercedes Benz 3 Thn Full Spareparts s/d Nov 2027 & Free Service 5 Thn Free Service Oli & Jasa s/d Nov 2029 )

OTR KREDIT : 1.625M 
OTR CASH : 1.725M 

Harga Negosiasi Setelah Datang Lihat Unit di Showroom Kami

Pembelian via cash / kredit.. Data luar kota bisa bantu proses, Tersedia jg Paket Total DP Ringan, Tenor hingga 6 tahun ( Proses 1 hari kerja saja )

Kelengkapan Data yang diperlukan :
-Copy KTP Suami + Istri ( Jika Sudah Menikah )
-Copy Kartu Keluarga
-Copy PBB
-Copy Cover Rekening Buku Tabungan

Segera Rekomendasikan Keluarga / Teman / Kerabat Bapak & Ibu semua untuk membeli Mobil di AUTOHIGH dan dapatkan harga & kualitas terbaik dengan cara Share Link Iklan ini, Terima Kasih !!!

///AUTO HIGH BINTARO
** Bursa Mobil Bintaro A1 - A3
Bintaro Sektor 7, Tangerang Selatan
( Exit Tol Pondok Aren, samping Bank Permata Tower dan Dealer BMW Bestindo )

[[ GUNAKAN SELALU FITUR TELEPON & WHATS APP UNTUK KEAMANAN BERKOMUNIKASI, TERIMA KASIH ]]

Buka Setiap Hari : Pukul 9 Pagi s/d 6 Sore
( Sabtu / Minggu / Hari Libur Tetap Buka )

More Info, Please Call / SMS / Whats App : Pukul 8 Pagi s/d 11 Malam ( Setiap Hari )",Mercedes-Benz,Lainnya,,Lainnya,0-5.000,1625000000.0
946030828,DP10% [Km18.000] C200 Avantgarde 2019 Black Reg 2020 #AUTOHIGH,"MERCEDES BENZ C200 EQBOOST 2019 NEW PROFILE BLACK ON BLACK
Km.18.000 Antik!! , Stnk Bulan 06 ( NIK.2019 )
- Monitor + Mouse Control 
- Rear Camera
- Electric Seat + Memory Seat
- Engine Start Button
- ECO Mode Start Stop
- Engine Mode : Eco, Comfort & Sport
- Speedometer Digital 
- Full Bodykit
- Perseneling di Setir
- Service Record ATPM Mercedes Benz

OTR KREDIT : 445JT
OTR CASH : 495JT

Harga Negosiasi Setelah Datang Lihat Unit di Showroom Kami

Pembelian via cash / kredit.. Data luar kota bisa bantu proses, Tersedia jg Paket Total DP Ringan, Tenor hingga 6 tahun ( Proses 1 hari kerja saja )

Segera Rekomendasikan Keluarga / Teman / Kerabat Bapak & Ibu semua untuk membeli Mobil di AUTOHIGH dan dapatkan harga & kualitas terbaik dengan cara Share Link Iklan ini, Terima Kasih !!!

///AUTO HIGH BINTARO
** Bursa Mobil Bintaro A1 - A3
Bintaro Sektor 7, Tangerang Selatan
( Exit Tol Pondok Aren, samping Bank Permata Tower dan Dealer BMW Bestindo )

[[ GUNAKAN SELALU FITUR TELEPON & WHATS APP UNTUK KEAMANAN BERKOMUNIKASI, TERIMA KASIH ]]

Buka Setiap Hari : Pukul 9 Pagi s/d 6 Sore
( Sabtu / Minggu / Hari Libur Tetap Buka )

More Info, Please Call / SMS / Whats App : Pukul 8 Pagi s/d 11 Malam ( Setiap Hari )",Mercedes-Benz,Lainnya,,Lainnya,5.000-10.000,445000000.0
943035767,DP10% [Km9.000] X5 M-Sport 2024 White Reg 2025 #AUTOHIGH,"BMW X5 M-SPORT 2024 WHITE ON BROWM
Km.9.000 Antik!! , Stnk Bulan 12 ( NIK.2024 ) 
- Monitor + Camera
- GPS Indonesia
- Speedometer Digital
- Electric Seat + Memory Seat
- ⁠3 Rows + 7 Seater
- Panoramic + Sunroof
- Bagasi Power Back Door
- Interior with Laser Light
- ECO Mode + Start Stop Engine
- Engine 3.000cc with 340Hp
- Warranty BRI Full Spare Parts 5 Tahun s/d Nov 2029 & Warranty BSI Free Service BSI 5 Tahun s/d Nov 2029

OTR KREDIT : 1.410M

Harga Negosiasi Setelah Datang Lihat Unit di Showroom Kami

Pembelian via cash / kredit.. Data luar kota bisa bantu proses, Tersedia jg Paket Total DP Ringan, Tenor hingga 6 tahun ( Proses 1 hari kerja saja )

Kelengkapan Data yang diperlukan :
-Copy KTP Suami + Istri ( Jika Sudah Menikah )
-Copy Kartu Keluarga
-Copy PBB
-Copy Cover Rekening Buku Tabungan

Segera Rekomendasikan Keluarga / Teman / Kerabat Bapak & Ibu semua untuk membeli Mobil di AUTOHIGH dan dapatkan harga & kualitas terbaik dengan cara Share Link Iklan ini, Terima Kasih !!!

///AUTO HIGH BINTARO
** Bursa Mobil Bintaro A1 - A3
Bintaro Sektor 7, Tangerang Selatan
( Exit Tol Pondok Aren, samping Bank Permata Tower dan Dealer BMW Bestindo )

[[ GUNAKAN SELALU FITUR TELEPON & WHATS APP UNTUK KEAMANAN BERKOMUNIKASI, TERIMA KASIH ]]

Buka Setiap Hari : Pukul 9 Pagi s/d 6 Sore
( Sabtu / Minggu / Hari Libur Tetap Buka )

More Info, Please Call / SMS / Whats App : Pukul 8 Pagi s/d 11 Malam ( Setiap Hari )",BMW,Lainnya,,Lainnya,0-5.000,1410000000.0
946030927,DP10% [Km18.000] C200 Avantgarde 2019 Black Reg 2018 #AUTOHIGH,"MERCEDES BENZ C200 EQBOOST 2019 NEW PROFILE BLACK ON BLACK
Km.18.000 Antik!! , Stnk Bulan 06 ( NIK.2019 )
- Monitor + Mouse Control 
- Rear Camera
- Electric Seat + Memory Seat
- Engine Start Button
- ECO Mode Start Stop
- Engine Mode : Eco, Comfort & Sport
- Speedometer Digital 
- Full Bodykit
- Perseneling di Setir
- Service Record ATPM Mercedes Benz

OTR KREDIT : 445JT
OTR CASH : 495JT

Harga Negosiasi Setelah Datang Lihat Unit di Showroom Kami

Pembelian via cash / kredit.. Data luar kota bisa bantu proses, Tersedia jg Paket Total DP Ringan, Tenor hingga 6 tahun ( Proses 1 hari kerja saja )

Segera Rekomendasikan Keluarga / Teman / Kerabat Bapak & Ibu semua untuk membeli Mobil di AUTOHIGH dan dapatkan harga & kualitas terbaik dengan cara Share Link Iklan ini, Terima Kasih !!!

///AUTO HIGH BINTARO
** Bursa Mobil Bintaro A1 - A3
Bintaro Sektor 7, Tangerang Selatan
( Exit Tol Pondok Aren, samping Bank Permata Tower dan Dealer BMW Bestindo )

[[ GUNAKAN SELALU FITUR TELEPON & WHATS APP UNTUK KEAMANAN BERKOMUNIKASI, TERIMA KASIH ]]

Buka Setiap Hari : Pukul 9 Pagi s/d 6 Sore
( Sabtu / Minggu / Hari Libur Tetap Buka )

More Info, Please Call / SMS / Whats App : Pukul 8 Pagi s/d 11 Malam ( Setiap Hari )",Mercedes-Benz,Lainnya,,Lainnya,5.000-10.000,445000000.0
947694374,ALMAZ RS PRO 7 SEATER 2021,"Dijual Wuling Almaz 1.5 Turbo RS pro tahun 2021

Mobil super istimewa dan rawatan bengkel resmi Wuling !!

Good condition
Tangan pertama dari baru
Km 60rb service record
Mobil muluss
Interior bersih dan rapih
Jok kulit dan electric
Electrical normal
Ban tahun 2025
Bebas tabrak dan banjir
Pajak hidup sd bulan 11 2026
Mobil sehat siap pakai !!

Harga 188jt nego sampai Deal

Kredit bisa dibantu

Terimakasih",Wuling,Lainnya,,Lainnya,65.000-70.000,188000000.0
947935620,DP RENDAH - Mazda CX-5 2.5 Kuro Edition Bensin-AT 2023,".
DP RENDAH - Mazda CX-5 2.5 Kuro Edition Bensin-AT 2023 Merah 
.
Harga Cash : Hubungi Saya / Chat Me 
Harga Credit : Rp.  375,000,000 ,-
TDP :  43,000,000
Angsuran 4 Tahun : Rp. 11,300,000 ,-
Angsuran 5 Tahun silahkan hubungi untuk informasi lebih lanjut
.
Beli Mobil Terus Untung!!
Beli mobil dan dapatkan bonus saldo digital hingga Rp1.500.000!
*S&K berlaku
.
Keunggulan Unit
1. Pajak : May 2027
2. Odometer : 70.xxx 
3. Like New
4. Tangan Pertama
5. Atas nama  : Perorangan
6. Plat Genap
.
GRATIS HOME TEST DRIVE
.
Pembayaran Booking Fee / Pelunasan hanya melalui no rekening 2061/888/995 - BCA - an SERASI MITRA MOBIL PT

TDP promo hanya Berlaku jika:
- BI checking Bersih (tidak pernah ada keterlambatan pembayaran)
- Rumah Milik Pribadi
- Pemasukan/Gaji= 3x Angsuran.
*Bisa di bantu Rumah Kontrak dan BI checking bermasalah dengan TDP 30%* (S&K Berlaku)
.
Kunjungi kami di
OLXmobbi Bekasi
Jl. Jend. Sudirman No.1, Kranji, Kec. Bekasi Bar., Kota Bks, Jawa Barat KODE POS 76503
.
Rudi Hartono - Sales Advisor
OLXmobbi
Ahlinya Mobil Bekas Berkualitas",Mazda,Lainnya,,Lainnya,70.000-75.000,375000000.0
947841410,[ GARANSI 5TH ] Honda Accord 1.5 VTEC Turbo Sensing AT 2021/2022,"BELI MOBIL TANPA KHAWATIR BERGARANSI 5 TAHUN!

Honda Accord 1.5 VTEC Turbo CVT Sensing AT Black On White NIK 2021, PAJAK BULAN 10 (2026), ODOMETER 60RB KM RECORD AUTHORIZED
-
Focus Motor Belanja Mobil 26 Tahun Membangun Kepercayaan.
Nikmati standar baru kepemilikan mobil bekas dengan garansi komprehensif hingga 5 TAHUN untuk 155 KOMPONEN. BERSERTIFIKAT, BERPOLIS, dan didukung layanan CUSTOMER SERVICE PERSONAL untuk pengalaman berkendara yang aman dan tanpa khawatir.

Belanja Mobil bukan hanya menjual mobil bekas. Kami jual mobil bekas dengan RASA AMAN seperti mobil baru.

5 BELANJA MOBIL PROMISE :
1. Mobil Terinspeksi 155 titik
2. ⁠TERGARANSI 5 tahun
3. ⁠Harga Transparan
4. ⁠Jaminan Trade-in/Buyback
5. ⁠After Sales yg baik (Mempunyai Customer Service Personal)

-UNIT 100% BEBAS TABRAK DAN BEBAS BANJIR (garansi uang kembali)
-Dokumen ABSAH
-BONUS! Free Detailing (pembersihan) 2x (1 tahun)
-
OTR KREDIT 375JT
OTR CASH ASK

DP Minim
Dp 59 jt
Angs 10.971.000 x47 tlo

dp 53 jt
Angs 9.647.500 x59 tlo

Bunga Premium
Dp 70 jt
Angs 10.232.000 x47 tlo

Dp 64 jt
Angs 8.968.000 x59 tlo

UNTUK REQUEST DP / HITUNGAN LAIN, SILAKAN HUBUNGIN KAMI

Harga kredit tertera adalah harga minimal kredit dengan tenor 4 & 5 tahun, diluar itu mengikuti harga Cash (karena kami mensubsidi refund bunga kepada anda)
-
Spesifikasi :
* Tangan Pertama Dari Baru, PT
* Honda SENSING (PCS, DRCC, LDA, AHB, PSB, TPMS, ICS)
* Engine 1.5 cc VTEC Turbo CVT 190 PS (260 Nm)
* Paddle Shift
* AC Digital Dual Zone
* MID Instrument Cluster
* Headunit LCD Touchscreen Multimedia With Phone Connection
* Electric Leather Seats (L/R) With Memory Seat
* LED Multireflector Headlamp With DRL, Foglamp LED
* LED Tail Light
* SRS Airbags, ABS, EBD, BA, VSC, HSA COMPLETE SAFETY CAR
* Rear Parking Camera With Honda Land Watch, Parking Censor
* Kaca Film Vkool
* Kunci Cadangan, Buku Service, Buku Manual Tersedia

LOKASI : Bez Auto Center, Focus Motor No. A66-A70, Curug Sangereng, Kec. Klp. Dua, Kabupaten Tangerang, Banten 15810 (TAH) (GS)",Honda,Lainnya,,Lainnya,60.000-65.000,375000000.0
947935617,DP RENDAH - Daihatsu Rocky 1.2 X Bensin-MT 2021,".
DP RENDAH - Daihatsu Rocky 1.2 X Bensin-MT 2021 Hitam 
.
Harga Cash : Hubungi Saya / Chat Me 
Harga Credit : Rp.  140,000,000 ,-
TDP :  13,000,000
Angsuran 4 Tahun : Rp. 4,400,000 ,-
Angsuran 5 Tahun silahkan hubungi untuk informasi lebih lanjut
.
Beli Mobil Terus Untung!!
Beli mobil dan dapatkan bonus saldo digital hingga Rp1.500.000!
*S&K berlaku
.
Keunggulan Unit
1. Pajak : March 2027
2. Odometer : 81.xxx 
3. Like New
4. Tangan Pertama
5. Atas nama  : Perorangan
6. Plat Genap
.
GRATIS HOME TEST DRIVE
.
Pembayaran Booking Fee / Pelunasan hanya melalui no rekening 2061/888/995 - BCA - an SERASI MITRA MOBIL PT

TDP promo hanya Berlaku jika:
- BI checking Bersih (tidak pernah ada keterlambatan pembayaran)
- Rumah Milik Pribadi
- Pemasukan/Gaji= 3x Angsuran.
*Bisa di bantu Rumah Kontrak dan BI checking bermasalah dengan TDP 30%* (S&K Berlaku)
.
Kunjungi kami di
OLXmobbi Bekasi
Jl. Jend. Sudirman No.1, Kranji, Kec. Bekasi Bar., Kota Bks, Jawa Barat KODE POS 76655
.
Rudi Hartono - Sales Advisor
OLXmobbi
Ahlinya Mobil Bekas Berkualitas",Daihatsu,Lainnya,,Lainnya,80.000-85.000,140000000.0
948128829,[LOW KM 21.000] TOYOTA VOXY TSS 2.0 AT 2022 PUTIH ISTIMEWA TT 2023,"( Jual Mobil Berkualitas Dengan Harga Terbaik ) 

Toyota Voxy TSS
Tangan Pertama Dari Baru
Warna Putih
NIK 2022
KM 21.000 Asli ( Service Record Toyota )
Pajak Panjang 1 Tahun 07 - 2027

• Toyota Safety Sense ( TSS )
• Audio Touchscreen, Camera 360
• TV Roof, Power BackDoor, AC Digital
• Mobil Sangat Terawat
• Body Original, Interior Bersih
• Dijamin Bebas Tabrak / Banjir
• Kondisi Istimewa Siap Pakai

Harga Khusus Kredit  Rp. 360,000,000
( Paket Kredit Termurah )

PAKET DP RENDAH
DP           :  60,000,000
Cicilan   :     9,131,999 x47
Cicilan   :     7,865,377 x59

PAKET CICILAN RENDAH
DP          :  90,000,000
Cicilan  :      8,276,818 x47
Cicilan  :      7,119,843 x59

Harga Cash ( Telpon / Whatsapp )

• Terima Tukar Tambah 
• Simulasi Kredit Lain nya Bisa Via Chat
• Data Kredit Akan Dibantu Sampai Approve
• Khusus Kredit Garansi Mesin & Transmisi 2 Tahun

Wijaya Mobilindo
WTC Mangga Dua 
Lantai 7 Blok C21 & F21
Ancol - Jakarta Utara
( Buka Setiap Hari 10.00 - 17.30 )",Toyota,Lainnya,,Lainnya,15.000-20.000,360000000.0
948094234,BMW 530i G30 MSport B48 2019 / 2020,"BMW 530i G30 MSport
B48 2019 / 2020

NIK 2019 Faktur 2020
Odo 24rb Miles
Plat B Genap
Pajak 01 2027
Sophisto Grey Metallic (Rare)
M-Sport Packages
2.0L Inline-4 B48 Turbo

Simple Mods:
KW V3 Leveling Coilover
728m MSport Diamond-cut Rims
Rocket+ Stage 1 Tune

Specs:
B48 2.0L Inline-4 Engine
Twin-Scroll Turbocharger
ZF8 Transmission
RWD Drivetrain
BMW i-Drive 7 Software
M-Sport Original Bodykits
M-Sport 728m Wheels
M-Sport Original Steering wheel
M-Sport Original Big Brake kits
M-Sport Original Interior leather
M-Sport Original Seatbelts
M-Sport Blacked-out headliners
KW V3 Leveling coilover
Paddle Shifter
BMW Adaptive LED
Ambient light interior
Rear-Seats Entertainment
Harman Kardon Audio
BMW gesture control
Sport/Comfort/EcoPro + Individual/ Adaptive
Rear-View Camera
Park Assist
Sunroof

Standard parts available

KHUSUS Paket Kredit
DP Rendah:
OTR 515
TDP 145
Angs 13,369,000 (4th)
Angs 11,213,000 (5th)
Asuransi Kombinasi

KHUSUS Promo
Bunga 0% (Limited offer)
TDP 389
Angs 19,167,000 (1th)
Asuransi TLO

Bonus:
1. Free Premium detailing interior exterior dan mesin.
2. Free fogging anti bacterial n virus.
3. Garansi mesin dan transmisi 1th by Otospector
4. ⁠Emergency Towing coverage.
5. ⁠Free Jasa Service seumur hidup.
6. Garansi sertifikat lulus Inspeksi by Otospector.

Promo Special:
1. PROMO BUNGA 0%
2. PROMO BUNGA RENDAH BCAF
3. PROMO TDP RENDAH

Cash 575

Terima Tukar Tambah 

Lokasi: Garasi Bloko",BMW,Lainnya,,Lainnya,20.000-25.000,515000000.0
947935638,DP RENDAH - Toyota Kijang Innova 2.4 V Solar-AT 2021,".
DP RENDAH - Toyota Kijang Innova 2.4 V Solar-AT 2021 Silver 
.
Harga Cash : Hubungi Saya / Chat Me 
Harga Credit : Rp.  353,000,000 ,-
TDP :  41,000,000
Angsuran 4 Tahun : Rp. 10,700,000 ,-
Angsuran 5 Tahun silahkan hubungi untuk informasi lebih lanjut
.
Beli Mobil Terus Untung!!
Beli mobil dan dapatkan bonus saldo digital hingga Rp1.500.000!
*S&K berlaku
.
Keunggulan Unit
1. Pajak : December 2026
2. Odometer : 76.xxx 
3. Like New
4. Tangan Pertama
5. Atas nama  : Perorangan
6. Plat Genap
.
GRATIS HOME TEST DRIVE
.
Pembayaran Booking Fee / Pelunasan hanya melalui no rekening 2061/888/995 - BCA - an SERASI MITRA MOBIL PT

TDP promo hanya Berlaku jika:
- BI checking Bersih (tidak pernah ada keterlambatan pembayaran)
- Rumah Milik Pribadi
- Pemasukan/Gaji= 3x Angsuran.
*Bisa di bantu Rumah Kontrak dan BI checking bermasalah dengan TDP 30%* (S&K Berlaku)
.
Kunjungi kami di
OLXmobbi Bekasi
Jl. Jend. Sudirman No.1, Kranji, Kec. Bekasi Bar., Kota Bks, Jawa Barat KODE POS 76084
.
Rudi Hartono - Sales Advisor
OLXmobbi
Ahlinya Mobil Bekas Berkualitas",Toyota,Lainnya,,Lainnya,75.000-80.000,353000000.0
946749006,DP10% [Km7.000] GLA200 AMG 2018 Black / GLA 200 Reg 2019 #AUTOHIGH,"MERCEDES BENZ GLA200 SPORT AMG 2018 FACELIFT BLACK ON BLACK
Km.7.000 Antik!! , Stnk Bulan 12 ( NIK.2018 )
- Monitor + Rear Camera
- AMG Package ( Velg + Bodykit ) 
- Electric Seat + Memory Seat
- Panoramic Sunroof
- Keyless + Engine Start Button 
- Bagasi Power Back Door
- Perseneling di Setir
- ECO Mode Auto Start-Stop
- Service Record ATPM Mercedes Benz

OTR KREDIT : 415JT
OTR CASH : 465JT

Harga Negosiasi Setelah Datang Lihat Unit di Showroom Kami

Pembelian via cash / kredit.. Data luar kota bisa bantu proses, Tersedia jg Paket Total DP Ringan, Tenor hingga 6 tahun ( Proses 1 hari kerja saja )

Segera Rekomendasikan Keluarga / Teman / Kerabat Bapak & Ibu semua untuk membeli Mobil di AUTOHIGH dan dapatkan harga & kualitas terbaik dengan cara Share Link Iklan ini, Terima Kasih !!!

///AUTO HIGH BINTARO
** Bursa Mobil Bintaro A1 - A3
Bintaro Sektor 7, Tangerang Selatan
( Exit Tol Pondok Aren, samping Bank Permata Tower dan Dealer BMW Bestindo )

[[ GUNAKAN SELALU FITUR TELEPON & WHATS APP UNTUK KEAMANAN BERKOMUNIKASI, TERIMA KASIH ]]

Buka Setiap Hari : Pukul 9 Pagi s/d 6 Sore
( Sabtu / Minggu / Hari Libur Tetap Buka )

More Info, Please Call / SMS / Whats App : Pukul 8 Pagi s/d 11 Malam ( Setiap Hari )",Mercedes-Benz,Lainnya,,Lainnya,0-5.000,415000000.0
947935635,Pajak Panjang - Toyota Fortuner 2.8 4x2 GR Sport DSL Solar-AT 2024,".
Pajak Panjang - Toyota Fortuner 2.8 4x2 GR Sport DSL Solar-AT 2024 Silver 
.
Harga Cash : Hubungi Saya / Chat Me 
Harga Credit : Rp.  447,000,000 ,-
TDP :  53,000,000
Angsuran 4 Tahun : Rp. 13,400,000 ,-
Angsuran 5 Tahun silahkan hubungi untuk informasi lebih lanjut
.
Beli Mobil Terus Untung!!
Beli mobil dan dapatkan bonus saldo digital hingga Rp1.500.000!
*S&K berlaku
.
Keunggulan Unit
1. Pajak : August 2025
2. Odometer : 47.xxx 
3. Like New
4. Tangan Pertama
5. Atas nama  : Perorangan
6. Plat Ganjil
.
GRATIS HOME TEST DRIVE
.
Pembayaran Booking Fee / Pelunasan hanya melalui no rekening 2061/888/995 - BCA - an SERASI MITRA MOBIL PT

TDP promo hanya Berlaku jika:
- BI checking Bersih (tidak pernah ada keterlambatan pembayaran)
- Rumah Milik Pribadi
- Pemasukan/Gaji= 3x Angsuran.
*Bisa di bantu Rumah Kontrak dan BI checking bermasalah dengan TDP 30%* (S&K Berlaku)
.
Kunjungi kami di
OLXmobbi Bekasi
Jl. Jend. Sudirman No.1, Kranji, Kec. Bekasi Bar., Kota Bks, Jawa Barat KODE POS 78336
.
Rudi Hartono - Sales Advisor
OLXmobbi
Ahlinya Mobil Bekas Berkualitas",Toyota,Lainnya,,Lainnya,45.000-50.000,447000000.0
948197080,‎Toyota Fortuner SRZ 2.7 AT 2016 Hitam Metalik,"‎Toyota Fortuner SRZ 2.7 AT 2016 Hitam Metalik (AHA Gajah Mada Cipondoh) Grup C
‎
‎Otr 290jt Cash 310jt
‎
‎Spesifikasi : 
‎- bebas tabrak dan banjir 
‎- ⁠Tangan Pertama dari Baru
‎- ⁠Odometer 133rb
‎- ⁠Pajak Hidup 10-26
- Kunci 2 lengkap
- buku manual servis lengkap
‎- ⁠Mesin Sehat terawat
‎- ⁠Interrior bersih rapi
‎- Eksterior mulus terawat
‎- ⁠Kaki kaki senyap Nyaman
‎- ⁠Transmisi Halus Responsif dan bertenaga
‎- ⁠Elektrikal semua berfungsi normal
‎- Power Backdoor berfungsi normal
‎- ⁠AC Dingin menggigil
‎- ⁠Surat surat Lengkap dan dijamin keabsahannya

Paket A
Tdp 90jt cicilan 8.125.000 x 35
Tdp 90jt cicilan 6.476.000 x 47
Tdp 90jt cicilan 5.610.000 x 59

Paket B
Tdp 40jt cicilan 10.066.000 x 35
Tdp 40jt cicilan 8.325.000 x 47
Tdp 40jt cicilan 7.439.000 x 59",Toyota,Lainnya,,Lainnya,130.000-135.000,290000000.0
947537832,DP10% [Km8.000] E200 Exclusive 2024 Black Reg 2025 #AUTOHIGH,"MERCEDES BENZ E200 EXCLUSIVE LINE 2024 NEW MODEL PANORAMIC BLACK ON BLACK
Km.8.000 Antik!! , Stnk Bulan 11 ( NIK.2024 )
- Monitor Screen TV 
- ⁠4 Camera 360
- Speedometer Digital
- Mouse Control
- LED Day Lights
- Steer New Model
- ⁠Panoramic + Sunroof
- Electric Seat + Memory Seat
- Bagasi Power Back Doors
- Warranty ATPM Mercedes Benz 5 Stars ( 3 Thn Full Spareparts s/d Feb 2027 + 5 Thn Free Service s/d Feb 2029 )

OTR KREDIT : 1.100M 
OTR CASH : 1.200M 

Harga Negosiasi Setelah Datang Lihat Unit di Showroom Kami

Pembelian via cash / kredit.. Data luar kota bisa bantu proses, Tersedia jg Paket Total DP Ringan, Tenor hingga 6 tahun ( Proses 1 hari kerja saja )

Segera Rekomendasikan Keluarga / Teman / Kerabat Bapak & Ibu semua untuk membeli Mobil di AUTOHIGH dan dapatkan harga & kualitas terbaik dengan cara Share Link Iklan ini, Terima Kasih !!!

///AUTO HIGH BINTARO
** Bursa Mobil Bintaro A1 - A3
Bintaro Sektor 7, Tangerang Selatan
( Exit Tol Pondok Aren, samping Bank Permata Tower dan Dealer BMW Bestindo )

[[ GUNAKAN SELALU FITUR TELEPON & WHATS APP UNTUK KEAMANAN BERKOMUNIKASI, TERIMA KASIH ]]

Buka Setiap Hari : Pukul 9 Pagi s/d 6 Sore
( Sabtu / Minggu / Hari Libur Tetap Buka )

More Info, Please Call / SMS / Whats App : Pukul 8 Pagi s/d 11 Malam ( Setiap Hari )",Mercedes-Benz,Lainnya,,Lainnya,0-5.000,1110000000.0
946030968,DP10% [Km18.000] C200 Avantgarde 2019 Black Reg 2020 #AUTOHIGH,"MERCEDES BENZ C200 EQBOOST 2019 NEW PROFILE BLACK ON BLACK
Km.18.000 Antik!! , Stnk Bulan 06 ( NIK.2019 )
- Monitor + Mouse Control 
- Rear Camera
- Electric Seat + Memory Seat
- Engine Start Button
- ECO Mode Start Stop
- Engine Mode : Eco, Comfort & Sport
- Speedometer Digital 
- Full Bodykit
- Perseneling di Setir
- Service Record ATPM Mercedes Benz

OTR KREDIT : 445JT
OTR CASH : 495JT

Harga Negosiasi Setelah Datang Lihat Unit di Showroom Kami

Pembelian via cash / kredit.. Data luar kota bisa bantu proses, Tersedia jg Paket Total DP Ringan, Tenor hingga 6 tahun ( Proses 1 hari kerja saja )

Segera Rekomendasikan Keluarga / Teman / Kerabat Bapak & Ibu semua untuk membeli Mobil di AUTOHIGH dan dapatkan harga & kualitas terbaik dengan cara Share Link Iklan ini, Terima Kasih !!!

///AUTO HIGH BINTARO
** Bursa Mobil Bintaro A1 - A3
Bintaro Sektor 7, Tangerang Selatan
( Exit Tol Pondok Aren, samping Bank Permata Tower dan Dealer BMW Bestindo )

[[ GUNAKAN SELALU FITUR TELEPON & WHATS APP UNTUK KEAMANAN BERKOMUNIKASI, TERIMA KASIH ]]

Buka Setiap Hari : Pukul 9 Pagi s/d 6 Sore
( Sabtu / Minggu / Hari Libur Tetap Buka )

More Info, Please Call / SMS / Whats App : Pukul 8 Pagi s/d 11 Malam ( Setiap Hari )",Mercedes-Benz,Lainnya,,Lainnya,5.000-10.000,445000000.0
946031021,DP10% [Km18.000] C200 Avantgarde 2019 Black Reg 2021 #AUTOHIGH,"MERCEDES BENZ C200 EQBOOST 2019 NEW PROFILE BLACK ON BLACK
Km.18.000 Antik!! , Stnk Bulan 06 ( NIK.2019 )
- Monitor + Mouse Control 
- Rear Camera
- Electric Seat + Memory Seat
- Engine Start Button
- ECO Mode Start Stop
- Engine Mode : Eco, Comfort & Sport
- Speedometer Digital 
- Full Bodykit
- Perseneling di Setir
- Service Record ATPM Mercedes Benz

OTR KREDIT : 445JT
OTR CASH : 495JT

Harga Negosiasi Setelah Datang Lihat Unit di Showroom Kami

Pembelian via cash / kredit.. Data luar kota bisa bantu proses, Tersedia jg Paket Total DP Ringan, Tenor hingga 6 tahun ( Proses 1 hari kerja saja )

Segera Rekomendasikan Keluarga / Teman / Kerabat Bapak & Ibu semua untuk membeli Mobil di AUTOHIGH dan dapatkan harga & kualitas terbaik dengan cara Share Link Iklan ini, Terima Kasih !!!

///AUTO HIGH BINTARO
** Bursa Mobil Bintaro A1 - A3
Bintaro Sektor 7, Tangerang Selatan
( Exit Tol Pondok Aren, samping Bank Permata Tower dan Dealer BMW Bestindo )

[[ GUNAKAN SELALU FITUR TELEPON & WHATS APP UNTUK KEAMANAN BERKOMUNIKASI, TERIMA KASIH ]]

Buka Setiap Hari : Pukul 9 Pagi s/d 6 Sore
( Sabtu / Minggu / Hari Libur Tetap Buka )

More Info, Please Call / SMS / Whats App : Pukul 8 Pagi s/d 11 Malam ( Setiap Hari )",Mercedes-Benz,Lainnya,,Lainnya,5.000-10.000,445000000.0
948197007,FREE BALIK NAMA JKT ERTIGA GL 1.4 AT 2018 SILVER,"Harga Kredit: Total DP 10JT Angsuran 3 Jutaan 
[Total DP & Angsuran bisa request]

Harga Cash: 149 jt nego sampai deal di showroom
( FREE BBN DAERAH JAKARTA )

MOBCARS TOP TEN Plus Plus++ :	
1. FREE Smart TV Android [Bisa YouTube Netflix]*	
2. FREE Saldo E-Toll 1 Juta*	
3. FREE BBM Full Tank*	
4. FREE 1 Kali Angsuran [60 Bulan jadi 59 Bulan]*
5. FREE Garansi Mesin & Transmisi Hingga 2 TAHUN*
6. FREE Detailing Poles Waxing Hingga 2 TAHUN*	
7. FREE Home Test Drive [Radius 60 Kilometer]	
8. Garansi Keabsahan Dokumen Kendaraan	
9. Garansi Kilometer Asli [No Puteran]	
10. Garansi Bebas Kecelakaan Berat dan Bebas Banjir	
	
Plus Plus :	
+++ Oli Mesin & Filter Oli Baru	
+++ Oli Transmisi [Matic] Baru

 ERTIGA GL 1.4 AT 2018

Spesifikasi Unit:	
•Tahun: 2018
•Transmisi: Matic
•Masa Pajak: 05/26
•Jarak Tempuh: 83.xxxKm
•Nopol: B Bekasi [Genap]

MOBCARS INFO :
•Bisa Tukar Tambah [Trade-in pasti BEST PRICE]
•Bisa Proses Kredit Seluruh KTP / Domisili Se-Indonesia	
•Bisa Pengiriman Ke-Seluruh Wilayah Indonesia
	
*S&K MOBCARS TOP TEN PLUS PLUS :	
•Nomor 1 2 3 Berlaku khusus pembelian kredit [No Nego]
•Nomor 4 & 5 Berlaku khusus kredit BCA Finance  
•Nomor 6 Maksimal 3 kali selama 2 Tahun [Exterior Interior Mesin]	
•Pembelian Cash Bisa Bergaransi Mesin & Transmisi Hingga 2 Tahun [sesuai kesepakatan]
	
Lokasi Cibubur Jakarta Timur

SENDY MOBCARS - BEST PRICE",Suzuki,Lainnya,,Lainnya,80.000-85.000,139000000.0
942787577,DP10% [Km8.000] X1 X-Line 2024 Black Reg 2025 #AUTOHIGH,"BMW X1 X-LINE 2024/2025 NEW MODEL BLACK ON BLACK
Km.8.000 Antik!! , Stnk Bulan 03 Register 2025 ( NIK.2024 )
- Monitor + Rear Camera
- GPS Indonesia
- Speedometer Digital
- Electric Seat + Memory Seat
- Panoramic + Sunroof
- Bagasi Power Back Door
- Engine Start Stop
- Warranty Full Spare Parts BRI ( 5 Thn s/d Okt 2029 ) & Warranty Free Service BSI ( 5 Thn s/d Okt 2029 )

OTR KREDIT : 710JT 
OTR CASH : 785JT 

Harga Negosiasi Setelah Datang Lihat Unit di Showroom Kami

Pembelian via cash / kredit.. Data luar kota bisa bantu proses, Tersedia jg Paket Total DP Ringan, Tenor hingga 6 tahun ( Proses 1 hari kerja saja )

Kelengkapan Data yang diperlukan :
-Copy KTP Suami + Istri ( Jika Sudah Menikah )
-Copy Kartu Keluarga
-Copy PBB
-Copy Cover Rekening Buku Tabungan

Segera Rekomendasikan Keluarga / Teman / Kerabat Bapak & Ibu semua untuk membeli Mobil di AUTOHIGH dan dapatkan harga & kualitas terbaik dengan cara Share Link Iklan ini, Terima Kasih !!!

///AUTO HIGH BINTARO
** Bursa Mobil Bintaro A1 - A3
Bintaro Sektor 7, Tangerang Selatan
( Exit Tol Pondok Aren, samping Bank Permata Tower dan Dealer BMW Bestindo )

[[ GUNAKAN SELALU FITUR TELEPON & WHATS APP UNTUK KEAMANAN BERKOMUNIKASI, TERIMA KASIH ]]

Buka Setiap Hari : Pukul 9 Pagi s/d 6 Sore
( Sabtu / Minggu / Hari Libur Tetap Buka )

More Info, Please Call / SMS / Whats App : Pukul 8 Pagi s/d 11 Malam ( Setiap Hari )",BMW,Lainnya,,Lainnya,0-5.000,710000000.0
946794446,DP10% [Km30.000] E350 AMG EQ Boost 2019 Black Reg 2021 #AUTOHIGH,"MERCEDES BENZ E350 AMG EQ BOOST 2019/2020 BLACK ON BLACK
Km.30.000 , Stnk Bulan 01 Register 2020 ( NIK.2019 )
- Monitor TV + 4 Camera
- Speedometer Digital Model Terbaru 
- Panoramic + Sunroof
- Electric Seat + Memory Seat
- Keyless + Engine Start Botton
- Velg Original AMG R.19
- Audio Burnsmester
- Bagasi Power Back Door
- Service Record ATPM Mercedes Benz

OTR KREDIT : 610JT 
OTR CASH : 685JT 

Harga Negosiasi Setelah Datang Lihat Unit di Showroom Kami

Pembelian via cash / kredit.. Data luar kota bisa bantu proses, Tersedia jg Paket Total DP Ringan, Tenor hingga 6 tahun ( Proses 1 hari kerja saja )

Segera Rekomendasikan Keluarga / Teman / Kerabat Bapak & Ibu semua untuk membeli Mobil di AUTOHIGH dan dapatkan harga & kualitas terbaik dengan cara Share Link Iklan ini, Terima Kasih !!!

///AUTO HIGH BINTARO
** Bursa Mobil Bintaro A1 - A3
Bintaro Sektor 7, Tangerang Selatan
( Exit Tol Pondok Aren, samping Bank Permata Tower dan Dealer BMW Bestindo )

[[ GUNAKAN SELALU FITUR TELEPON & WHATS APP UNTUK KEAMANAN BERKOMUNIKASI, TERIMA KASIH ]]

Buka Setiap Hari : Pukul 9 Pagi s/d 6 Sore
( Sabtu / Minggu / Hari Libur Tetap Buka )

More Info, Please Call / SMS / Whats App : Pukul 8 Pagi s/d 11 Malam ( Setiap Hari )",Mercedes-Benz,Lainnya,,Lainnya,20.000-25.000,610000000.0
948196926,‎Toyota Fortuner SRZ 2.7 AT 2016 Hitam Metalik,"‎Toyota Fortuner SRZ 2.7 AT 2016 Hitam Metalik (AHA Gajah Mada Cipondoh) Grup C
‎
‎Otr 290jt Cash 310jt
‎
‎Spesifikasi : 
‎- bebas tabrak dan banjir 
‎- ⁠Tangan Pertama dari Baru
‎- ⁠Odometer 133rb
‎- ⁠Pajak Hidup 10-26
- Kunci 2 lengkap
- buku manual servis lengkap
‎- ⁠Mesin Sehat terawat
‎- ⁠Interrior bersih rapi
‎- Eksterior mulus terawat
‎- ⁠Kaki kaki senyap Nyaman
‎- ⁠Transmisi Halus Responsif dan bertenaga
‎- ⁠Elektrikal semua berfungsi normal
‎- Power Backdoor berfungsi normal
‎- ⁠AC Dingin menggigil
‎- ⁠Surat surat Lengkap dan dijamin keabsahannya

Paket A
Tdp 90jt cicilan 8.125.000 x 35
Tdp 90jt cicilan 6.476.000 x 47
Tdp 90jt cicilan 5.610.000 x 59

Paket B
Tdp 40jt cicilan 10.066.000 x 35
Tdp 40jt cicilan 8.325.000 x 47
Tdp 40jt cicilan 7.439.000 x 59",Toyota,Lainnya,,Lainnya,130.000-135.000,290000000.0
948196853,‎Toyota Fortuner SRZ 2.7 AT 2016 Hitam Metalik,"‎Toyota Fortuner SRZ 2.7 AT 2016 Hitam Metalik (AHA Gajah Mada Cipondoh) Grup C
‎
‎Otr 290jt Cash 310jt
‎
‎Spesifikasi : 
‎- bebas tabrak dan banjir 
‎- ⁠Tangan Pertama dari Baru
‎- ⁠Odometer 133rb
‎- ⁠Pajak Hidup 10-26
- Kunci 2 lengkap
- buku manual servis lengkap
‎- ⁠Mesin Sehat terawat
‎- ⁠Interrior bersih rapi
‎- Eksterior mulus terawat
‎- ⁠Kaki kaki senyap Nyaman
‎- ⁠Transmisi Halus Responsif dan bertenaga
‎- ⁠Elektrikal semua berfungsi normal
‎- Power Backdoor berfungsi normal
‎- ⁠AC Dingin menggigil
‎- ⁠Surat surat Lengkap dan dijamin keabsahannya

Paket A
Tdp 90jt cicilan 8.125.000 x 35
Tdp 90jt cicilan 6.476.000 x 47
Tdp 90jt cicilan 5.610.000 x 59

Paket B
Tdp 40jt cicilan 10.066.000 x 35
Tdp 40jt cicilan 8.325.000 x 47
Tdp 40jt cicilan 7.439.000 x 59",Toyota,Lainnya,,Lainnya,130.000-135.000,290000000.0
948196791,[ GARANSI 5THN ] Hyundai Santafe Santa Fe Signature 2.5 2020/2021/2022,"BELI MOBIL TANPA KHAWATIR BERGARANSI 5 TAHUN!

Hyundai Santafe Santa Fe Signature 2.5 Bensin Panoramic AT Black On Brown NIK 2021, PAJAK BULAN 12 (2026), ODOMETER 51RB KM RECORD AUTHORIZED
-
Focus Motor Belanja Mobil 26 Tahun Membangun Kepercayaan.
Nikmati standar baru kepemilikan mobil bekas dengan garansi komprehensif hingga 5 TAHUN untuk 155 KOMPONEN. BERSERTIFIKAT, BERPOLIS, dan didukung layanan CUSTOMER SERVICE PERSONAL untuk pengalaman berkendara yang aman dan tanpa khawatir.

Belanja Mobil bukan hanya menjual mobil bekas. Kami jual mobil bekas dengan RASA AMAN seperti mobil baru.

5 BELANJA MOBIL PROMISE :
1. Mobil Terinspeksi 155 titik
2. ⁠TERGARANSI 5 tahun
3. ⁠Harga Transparan
4. ⁠Jaminan Trade-in/Buyback
5. ⁠After Sales yg baik (Mempunyai Customer Service Personal)

-UNIT 100% BEBAS TABRAK DAN BEBAS BANJIR (garansi uang kembali)
-Dokumen ABSAH
-BONUS! Free Detailing (pembersihan) 2x (1 tahun)
-
OTR KREDIT 330JT
OTR CASH BY CALL

DP Minim
Dp 42 jt
Angs 9.850,500 x47 tlo

dp 37 jt
Angs 8.649,000 x59 tlo

Bunga Premium
Dp 62 jt
Angs 8.907,500 x47 tlo

Dp 57 jt
Angs 7.807,000 x59 tlo

UNTUK REQUEST DP / HITUNGAN LAIN, SILAKAN HUBUNGI KAMI

Harga kredit tertera adalah harga minimal kredit dengan tenor 4 & 5 tahun, diluar itu mengikuti harga Cash (karena kami mensubsidi refund bunga kepada anda)
-
Spesifikasi :
* Tangan Pertama Dari Baru, Pribadi
* Electric Panoramic Sunroof
* Engine 2.5 cc Bensin Auto High Power ECO Mode
* Keyless Start Stop Engine
* Audio Steering Switch, Paddle Shift With Cruise Control
* MID Digital Cluster
* Infotainment System Touchscreen With Apple Carplay & Android Auto
* Electric Leather Seat
* Full LED Headlamp With DRL
* LED Stop Lamp
* SRS Airbags, ABS, EBD, BA, TPMS COMPLETE SAFETY CAR
* 360 View Parking Camera, Parking Sensor
* Electric Park Brake, Auto Hold, Traction Control
* Power Back Door
* Kaca Film Vkool
* Buku Service, Kunci Cadangan Tersedia


LOKASI : Bursa Otomotif Mangga Dua Square, Focus Motor, Jakarta Utara (NJJ) (A)",Hyundai,Lainnya,,Lainnya,50.000-55.000,330000000.0
948196765,[TERMURAH] Audi Q5 45 TFSI quattro S line 2022,"OTR CASH 710 JT (NEGO) 
 OTR CREDIT 650 JT (PAKET KREDIT VIA WHATSAPP)

 Audi Q5 45 TFSI quattro S line
 NIK 2022
 Jakarta Utara

 Grey on Black
️ S line Package
️ quattro All Wheel Drive
️ Premium Luxury SUV

 ODO 22.000 Miles

 2.0L Turbo Engine — 265 PS / 370 Nm
 7-Speed S tronic Transmission
 quattro AWD
 S line Sport Bumper
 Honeycomb Grille
 19"" S line Wheels
 Roof Rail
 Leather + Alcantara Seats
 Flat Bottom S line Steering Wheel
 Audi Virtual Cockpit
 MMI Touch Display 10.1""
 LED Headlamp",Audi,Lainnya,,Lainnya,20.000-25.000,650000000.0
947627506,Km 51rb honda civic turbo es sedan 2018 hitam,"DIJUAL 

Honda Civic 1.5 Turbo ES Sedan CVT AT Hitam Mutiara NIK 2018, PAJAK BULAN 11 (2026), ODOMETER 51RB KM RECORD AUTHORIZED


OTR Kredit 265 JT
OTR CASH 300 JT NEGO

PLAT B GENAP ( rj ) 


Spesifikasi :
• Tangan Pertama Dari Baru, Pribadi
• Engine 1.5cc Turbo Automatic
• Keyless Start Stop Engine
• Paddle Shift, Audio Steering Switch
• Tilt & Telescopic Steering
• Electric Retract Mirror
• AC Digital Single Zone
• MID Digital Cluster
• Headunit Touchscreen Navigation, Multimedia & Smartphone Connection
• Electric Leather Seat
• Headlamp LED Multireflector, Foglamp
• SRS Airbags, ABS, EBD, BA, VSC COMPLETE SAFETY CAR
• Rear Parking Camera, Parking Sensors
• Electric Park Brake, Electric Brake Hold, Traction Control
• Kaca Film Vkool
• Kunci Cadangan Tersedia


proses kredit bisa dibantu( rumah sewa dll s&k)
ktp daerah bisa (daerah tertentu)..
Terima jual-beli ,tukar tambah ( cash / kredit )
Unit tidak bekas tabrakan dan banjir (boleh cek ke bengkel resmi dulu ) . 

Minat cepat hubungi 
Regina ( call / WA )",Honda,Lainnya,,Lainnya,50.000-55.000,265000000.0
948053144,DP10% [Km7.000] Civic Type R Hatchback 2023 Red Reg 2024 #AUTOHIGH,"HONDA CIVIC TYPE R HATCHBACK 2.0 MT VTEC (FL5R) ATPM 2023 RED ON RED-BLACK
Km.7.000 Antik!! , Stnk Bulan 05 ( NIK 2023 )
- Engine 2.0 Turbocharger 315Hp / 420Nm
- ⁠6 Speed Manual Transmision
- ⁠Bucket Seat + Suede Alcantara Original Honda
- Drive Mode : Comfort, Sport, +R, Individual
- ⁠Brembo Brakes
- ⁠Speedometer Digital
- ⁠GPS Indonesia
- ⁠Rear Camera
- ⁠Honda Sensing
- ⁠Full PPF V-Kool
- ⁠Service Record ATPM Honda

OTR KREDIT : 1.250M
OTR CASH : 1.300M

Harga Negosiasi Setelah Datang Lihat Unit di Showroom Kami

Pembelian via cash / kredit.. Data luar kota bisa bantu proses, Tersedia jg Paket Total DP Ringan, Tenor hingga 6 tahun ( Proses 1 hari kerja saja )

Segera Rekomendasikan Keluarga / Teman / Kerabat Bapak & Ibu semua untuk membeli Mobil di AUTOHIGH dan dapatkan harga & kualitas terbaik dengan cara Share Link Iklan ini, Terima Kasih !!!

///AUTO HIGH BINTARO
** Bursa Mobil Bintaro A1 - A3
Bintaro Sektor 7, Tangerang Selatan
( Exit Tol Pondok Aren, samping Bank Permata Tower dan Dealer BMW Bestindo )

[[ GUNAKAN SELALU FITUR TELEPON & WHATS APP UNTUK KEAMANAN BERKOMUNIKASI, TERIMA KASIH ]]

Buka Setiap Hari : Pukul 9 Pagi s/d 6 Sore
( Sabtu / Minggu / Hari Libur Tetap Buka )

More Info, Please Call / SMS / Whats App : Pukul 8 Pagi s/d 11 Malam ( Setiap Hari )",Honda,Lainnya,,Lainnya,0-5.000,1250000000.0
947975365,Km 35rb kia sonet premier 2021 abu metalik silver 2021 sunroof,"DIJUAL 

KIA Sonet 1.5 Premiere Sunroof BOSE AT Abu Metalik NIK 2021, PAJAK BULAN 12 (2026), ODOMETER 35RB KM Low !!


OTR Kredit 185 JT
OTR CASH 215 JT NEGO

PLAT B GANJIL ( dfh ) 


Spesifikasi :
• Tangan Pertama dari Baru, Pribadi
• Electric Sunroof
• BOSE Sound System
• Engine 1.5 Gasoline Automatic
• Keyless Start Stop Engine
• Electric Retract Mirror
• Cruise Control, Audio Steering Switch
• AC Climate Single Zone With Blower
• MID DIgital
• Headunit LCD Touchscreen With Android Auto
• Adjustable Leather Seat
• LED Multireflector Headlamp With DRL, Foglamp
• SRS Airbags, ABS, EBD, BA, VSC COMPLETE SAFETY CAR
• Rear Parking Camera, Parking Sensors, Traction Control System
• Kaca Film Solar Gard
• Buku Service, Buku Manual, Kunci Serep Tersedia

proses kredit bisa dibantu( rumah sewa dll s&k)
ktp daerah bisa (daerah tertentu)..
Terima jual-beli ,tukar tambah ( cash / kredit )
Unit tidak bekas tabrakan dan banjir (boleh cek ke bengkel resmi dulu ) . 

Minat cepat hubungi 
Regina ( call / WA )",Kia,Lainnya,,Lainnya,30.000-35.000,185000000.0
948199504,[Km 18RB] BMW X5 xDrive40i M-Sport G05 LCI AT 2024,"BMW X5 xDrive40i M-Sport G05 LCI AT 2024

- New Model
- New Profile i-drive 8
- Km 16.000 Antik (10.000 Miles)
- Warna Abu-abu
- Nopol B Ganjil
- Pajak 09-2026
- Tangan 1 Dari Baru
- Atas Nama Perorangan
- Nik 2024
- Full Warranty 02-09-2029
- Free Service 02-09-2029

OTR Kredit 1.325 Milyar
Cash 1.435 Milyar Nego",BMW,Lainnya,,Lainnya,15.000-20.000,1325000000.0
947867884,[ GARANSI 5TH ] Toyota Vellfire 2.5 G ATPM Black on Black 2017 2018,"BELI MOBIL TANPA KHAWATIR BERGARANSI 5 TAHUN!

Toyota Vellfire 2.5 G ATPM AT Black on Black NIK 2017 KM86rb Record AUTHORIZED !!
-
Focus Motor Belanja Mobil 26 Tahun Membangun Kepercayaan.
Nikmati standar baru kepemilikan mobil bekas dengan garansi komprehensif hingga 5 TAHUN untuk 155 KOMPONEN. BERSERTIFIKAT, BERPOLIS, dan didukung layanan CUSTOMER SERVICE PERSONAL untuk pengalaman berkendara yang aman dan tanpa khawatir.
-

-UNIT 100% BEBAS TABRAK DAN BEBAS BANJIR (garansi uang kembali)
-Dokumen ABSAH
-Bonus!
Free Detailing (pembersihan) 2x (1 tahun)

-
OTR KREDIT 420JT
OTR CASH BY CALL

Bunga 0%
Tdp 449 JT
Angsuran 22.334 JT x11

DP Normal 20%
TDP 162 JT
Angs 13.664 JT 4th x47
TDP 165 JT
Angs 11.835 JT 5th x59

DP Minim
Tdp 101jt
Angs 16.427 JT x47 tlo
Tdp 91jt
Angs 14.429 JT x59 tlo

Untuk request DP / Hitungan lain, silakan hubungin kami

Harga kredit tertera adalah harga minimal kredit dengan tenor 4 & 5 tahun, diluar itu mengikuti harga Cash (karena kami mensubsidi refund bunga kepada anda)
-
Spesifikasi :
#Engine 2.5 Automatic ECO Mode
#Pajak Bulan 12-2024
#Tangan1daribaruPT
- NIK 2017
- Keyless Start Engine
- Sunroof + Monroof
- Electric Leather Pilot Memoryseats
- Multimedia 2TV + 4Camera 360
- Interior Ambience Lighting, Woodenpanel, Krei
- Eksterior Headlamp Xenon LED, Sensorparking, Velg OEM, Powerbackdoor
- Buku Servis Manual Kuncieserep
- KF Vkool


LOKASI : Bursa Otomotif Mangga Dua Square, Focus Motor, Jakarta Utara. (SMF) (A)",Toyota,Lainnya,,Lainnya,85.000-90.000,420000000.0
946794579,DP10% [Km7.000] Voxy 2024 Black Reg 2025 #AUTOHIGH,"TOYOTA VOXY 2024 BLACK ON BLACK
Km.7.000 Antik!! , Stnk Bulan 09 ( NIK.2024 )
- Monitor Screen + Rear TV Entertaiment
- Apple Car Play + 4 Camera
- Speedometer HUD
- Captain Seat
- ⁠Optional Leather Seat
- Double Electric Sliding Doors
- TSS + Kick Sensor
- Bagasi Power Back Door
- Warranty ATPM Toyota

OTR KREDIT : 455JT

Harga Negosiasi Setelah Datang Lihat Unit di Showroom Kami

Pembelian via cash / kredit.. Data luar kota bisa bantu proses, Tersedia jg Paket Total DP Ringan, Tenor hingga 6 tahun ( Proses 1 hari kerja saja )

Segera Rekomendasikan Keluarga / Teman / Kerabat Bapak & Ibu semua untuk membeli Mobil di AUTOHIGH dan dapatkan harga & kualitas terbaik dengan cara Share Link Iklan ini, Terima Kasih !!!

///AUTO HIGH BINTARO
** Bursa Mobil Bintaro A1 - A3
Bintaro Sektor 7, Tangerang Selatan
( Exit Tol Pondok Aren, samping Bank Permata Tower dan Dealer BMW Bestindo )

[[ GUNAKAN SELALU FITUR TELEPON & WHATS APP UNTUK KEAMANAN BERKOMUNIKASI, TERIMA KASIH ]]

Buka Setiap Hari : Pukul 9 Pagi s/d 6 Sore
( Sabtu / Minggu / Hari Libur Tetap Buka )

More Info, Please Call / SMS / Whats App : Pukul 8 Pagi s/d 11 Malam ( Setiap Hari )",Toyota,Lainnya,,Lainnya,0-5.000,455000000.0
947726643,"Toyota Landcruiser LC 300 GR-S 4X4 Diesel 3,3L NIK 2023","Bonus!!!
-Free Towing selama 1tahun
-Lulus otospector
-Autofame siap (General Check Up) ke bengkel resmi untuk membuktikan mobil kita berkualitas
Term and Condition
.
KM 12.000 Toyota Landcruiser LC 300 GR-S 4X4 Diesel 3,3L NIK 2023 Black On Black

Plat Genap, Black On Black, KM 12.000, NIK 2023, Pajak Sangat Panjang Sampai Bulan 02 2027, Toyota Landcruiser 300 GR-S 3.300CC Diesel DOHC V6 Engine 300HP, Direct Shift 10AT, Full GR-Parts Original Toyota, (Front Grille, Darkgrey Smoke Rims, Side + Rear Emblem), TSS (Toyota Safety Sense), Sunroof, Middle Cooler Box, Electric Seats with Memory, Heater Seats, JBL Audio Premium Sound, Rear Seats Entertainment, Wireless Charging, Electronic Kinetic Dynamic Suspension, electronic Differential Lock Front and Rear, Multi Terrain Select, Crawl Control, Tinggal Pakai.
.
For Cash : Rp.  2.150 M
For Credit : Rp. 2.025 M
.
3Tahun
TDP : 393.8xx.xxx Juta
Angsuran : 61.1xx.xxxJuta X 35
.
4Tahun
TDP : 400.5xx.xxxJuta
Angsuran : 48.9xx.xxx Juta X 47
Harga Bisa Nego Langsung Di Tempat
.
AUTOFAME MENERIMA
•Menerima Jual Beli dan Tukar Tambah
•Pembayaran bisa dengan (Cash / Kredit)
•Autofame siap (General Check Up) ke bengkel resmi untuk membuktikan mobil kita berkualitas
.
Search google : Autofame
Search waze : Autofame
.
Buka Setiap Hari: 09:00 - 18.00
(Sabtu / Minggu / Tanggal Merah tetap buka yaaa!!)
-QUALITY IS OUR PRIORITY-
.
AUTOFame Cibubur
Kota Wisata Somerset N 8 no. 5
Jalan Transyogie Km.6 Cibubur
.
AUTOFame Mangga dua square)
Bursa otomotif Mangga dua square (BOM's) Lot L18-23
Jalan Gunung Sahari No. 1 Jakarta utara",Toyota,Lainnya,,Lainnya,10.000-15.000,2025000000.0
946795040,DP10% [Km7.000] Voxy 2024 Black Reg 2023 #AUTOHIGH,"TOYOTA VOXY 2024 BLACK ON BLACK
Km.7.000 Antik!! , Stnk Bulan 09 ( NIK.2024 )
- Monitor Screen + Rear TV Entertaiment
- Apple Car Play + 4 Camera
- Speedometer HUD
- Captain Seat
- ⁠Optional Leather Seat
- Double Electric Sliding Doors
- TSS + Kick Sensor
- Bagasi Power Back Door
- Warranty ATPM Toyota

OTR KREDIT : 455JT 

Harga Negosiasi Setelah Datang Lihat Unit di Showroom Kami

Pembelian via cash / kredit.. Data luar kota bisa bantu proses, Tersedia jg Paket Total DP Ringan, Tenor hingga 6 tahun ( Proses 1 hari kerja saja )

Segera Rekomendasikan Keluarga / Teman / Kerabat Bapak & Ibu semua untuk membeli Mobil di AUTOHIGH dan dapatkan harga & kualitas terbaik dengan cara Share Link Iklan ini, Terima Kasih !!!

///AUTO HIGH BINTARO
** Bursa Mobil Bintaro A1 - A3
Bintaro Sektor 7, Tangerang Selatan
( Exit Tol Pondok Aren, samping Bank Permata Tower dan Dealer BMW Bestindo )

[[ GUNAKAN SELALU FITUR TELEPON & WHATS APP UNTUK KEAMANAN BERKOMUNIKASI, TERIMA KASIH ]]

Buka Setiap Hari : Pukul 9 Pagi s/d 6 Sore
( Sabtu / Minggu / Hari Libur Tetap Buka )

More Info, Please Call / SMS / Whats App : Pukul 8 Pagi s/d 11 Malam ( Setiap Hari )",Toyota,Lainnya,,Lainnya,0-5.000,455000000.0
946795081,DP10% [Km7.000] Voxy 2024 Black Reg 2025 #AUTOHIGH,"TOYOTA VOXY 2024 BLACK ON BLACK
Km.7.000 Antik!! , Stnk Bulan 09 ( NIK.2024 )
- Monitor Screen + Rear TV Entertaiment
- Apple Car Play + 4 Camera
- Speedometer HUD
- Captain Seat
- ⁠Optional Leather Seat
- Double Electric Sliding Doors
- TSS + Kick Sensor
- Bagasi Power Back Door
- Warranty ATPM Toyota

OTR KREDIT : 455JT 

Harga Negosiasi Setelah Datang Lihat Unit di Showroom Kami

Pembelian via cash / kredit.. Data luar kota bisa bantu proses, Tersedia jg Paket Total DP Ringan, Tenor hingga 6 tahun ( Proses 1 hari kerja saja )

Segera Rekomendasikan Keluarga / Teman / Kerabat Bapak & Ibu semua untuk membeli Mobil di AUTOHIGH dan dapatkan harga & kualitas terbaik dengan cara Share Link Iklan ini, Terima Kasih !!!

///AUTO HIGH BINTARO
** Bursa Mobil Bintaro A1 - A3
Bintaro Sektor 7, Tangerang Selatan
( Exit Tol Pondok Aren, samping Bank Permata Tower dan Dealer BMW Bestindo )

[[ GUNAKAN SELALU FITUR TELEPON & WHATS APP UNTUK KEAMANAN BERKOMUNIKASI, TERIMA KASIH ]]

Buka Setiap Hari : Pukul 9 Pagi s/d 6 Sore
( Sabtu / Minggu / Hari Libur Tetap Buka )

More Info, Please Call / SMS / Whats App : Pukul 8 Pagi s/d 11 Malam ( Setiap Hari )",Toyota,Lainnya,,Lainnya,0-5.000,455000000.0
946795105,DP10% [Km7.000] Voxy 2024 Black Reg 2023 #AUTOHIGH,"TOYOTA VOXY 2024 BLACK ON BLACK
Km.7.000 Antik!! , Stnk Bulan 09 ( NIK.2024 )
- Monitor Screen + Rear TV Entertaiment
- Apple Car Play + 4 Camera
- Speedometer HUD
- Captain Seat
- ⁠Optional Leather Seat
- Double Electric Sliding Doors
- TSS + Kick Sensor
- Bagasi Power Back Door
- Warranty ATPM Toyota

OTR KREDIT : 455JT 

Harga Negosiasi Setelah Datang Lihat Unit di Showroom Kami

Pembelian via cash / kredit.. Data luar kota bisa bantu proses, Tersedia jg Paket Total DP Ringan, Tenor hingga 6 tahun ( Proses 1 hari kerja saja )

Segera Rekomendasikan Keluarga / Teman / Kerabat Bapak & Ibu semua untuk membeli Mobil di AUTOHIGH dan dapatkan harga & kualitas terbaik dengan cara Share Link Iklan ini, Terima Kasih !!!

///AUTO HIGH BINTARO
** Bursa Mobil Bintaro A1 - A3
Bintaro Sektor 7, Tangerang Selatan
( Exit Tol Pondok Aren, samping Bank Permata Tower dan Dealer BMW Bestindo )

[[ GUNAKAN SELALU FITUR TELEPON & WHATS APP UNTUK KEAMANAN BERKOMUNIKASI, TERIMA KASIH ]]

Buka Setiap Hari : Pukul 9 Pagi s/d 6 Sore
( Sabtu / Minggu / Hari Libur Tetap Buka )

More Info, Please Call / SMS / Whats App : Pukul 8 Pagi s/d 11 Malam ( Setiap Hari )",Toyota,Lainnya,,Lainnya,0-5.000,455000000.0
948196723,Mercedes Benz GLC 200 AMG Night Edition 2019 Odo 29rb,"Mercedes Benz GLC 200 AMG Night Edition 2019
Odo 29rb
Service Record Mercedes 
Obsidian Black on Black
2.0L M274 Turbo Engine (184Hp/300Nm)
9G-Tronic AT with Manual Mode
Engine Start Stop Button
Cruise Control
Multifunction Steerin with Paddle Shift
Dual Zone Auto Climate Control
Panel Wood
Burmester Premium Sound
Panoramic Sunroof
Leather Seat & Alcantara Seat
Electric Seat with 3 Preset Memory
Parking Sensor
Rear Parking Camera
Dual Exhaust
Parking Assist
Power Back Door
Electric Parking Brake
AMG Line ( Bodykit, Rims & Carpet )
20” Original Mercedes GLC 200 AMG Wheels
Faktur 2019
Perakitan 2019
Pajak 11/2026
Plat B ( Genap )
AnPribadi

Garansi Bersertifikat Tidak bekas tabrakan dan Banjir (by @otospector ) 

Garansi 12 Bulan untuk Mesin dan Transmisi

Full Detailing Exterior dan Interior 

HARGA 475 Jt KHUSUS KREDIT (negotiable)

Harga Cash Nego Setelah liat Unit

#glc200amg
#glc200nightedition
#jualglc200amg2019
#jualglc200facelift2019  #elitemotorid",Mercedes-Benz,Lainnya,,Lainnya,20.000-25.000,475000000.0
948196684,TOYOTA FORTUNER G 2.4 DIESEL MURAH KONDISI ISTIMEWA LOW KM 78RB RECORD,"FORTUNER G 2.4 AT 2017
BARCODE SOLAR READY !
KONDISI UNIT ISTIMEWA !

(KHUSUS PAKET IKLAN KREDIT)
OTR KREDIT : 295,000,000

TDP : 40,806,000
ANGSURAN : 7,457,000 x59 (5th)

atau

TDP : 53,630,000
ANGSURAN : 7,020,000 x59(5th)

Odo 78rb
Service Record TOYOTA
Tangan Pertama

Plat B (Ganjil)
Pajak 2/2027
An Pribadi

2.4L 4-silinder diesel
Head unit touchscreen
Bluetooth
AC digital
Steering wheel
Parking Sensor
Kamera mundur
AC Dingin
Electric Mirror + Auto Retract

Tidak ada PR, Unit siap PAKAI !
MOBIL DIJAMIN BEBAS LAKA/BANJIR
DAN SILAHKAN MEMBAWA MONTIR ANDALAN ANDA ATAU BAWA KEBENGKEL RESMI UNTUK GENERAL CHECK UP
Maaf tidak melayani nego dichat.

UNTUK DP dan cicilan , dapat menyesuaikan budget bapak/ibu. Lebih jelasnya lanjut di wa ya.
Data dibantu sampai approve.

Proses Cepat
Call / WA 24 Jam
Free Konsultasi

Lexus Auto Cars
Bursa Mobil Summarecon, Blok D 15
Gading Serpong, Tangerang
Jual - Beli - Tukar Tambah",Toyota,Lainnya,,Lainnya,75.000-80.000,295000000.0
948196603,BMW X5 G05 xDrive40i MSport LCI B58TU2 2024 Hitam Mulus,"BMW X5 G05 xDrive40i
MSport LCI B58TU2 2024

NIK 2024
Odo 4rb Miles
Plat BM Genap
Pajak 03 2027
BMW iDrive-8.5 System
G05 LCI MSport Full Option
B58TU2 Mild-Hybrid

*BMW Warranty:*
Free Service sd Apr 2029
Spareparts sd Apr 2029

Bonus:
Free Premium Detailing interior, exterior dan engine.
Free Fogging anti bacterial dan virus 
Garansi mesin dan transmisi by Otospector.
Sertifikat Otospector bebas tabrakan dan banjir.

Specs:
3.0L B58TU2 (B30M2)
Next-Gen B58 Turbo Mild-Hybrid
Twin-Scroll Turbocharger
48V Mild-Hybrid (eBoost)
BMW ZF8 Steptronic gearbox
MSport Adaptive suspension
MSport Bodykits
MSport 2-tone Rims
MSport Steering wheel
MSport Interior
BMW iDrive-8.5 System
Intelligent HUD System
intelligent xDrive AWD
BMW Adaptive LED Light
Ambient lights interior
Harman Kardon Sound System
Panoramic Sunroof
BMW gesture control
Various driving modes
360 Camera with built-in recording system
Park Assist system
Height Adjustable Suspension
Hill descend control
3rd row seats (7 Seaters)

KHUSUS Paket Kredit
DP Rendah:
OTR 1,370M
TDP 319
Angs 36,601,000 (4th)
Angs 30,882,000 (5th)
Asuransi Kombinasi

KHUSUS Paket Kredit
Bunga 0% (Limited offer)
TDP 1,029M
Angs 50,834,000 (1th)
Asuransi Allrisk

Garansi Mesin&Transmisi 1th*

Promo Special:
1. *PROMO BUNGA 0%*
2. *PROMO BUNGA RENDAH BCAF*
3. *PROMO TDP RENDAH*

Cash 1,525M

Terima Tukar Tambah 

Lokasi: Garasi Bloko",BMW,Lainnya,,Lainnya,0-5.000,1370000000.0
946795917,DP10% [Km30.000] E350 AMG EQ Boost 2019 Black Reg 2021 #AUTOHIGH,"MERCEDES BENZ E350 AMG EQ BOOST 2019/2020 BLACK ON BLACK
Km.30.000 , Stnk Bulan 01 Register 2020 ( NIK.2019 )
- Monitor TV + 4 Camera
- Speedometer Digital Model Terbaru 
- Panoramic + Sunroof
- Electric Seat + Memory Seat
- Keyless + Engine Start Botton
- Velg Original AMG R.19
- Audio Burnsmester
- Bagasi Power Back Door
- Service Record ATPM Mercedes Benz

OTR KREDIT : 610JT
OTR CASH : 685JT

Harga Negosiasi Setelah Datang Lihat Unit di Showroom Kami

Pembelian via cash / kredit.. Data luar kota bisa bantu proses, Tersedia jg Paket Total DP Ringan, Tenor hingga 6 tahun ( Proses 1 hari kerja saja )

Segera Rekomendasikan Keluarga / Teman / Kerabat Bapak & Ibu semua untuk membeli Mobil di AUTOHIGH dan dapatkan harga & kualitas terbaik dengan cara Share Link Iklan ini, Terima Kasih !!!

///AUTO HIGH BINTARO
** Bursa Mobil Bintaro A1 - A3
Bintaro Sektor 7, Tangerang Selatan
( Exit Tol Pondok Aren, samping Bank Permata Tower dan Dealer BMW Bestindo )

[[ GUNAKAN SELALU FITUR TELEPON & WHATS APP UNTUK KEAMANAN BERKOMUNIKASI, TERIMA KASIH ]]

Buka Setiap Hari : Pukul 9 Pagi s/d 6 Sore
( Sabtu / Minggu / Hari Libur Tetap Buka )

More Info, Please Call / SMS / Whats App : Pukul 8 Pagi s/d 11 Malam ( Setiap Hari )",Mercedes-Benz,Lainnya,,Lainnya,20.000-25.000,610000000.0
946795990,DP10% [Km30.000] E350 AMG EQ Boost 2019 Black Reg 2020 #AUTOHIGH,"MERCEDES BENZ E350 AMG EQ BOOST 2019/2020 BLACK ON BLACK
Km.30.000 , Stnk Bulan 01 Register 2020 ( NIK.2019 )
- Monitor TV + 4 Camera
- Speedometer Digital Model Terbaru 
- Panoramic + Sunroof
- Electric Seat + Memory Seat
- Keyless + Engine Start Botton
- Velg Original AMG R.19
- Audio Burnsmester
- Bagasi Power Back Door
- Service Record ATPM Mercedes Benz

OTR KREDIT : 610JT
OTR CASH : 685JT

Harga Negosiasi Setelah Datang Lihat Unit di Showroom Kami

Pembelian via cash / kredit.. Data luar kota bisa bantu proses, Tersedia jg Paket Total DP Ringan, Tenor hingga 6 tahun ( Proses 1 hari kerja saja )

Segera Rekomendasikan Keluarga / Teman / Kerabat Bapak & Ibu semua untuk membeli Mobil di AUTOHIGH dan dapatkan harga & kualitas terbaik dengan cara Share Link Iklan ini, Terima Kasih !!!

///AUTO HIGH BINTARO
** Bursa Mobil Bintaro A1 - A3
Bintaro Sektor 7, Tangerang Selatan
( Exit Tol Pondok Aren, samping Bank Permata Tower dan Dealer BMW Bestindo )

[[ GUNAKAN SELALU FITUR TELEPON & WHATS APP UNTUK KEAMANAN BERKOMUNIKASI, TERIMA KASIH ]]

Buka Setiap Hari : Pukul 9 Pagi s/d 6 Sore
( Sabtu / Minggu / Hari Libur Tetap Buka )

More Info, Please Call / SMS / Whats App : Pukul 8 Pagi s/d 11 Malam ( Setiap Hari )",Mercedes-Benz,Lainnya,,Lainnya,20.000-25.000,610000000.0
948196543,Voxy 2.0 Cash 2018 Toyota Putih Terawat Good Condition Panoramic,"Dijual Toyota Voxy 2.0 A/t Tahun Nik 2018 Warna Putih Tangan 1 Dari Baru Pajak Panjang Kondisi Mobil Terawat 

Harga Cash 210Jt Nego Tipis

-Pajak Panjang 04-2027 Ganjil
-Vkool
-Leather Captain Seats
-Surat2 & Kunci Lengkap
-Krey Samping
-Panoramic Roof
-Mobil Bebas Tabrak & Banjir

Bursa Otomotif Sunter
Jalan Yos Sudarso Kav 87-88",Toyota,Lainnya,,Lainnya,180.000-185.000,210000000.0
947828226,LEXUS LM 350 HYBRID LOW KILOMETER,"LEXUS LM350H Hybrid Luxury 7Seat KM antik
2025
A/T
Odometer : 4rban (LOW KM)
Mark Levinson Audio
Panoramic Split Roof
Powerbackdoor
Lexus Integrated Multimedia
Pilot Seat with Tabs
Lumbar Support ottoman
14 Inch Touch Center Display
Blind Spot Monitoring 
Parking Support Brake
Advance Park
Heater & Cooler Seat
Apple & Android Carplay 
360 Camera View
Adaptive Cruise Control
Lexus Safety System 3.0
Navigation System
Wireless Charger
Keyless
7seaters
Audio Steering
Electric Park Brake
Manual Book
Full Original
Electrical no malfunction
Engine no malfunction 
Full paper 
Ready to use
- - - - - - - - - - 
Harga tertera khusus kredit
Harga cash : 2.150 nego
Lokasi : Bursa Otomotif Sunter",Lexus,Lainnya,,Lainnya,0-5.000,2050000000.0
948170355,Mercedes Benz GLE 450 4Matic AMG 2021,"Mercedes Benz GLE 450 4Matic AMG 2021
Odo 25rb
Service Record Mercedes 
Black on Black
3.0L M256 Engine with EQBOOST (367Hp/500Nm)
9G-Tronic AT with Manual Mode
Panoramic Sunroof
Multibeam LED Headlamp
Engine Start Stop with Idling Start Stop
Cruise Control
Paddle Shift
Multifunction Steering with Touchpad
Full TFT Digital Instrument Cluster
4 Zone Auto Climate Control
11,5"" MBUX Widescreen Multimedia Head Unit
Apple Car Play & Android Auto
Burmester Premium Audio
Ambient Light
Leather Seat
Heated Seat
Electric Seat with 3 Preset Memory
Electric Side Sunshade Mirror
GPS Indonesia
360 Camera
Airmatic Suspension
Lane Departure Warning
Blind Spot Monitoring
Electric Parking Brake
Power Back Door with Kick Sensor
20"" Original Mercedes GLE 450 AMG Wheels
Faktur 2021
Perakitan 2021
Plat B ( Ganjil )
Pajak 04/2027
An Pribadi

Garansi Bersertifikat Tidak bekas tabrakan dan Banjir ( by otospector ) 

Garansi 12 Bulan untuk Mesin dan Transmisi

Full detailing Exterior dan Interior

HARGA 999 Jt KHUSUS KREDIT ( Negotiable )

Harga Cash Nego Setelah liat Unit",Mercedes-Benz,Lainnya,,Lainnya,25.000-30.000,999000000.0
947433379,DP10% [Km4.000] C300 AMG 2023 Black Reg 2024 #AUTOHIGH,"MERCEDES BENZ C300 AMG 2023 NEW MODEL W206 BLACK ON BLACK
Km.4.000 Antik!! , Stnk Bulan 05 ( NIK.2023 )
- Monitor Audio Big Screen
- 4 Camera 360 + GPS Indonesia
- Headlamp New Model
- Full Electric Seat + Memory Seat
- Audio Burnsmester
- Engine Start Button
- Panoramic + Sunroof 
- Mouse Control Pad
- Speedometer Digital
- HUD ( Head Unit Display ) 
- Bagasi PBD ( Power Back Doors ) 
- Full AMG Package ( Velg + Body Kit ) 
- Warranty ATPM Mercedes Benz 5 Thn Free Service s/d April 2028 

OTR KREDIT : 865JT
OTR CASH : 940JT

Harga Negosiasi Setelah Datang Lihat Unit di Showroom Kami

Pembelian via cash / kredit.. Data luar kota bisa bantu proses, Tersedia jg Paket Total DP Ringan, Tenor hingga 6 tahun ( Proses 1 hari kerja saja )

Segera Rekomendasikan Keluarga / Teman / Kerabat Bapak & Ibu semua untuk membeli Mobil di AUTOHIGH dan dapatkan harga & kualitas terbaik dengan cara Share Link Iklan ini, Terima Kasih !!!

///AUTO HIGH BINTARO
** Bursa Mobil Bintaro A1 - A3
Bintaro Sektor 7, Tangerang Selatan
( Exit Tol Pondok Aren, samping Bank Permata Tower dan Dealer BMW Bestindo )

[[ GUNAKAN SELALU FITUR TELEPON & WHATS APP UNTUK KEAMANAN BERKOMUNIKASI, TERIMA KASIH ]]

Buka Setiap Hari : Pukul 9 Pagi s/d 6 Sore
( Sabtu / Minggu / Hari Libur Tetap Buka )

More Info, Please Call / SMS / Whats App : Pukul 8 Pagi s/d 11 Malam ( Setiap Hari )",Mercedes-Benz,Lainnya,,Lainnya,0-5.000,865000000.0
948156715,LOW ODO ! IDRIVE 8 BMW M4 COMPETITION G82 COUPE 2023,"BMW M4 Competition
Coupè S58 G82 2023

NIK 2023
Odo 6rb Miles
Pajak 09 2027 
Plat B pajak 1 tahun
PPF Body Protection
Toronto Red Metallic on Silverstone
BMW M iDrive-8 System
LOW ODOMETER

• BMW Warranty •
Free Service sd Sept 2028
Spareparts sd Sept 2028

Specs:
S58-B30A 3.0L Inline-6 Turbo
Twin-Turbocharging 
510hp 650nm
ZF8 Transmission (M Config)
Carbon Fiber lightweight roof
M-Mode Drive (M1,M2)
M1, M2 Hotkeys
M Head-Up Display
M iDrive-8 System
Paddle shifter
BMW Adaptive Laser Light
M4 Comp Rims
M4 Comp Big brake kits
M4 Comp HUD w/ M Modes
Harman Kardon Sound System
Toronto Red Metallic 
Silverstone Premium interior
Ambient light interior
Park Assist system
2+2 Seats configuration
PPF Body Protection

KHUSUS Paket Kredit
DP Rendah:
OTR 1.999M
TDP 479
Angs 54,451,000 (4th)
Angs 46,201,000 (5th)
Asuransi Kombinasi 

KHUSUS Promo
Bunga 0% (Limited offer)
TDP 1,489M
Angs 73,334,000 (1th)
Asuransi Allrisk

*Bonus*:
1. Free Premium detailing interior exterior dan mesin.
2. Free fogging anti bacterial n virus.
3. Garansi mesin dan transmisi 1th by Otospector
4. ⁠Emergency Towing coverage.
5. ⁠Free Jasa Service seumur hidup.
6. Garansi sertifikat lulus Inspeksi by Otospector.

Promo Special:
1. *PROMO BUNGA 0%*
2. *PROMO BUNGA RENDAH BCAF*
3. *PROMO TDP RENDAH*

Cash 2,2M

Terima Tukar Tambah 

Lokasi: Garasi Bloko",BMW,Lainnya,,Lainnya,5.000-10.000,1999999999.0
948161948,Mitsubishi All New Triton 2024 Ultimate Putih ANTIK,"ALL NEW Triton 2024 Ultimate Putih ANTIK
*
- NIK 2024
- KM 16.000
- Pajak Bulan 10-2026
- 4X4
- Full Original
- Tidak Bekas Offroad 
- Bonus Piggiback Ultraboost + Remap By K-wheel (Worth 20 Jt)
- Knalpot 2 Set 
- Service Record Mitsubishi
- Nopol Ganjil B Jakarta
- Bebas Banjir Dan Tabrakan

480 Jt Khusus Paket Kredit
CASH By WA 

CS AUTO
Bursa Otomotif Sunter
Blok C 2 No 11

Sunter 
Jakarta Utara",Mitsubishi,Lainnya,,Lainnya,5.000-10.000,475000000.0
948128030,Mini Cooper 2.0 S 2023/ 2024 KM 6rb ANTIK,"Mini Cooper 2.0 S Turbo LCI 3 Door Retrofit (Limited Edition) NIK 2023 Zesty Yellow miles 4rb/ KM 6rb (Kondisi Seperti Baru) ANTIK

-  NIK 2023
-  KM 6rb
-  Panoramic
-  TV + Kamera
-  Audio Harman Kardon 
-  Warranty Parts s/d Maret 2028
-  Warranty Service s/d Maret 2028
-  Body 100% Full Original Cat

Harga Cash 765jt
Harga Kredit 710jt

Glory Perkasa Mobil  
Bursa Otomotif Sunter  
Jl. Yos Sudarso kav 87-88  
Blok B2 No. 23-25  
Jakarta Utara  
Masuk Pintu 3
(Sebrang Mall Artha Gading & Mall Of Indonesia, sebelum pom bensin Shell Yos Sudarso)",Mini,Lainnya,,Lainnya,0-5.000,710000000.0
947235311,DP10% [Km4.000] Voxy 2025 Black Reg 2026 #AUTOHIGH,"TOYOTA VOXY 2025 BLACK ON BLACK
Km.4.000 Antik!! , Stnk Bulan 08 ( NIK.2025 )
- Monitor Screen + Rear TV Entertaiment
- Apple Car Play + 4 Camera
- Speedometer HUD
- Captain Seat
- ⁠Optional Leather Seat
- Double Electric Sliding Doors
- TSS + Kick Sensor
- Bagasi Power Back Door
- Warranty ATPM Toyota

OTR KREDIT : 500JT 

Harga Negosiasi Setelah Datang Lihat Unit di Showroom Kami

Pembelian via cash / kredit.. Data luar kota bisa bantu proses, Tersedia jg Paket Total DP Ringan, Tenor hingga 6 tahun ( Proses 1 hari kerja saja )

Segera Rekomendasikan Keluarga / Teman / Kerabat Bapak & Ibu semua untuk membeli Mobil di AUTOHIGH dan dapatkan harga & kualitas terbaik dengan cara Share Link Iklan ini, Terima Kasih !!!

///AUTO HIGH BINTARO
** Bursa Mobil Bintaro A1 - A3
Bintaro Sektor 7, Tangerang Selatan
( Exit Tol Pondok Aren, samping Bank Permata Tower dan Dealer BMW Bestindo )

[[ GUNAKAN SELALU FITUR TELEPON & WHATS APP UNTUK KEAMANAN BERKOMUNIKASI, TERIMA KASIH ]]

Buka Setiap Hari : Pukul 9 Pagi s/d 6 Sore
( Sabtu / Minggu / Hari Libur Tetap Buka )

More Info, Please Call / SMS / Whats App : Pukul 8 Pagi s/d 11 Malam ( Setiap Hari )",Toyota,Lainnya,,Lainnya,0-5.000,500000000.0
948196516,[ GARANSI 5THN AWD KM 6RB ] Subaru WRX 2.4 TS Eyesight 2023/2024/2025,"BELI MOBIL TANPA KHAWATIR BERGARANSI 5 TAHUN!

Subaru WRX 2.4 TS Eyesight AWD Facelift AT Putih NIK 2024, PAJAK BULAN 8 (2026), ODOMETER VERY LOW 6RB PERAK KM
-
Focus Motor Belanja Mobil 26 Tahun Membangun Kepercayaan.
Nikmati standar baru kepemilikan mobil bekas dengan garansi komprehensif hingga 5 TAHUN untuk 155 KOMPONEN. BERSERTIFIKAT, BERPOLIS, dan didukung layanan CUSTOMER SERVICE PERSONAL untuk pengalaman berkendara yang aman dan tanpa khawatir.

Belanja Mobil bukan hanya menjual mobil bekas. Kami jual mobil bekas dengan RASA AMAN seperti mobil baru.

5 BELANJA MOBIL PROMISE :
1. Mobil Terinspeksi 155 titik
2. TERGARANSI 5 tahun
3. Harga Transparan
4. Jaminan Trade-in/Buyback
5. After Sales yg baik (Mempunyai Customer Service Personal)

-UNIT 100% BEBAS TABRAK DAN BEBAS BANJIR (garansi uang kembali)
-Dokumen ABSAH
-BONUS! Free Detailing (pembersihan) 2x (1 tahun)
-
OTR KREDIT 635JT
OTR CASH BY CALL

DP Minim
Dp 100jt
Angs 18,208,000 x47 tlo

Dp 89jt
Angs 16,058,000 x59 tlo

Bunga Premium
Dp 112jt
Angs 17,190,500 x47 tlo

Dp 102jt
Angs 15,068,000 x59 tlo

UNTUK REQUEST DP / HITUNGAN LAIN, SILAKAN HUBUNGI KAMI

Harga kredit tertera adalah harga minimal kredit dengan tenor 4 & 5 tahun, diluar itu mengikuti harga Cash (karena kami mensubsidi refund bunga kepada anda)
-
Spesifikasi :
* Tangan Pertama Dari Baru, Pribadi
* Cobb AccessPORT V3
* Eyesight Safety System : PCB, ACC, LDWS, LSW, LVSA, LKAS
* Harman Kardon Sound System
* Engine 2.4 cc 275 Hp (350 Nm) Turbo AWD
* Akselerasi 0-100 km/jam: 6.1 detik
* Subwoofer, Carbon Accent
* AC Touchscreen Dual Zone
* MID Digital Cluster
* 11,3 Inch Infotainment Toucscreen With Apple Carplay & Android Auto
* Electric Semi Bucket Seat with Memory Seat
* LED Projector Headlamp With DRL
* LED Tail Light
* SRS Airbags, BA, ABS, EBD, VSC, COMPLETE SAFETY CAR
* Rear Parking Camera, Parking Censor, Traction Control
* Kaca Film 3M
* Buku Manual, Kunci Cadangan Tersedia


LOKASI : Focus Motor Bintaro, Bursa Otomotif Bintaro, Tangerang Selatan (PAK) (BNT)",Subaru,Lainnya,,Lainnya,5.000-10.000,635000000.0
948196514,Altis V 1.8 AT 2016 2017,"TOYOTA ALTIS 1.8 V AT 2016 HITAM
Km 90rb
Pajak 11-2026
Plat Genap

Harga KREDIT : 155jt
Harga CASH : 170jt

Paket Kredit : Spesial bunga BCA EXPO
Dp 22.000.000
Angsuran 3.908.000x59bulan
Angsuran 4.868.000x47bulan
Angsuran 5.909.000x35bulan
Asuransi TLO

Harga Nego, setelah datang lihat unit di showroom
Pembelian Kredit data dibantu maksimal

* JAMINAN bebas tabrak dan banjir
* GARANSI mesin, transmisi
* JAMINAN surat2 asli dan lengkap
* SIAP PAKAI tidak ada perbaikan",Toyota,Lainnya,,Lainnya,85.000-90.000,155000000.0
948196509,Innova Venturer 2.0 AT Terawat Dan Termurah,"Toyota Innova Venturer 2.0 AT 2019
Harga tercantum adalah harga kredit 
Tangan pertama
Perorangan 
Siap pakai dan No PR
Bebas banjir dan kecelakaan 
Sudah lulus inspeksi 
Service record Toyota 
Surat2 terjamin dan lengkap 
Buku service dan kunci serep ada
Km93000
Pajak Nov 26
Body mulus dan terawat 
Interior bersih dan terawat 
Mesin kering dan tdk ada bocor oli
Terima tukar tambah 
Cash atau kredit 
Harga cash 307 juta ( nego )
Harga kredit 280 juta
Untuk hitungan kredit bisa langsung WA
Untuk yang serius bisa cek unitnya dan test drive, cocok bisa langsung Nego, hubungi 
Star auto Mobillindo 
Jl. Gunung Sahari Raya No.1
Mangga Dua square, bursa otomotif, Lower Ground, Lot M7
Willy Darmawan",Toyota,Lainnya,,Lainnya,90.000-95.000,280000000.0
948196364,DIJUAL KM 11 ribu BYD SEAL PERFORMANCE AWD4X4,"Dijual CASH 

BYD SEAL PERFORMANCE AWD4X4 
NIK 2024 USED 2025
Warna Arctic Blue 
Sunroof 
KM 11 ribu 
Service record BYD Arista 
STNK Bulan Februari 2027 
Mobil tidak bekas laka dan banjir 
Dapat wall charger 
Surat lengkap 

Lokasi 
Jakarta timur",BYD,Lainnya,,Lainnya,10.000-15.000,495000000.0
948196309,DP10% [Km9.000] Palisade Signature 2024 White Reg 2023 #AUTOHIGH,"HYUNDAI PALISADE 2.2D SIGNATURE 2024 FACELIFT WHITE ON BLACK
Km.9.000 Antik!! , Stnk Bulan 11 ( NIK.2024 )
- Monitor Screen Audio
- 4 Camera 360
- Audio Infinity 12 Speaker
- Double Sunroof
- Captain Seat
- Electric Seat
- Bagasi Power Back Doors
- ATPM Warranty Hyundai Indonesia

OTR KREDIT : 785JT
OTR CASH : 860JT

Harga Negosiasi Setelah Datang Lihat Unit di Showroom Kami

Pembelian via cash / kredit.. Data luar kota bisa bantu proses, Tersedia jg Paket Total DP Ringan, Tenor hingga 6 tahun ( Proses 1 hari kerja saja )

Segera Rekomendasikan Keluarga / Teman / Kerabat Bapak & Ibu semua untuk membeli Mobil di AUTOHIGH dan dapatkan harga & kualitas terbaik dengan cara Share Link Iklan ini, Terima Kasih !!!

///AUTO HIGH BINTARO
** Bursa Mobil Bintaro A1 - A3
Bintaro Sektor 7, Tangerang Selatan
( Exit Tol Pondok Aren, samping Bank Permata Tower dan Dealer BMW Bestindo )

[[ GUNAKAN SELALU FITUR TELEPON & WHATS APP UNTUK KEAMANAN BERKOMUNIKASI, TERIMA KASIH ]]

Buka Setiap Hari : Pukul 9 Pagi s/d 6 Sore
( Sabtu / Minggu / Hari Libur Tetap Buka )

More Info, Please Call / SMS / Whats App : Pukul 8 Pagi s/d 11 Malam ( Setiap Hari )",Hyundai,Lainnya,,Lainnya,0-5.000,785000000.0
948196284,[ GARANSI 5THN ] BYD M6 M 6 Superior 7 Seater EV AT 2023/2024/2025,"BELI MOBIL TANPA KHAWATIR BERGARANSI 5 TAHUN!

BYD M6 M 6 Superior 7 Seater EV AT Cosmos Black NIK 2024, PAJAK BULAN 2 (2027), ODOMETER 22RB KM RECORD AUTHORIZED

GARANSI BYD 6 TAHUN ATAU 150.000 KM, GARANSI BATERAI 8 TAHUN
-
Focus Motor Belanja Mobil 26 Tahun Membangun Kepercayaan.
Nikmati standar baru kepemilikan mobil bekas dengan garansi komprehensif hingga 5 TAHUN untuk 155 KOMPONEN. BERSERTIFIKAT, BERPOLIS, dan didukung layanan CUSTOMER SERVICE PERSONAL untuk pengalaman berkendara yang aman dan tanpa khawatir.

Belanja Mobil bukan hanya menjual mobil bekas. Kami jual mobil bekas dengan RASA AMAN seperti mobil baru.

5 BELANJA MOBIL PROMISE :
1. Mobil Terinspeksi 155 titik
2. ⁠TERGARANSI 5 tahun
3. ⁠Harga Transparan
4. ⁠Jaminan Trade-in/Buyback
5. ⁠After Sales yg baik (Mempunyai Customer Service Personal)

-UNIT 100% BEBAS TABRAK DAN BEBAS BANJIR (garansi uang kembali)
-Dokumen ABSAH
-BONUS! Free Detailing (pembersihan) 2x (1 tahun)
-
OTR KREDIT 295JT
OTR CASH BY CALL

Bunga Premium
Dp 119jt
Angs 7.711.500 x47 tlo

Dp 116jt
Angs 6.697.000 x59 tlo

UNTUK REQUEST DP & SIMULASI KREDIT LAIN SILAKAN HUBUNGI KAMI

Harga kredit tertera adalah harga minimal kredit dengan tenor 4 & 5 tahun, diluar itu mengikuti harga Cash (karena kami mensubsidi refund bunga kepada anda)
-
Spesifikasi :
* Tangan Pertama Dari Baru, CV
* Portable Charger Tersedia
* Panoramic Roof
* BYD Blade Battery 71,8 kWh 150 kW (310 Nm)
* Pure Electric Range NEDC 530 KM
* Keyless Start Stop Engine
* Audio Steering Switch, Cruise Control
* AC Digital Single Zone With Blower
* MID Digital Cluster
* 12,8 Inch Intelligent Rotating Touchscreen With Apple Carplay
* Electric Leather Seat
* Full LED Headlamp With DRL
* LED Tail Light
* SRS Airbags, TPMS, ABS, EPB, ESC, TCS, EBD COMPLETE SAFETY CARS
* 360 View Parking Camera, Parking Sensor, Auto Park Brake, Traction Control
* Power Back Door
* Kaca Film CPF1
* Buku Service, NFC Card, Kunci Cadangan Tersedia


LOKASI : Bursa Otomotif Mangga Dua Square, Focus Motor, Jakarta Utara. (SNW) (B)",BYD,Lainnya,,Lainnya,20.000-25.000,295000000.0
946276071,( KM 9 RB ) BALENO HB LAST EDITION NIK 2023 JARANG ADA RARE,"Jual cepat BU!
Baleno 2023 Istimewa 
Km 9.000 
OTR kredit 232 juta 

Paket angsuran murah 
Dp 68.500 
Angs 5.229 47 x

Dp 68.500 
Angs 4.450 59 x

Paket kredit DP murah 
Dp 35 juta
Angs 6.550 47 x

Dp 35 juta
Angs 5.808 59 x

Proses dibantu sampe goal syarat rumah ngontrak harus penjamin 

Mesin halus
Kaki senyap
Body orian 
Ban tebal
Interior halus
Ac dingin menggigil 
Tarikan responsif 
Garansi masih aktif
Irit bertenaga 
Lega dan nyaman
Lihat pasti suka
Jaminan bebas laka dan banjir 
Lokasi Gading Serpong 

 sama azwar HDR MOBILINDO?
- promo kredit sangat menarik
- trade in dengan harga terbaik 
- jaminan kwalitas mobil bebas tabrak dan banjir
- jaminan mesin dan transmisi sehat dan bergaransi
- free derek 24 jam ( dalam tol dan luar)
- kehabisan bensin bisa kita bantu
- kunci ketinggalan di dalam bisa kita bantu
- promo hanya berlaku pembelian dengan azwar HDR MOBILINDO

*syarat dan ketentuan berlaku 

buruan sebelum kehabisan stock berkualitas 


lokasi kami ada di gading serpong
HDR MOBILINDO
Bursa mobil Serpong blok D6 sd D8
sebelum bca gading serpong









azwar papa vier
pusat mobil berkualitas",Suzuki,Lainnya,,Lainnya,0-5.000,232000000.0
948196274,[ GARANSI 5THN ] BYD M6 M 6 Superior 7 Seater EV AT 2023/2024/2025,"BELI MOBIL TANPA KHAWATIR BERGARANSI 5 TAHUN!

BYD M6 M 6 Superior 7 Seater EV AT Cosmos Black NIK 2024, PAJAK BULAN 2 (2027), ODOMETER 22RB KM RECORD AUTHORIZED

GARANSI BYD 6 TAHUN ATAU 150.000 KM, GARANSI BATERAI 8 TAHUN
-
Focus Motor Belanja Mobil 26 Tahun Membangun Kepercayaan.
Nikmati standar baru kepemilikan mobil bekas dengan garansi komprehensif hingga 5 TAHUN untuk 155 KOMPONEN. BERSERTIFIKAT, BERPOLIS, dan didukung layanan CUSTOMER SERVICE PERSONAL untuk pengalaman berkendara yang aman dan tanpa khawatir.

Belanja Mobil bukan hanya menjual mobil bekas. Kami jual mobil bekas dengan RASA AMAN seperti mobil baru.

5 BELANJA MOBIL PROMISE :
1. Mobil Terinspeksi 155 titik
2. ⁠TERGARANSI 5 tahun
3. ⁠Harga Transparan
4. ⁠Jaminan Trade-in/Buyback
5. ⁠After Sales yg baik (Mempunyai Customer Service Personal)

-UNIT 100% BEBAS TABRAK DAN BEBAS BANJIR (garansi uang kembali)
-Dokumen ABSAH
-BONUS! Free Detailing (pembersihan) 2x (1 tahun)
-
OTR KREDIT 295JT
OTR CASH BY CALL

Bunga Premium
Dp 119jt
Angs 7.711.500 x47 tlo

Dp 116jt
Angs 6.697.000 x59 tlo

UNTUK REQUEST DP & SIMULASI KREDIT LAIN SILAKAN HUBUNGI KAMI

Harga kredit tertera adalah harga minimal kredit dengan tenor 4 & 5 tahun, diluar itu mengikuti harga Cash (karena kami mensubsidi refund bunga kepada anda)
-
Spesifikasi :
* Tangan Pertama Dari Baru, CV
* Portable Charger Tersedia
* Panoramic Roof
* BYD Blade Battery 71,8 kWh 150 kW (310 Nm)
* Pure Electric Range NEDC 530 KM
* Keyless Start Stop Engine
* Audio Steering Switch, Cruise Control
* AC Digital Single Zone With Blower
* MID Digital Cluster
* 12,8 Inch Intelligent Rotating Touchscreen With Apple Carplay
* Electric Leather Seat
* Full LED Headlamp With DRL
* LED Tail Light
* SRS Airbags, TPMS, ABS, EPB, ESC, TCS, EBD COMPLETE SAFETY CARS
* 360 View Parking Camera, Parking Sensor, Auto Park Brake, Traction Control
* Power Back Door
* Kaca Film CPF1
* Buku Service, NFC Card, Kunci Cadangan Tersedia


LOKASI : Bursa Otomotif Mangga Dua Square, Focus Motor, Jakarta Utara. (SNW) (B)",BYD,Lainnya,,Lainnya,20.000-25.000,295000000.0
948196166,DP10% [Km9.000] Palisade Signature 2024 White Reg 2023 #AUTOHIGH,"HYUNDAI PALISADE 2.2D SIGNATURE 2024 FACELIFT WHITE ON BLACK
Km.9.000 Antik!! , Stnk Bulan 11 ( NIK.2024 )
- Monitor Screen Audio
- 4 Camera 360
- Audio Infinity 12 Speaker
- Double Sunroof
- Captain Seat
- Electric Seat
- Bagasi Power Back Doors
- ATPM Warranty Hyundai Indonesia

OTR KREDIT : 785JT
OTR CASH : 860JT

Harga Negosiasi Setelah Datang Lihat Unit di Showroom Kami

Pembelian via cash / kredit.. Data luar kota bisa bantu proses, Tersedia jg Paket Total DP Ringan, Tenor hingga 6 tahun ( Proses 1 hari kerja saja )

Segera Rekomendasikan Keluarga / Teman / Kerabat Bapak & Ibu semua untuk membeli Mobil di AUTOHIGH dan dapatkan harga & kualitas terbaik dengan cara Share Link Iklan ini, Terima Kasih !!!

///AUTO HIGH BINTARO
** Bursa Mobil Bintaro A1 - A3
Bintaro Sektor 7, Tangerang Selatan
( Exit Tol Pondok Aren, samping Bank Permata Tower dan Dealer BMW Bestindo )

[[ GUNAKAN SELALU FITUR TELEPON & WHATS APP UNTUK KEAMANAN BERKOMUNIKASI, TERIMA KASIH ]]

Buka Setiap Hari : Pukul 9 Pagi s/d 6 Sore
( Sabtu / Minggu / Hari Libur Tetap Buka )

More Info, Please Call / SMS / Whats App : Pukul 8 Pagi s/d 11 Malam ( Setiap Hari )",Hyundai,Lainnya,,Lainnya,0-5.000,785000000.0
947960345,TDP 10 JUTA! Honda Brio 1.2 E AT 2014,"Honda Brio 1.2 E AT 2014 
Transmisi Automatic
Warna : Hitam
Pajak Panjang 04.2027
Kilometer 122 Ribuan
Plat B (Genap) Tangerang
STNK, BPKB Lengkap

Kondisi : 
-Baru Ganti Oli Tgl di Kilometer 121 Ribuan
-BAN Depan Thn 2025 & BAN Belakangan Thn 2026

JAMINAN
-Kilometer Original (Tidak Puteran)
-NO TABRAK FATAL/BANJIR

OTR CREDIT: Rp. 92.000.000
(Khusus DP minim dan tenor wajib 4 dan 5 tahun)

TDP 10 JUTA
Angsuran 2.879.000 x 60

TDP 13 JUTA
Angsuran 3.238.000 x 48
Asuransi TLO
*Free Garansi Mesin & Transmisi 1 Thn*

OTR CASH: via WA

TDP dan Angsuran bisa disesuaikan.
Proses Kredit CEPAT, syarat MUDAH, dibantu sampai APPROVE Leasing
- Tenor s/d 6 TAHUN 
- Instant Approval
- Cover Area Nasional se-Indonesia
- Proses WNA
- Rumah sewa dan semua profesi bisa proses

Terima Cash/Credit/Tukar Tambah
Info: ARVIAN

NOTE:
- Unit terbatas
- Sebelum datang konfirmasi dahulu ketersediaan unit yang anda inginkan",Honda,Lainnya,,Lainnya,120.000-125.000,92000000.0
945956803,GanjiL Bunga 4% PAJAK 2027 MAZDA CX5 ELITE 2025 NIK 2024 CX 5 2025,"KHUSUS yang ingin barang BAGUS
KHUSUS yang ingin bunga MURAH dan BISA BERHITUNG
KHUSUS untuk orang yang tidak terpukau dengan HARGA MURAH tapi Angsuran lebih MAHAL daripada HITUNGAN KAMI.
.
Lulus Inspeksi Dan Sertifikasi OTOSPECTOR, Mobil bebas Tabrakan dan Banjir.
MOBIL BERGARANSI MESIN DAN TRANSMISI SELAMA 2 TAHUN
.
Harga khusus Tunai Rp 455,000,000 NEGO 
Harga khusus kredit Rp 415,000,000 NEGO 
* 
Paket kredit dp mumer dan bunga murah
.
Total pembayaran pertama Rp 107,000,000 
Angsuran 23 bulan rp 17,300,000 BUNGA HANYA 4.25% 
. 
Total pembayaran pertama Rp 90,000,000 
Angsuran 35 bulan rp 12,500,000 BUNGA HANYA 4.25% 
. 
Total pembayaran pertama rp 90,000,000 
Angsuran 47 bulan rp 10,000,000 BUNGA HANYA 4.75% 
Angsuran 59 bulan rp  8,500,000 BUNGA HANYA 5.25% 
.
TDP sudah termasuk :
* Down Payment
* angsuran 1
* administrasi
* Asuransi 1 Tahun ALL RISK
* asuransi tahun selanjutnya TLO ( Total Lost Only )
* PROVISI HANYA 1%
*
Yuk mari berhitung, kenapa harus beli mobil di PASKAH Mobil, karena kami MENGEMBALIKAN CASH BACK semua yang di berikan leasing KEPADA ANDA, terima kasih
.
Keterangan Unit Kendaraan :
.
MAZDA CX5 2.5 ELITE  
NEW MODEL FACELIFT 
Tahun pembuatan 2024 
Faktur 2025 
STNK, BPKB, FAKTUR TANGAN PERTAMA DARI BARU 
.
* Pajak Terbayar 9 Januari 2027
Nomor Polisi B 2475 WFD / GANJIL
Kota tangerang 
.
* KILOMETER= 17rb 
* M I L E S =   10k Service record Mazda 
WARRANTY PART 30 NOVEMBER 2027 
FREE SERVICE 30 NOVEMBER 2027 
. 
Fitur & Teknologi MAZDA CX5 ELITE 2025 NIK 2024 NEW MODEL :  
1. Head Unit: Layar 10,25 inci terbaru dengan tampilan lebih modern dan fungsi lebih responsif
2.  Kamera 360: Peningkatan pada sistem kamera untuk mempermudah parkir.
3.  Ventilated Seat: Kursi depan kini memiliki pendingin.
4.  Adaptive Cruise Control dengan low speed follow, cylinder deactivation untuk efisiensi BBM.
.
Eksterior & Interior:
- Desain grille dan lampu yang lebih segar
 (perubahan minimalis khas facelift Mazda)
- Interior menggunakan material soft-touch premium, door trim kulit, dan panoramic sunroof.
- Audio Bose 10 speaker untuk kenyamanan maksimal
.
Perbedaan Mazda CX-5 Elite dengan type di bawahnya :
- HUD ( Head-up Display )
- 1 Memory seat
- Adaptive LED Headlamp
- System i-Activ
- Lane departure warning
- Blind Spot Monitoring
- Rear Cross traffic Alert
- Smart City Brake Support
.
Spesifikasi Exterior :
* Sunroof
* Velg Racing 19 inch
* Toyo Tire
* Camera Parking
* Sensor parking
* Shark Fin
.
Spec Interior :
* 1 Memory Seat
* 2 Electric Seats
* Leather Seats
* Power Back Door
* Sound System BOSE
* Electric Hand Brake with Automatic Hold
* 3 adjusment performance machine
* Cruise Control
.
etc, Mazda CX5 ELite 2025 nik 2024
.
Outlet : 
Paskah Mobil Mangga Dua Square 
Jl. Gunung sahari raya no 1 
Mangga Dua Square 
Lantai LG Lot M15-16 
Jakarta Utara 
.
ingin melihat stock mobil kami yang lain. silahkan klik VIEW PROFILE di akhir DISKRIPSI ini.
Tolong di favoritkan dan di follow ya teman2...
.
Terima Tukar Tambah Dan Berani Beli Mobil Yang Berkwalitas Istimewa
*
Terima Titip Jual beli Mobil. dengan surat surat Lengkap
.
SALAM 
PASKAH MOBIL",Mazda,Lainnya,,Lainnya,5.000-10.000,415000000.0
947581211,Mazda 3 Sedan 2.0 AT Thn 2023,"Mau cari mobil berkualitas dengan harga murah dan terpercaya? Beli di Hobi Mobil.

Unit : Mazda 3 Sedan 2.0 AT Thn 2023
B xxxx SAT
Pajak 04-2027

Tdp 30% + Bunga Premium
Otr   : 341 jt
Tdp : 96.5 jt
Angs : 7,8jtan x 47
NB : S&K Berlaku

Tdp 20% + Bunga Premium + Grs Mesin 5thn
Otr   : 339.5 jt
Tdp  : 62.5 jt
Angs : 7,4jtan x 59
NB : S&K Berlaku

Tdp 20% + Garansi Mesin 5 tahun + Free cicilan 2 kali
Otr : 338.5 jt
Tdp : 55 jt
Angs : 7jtan x 72
NB : S&K Berlaku

Tdp 20% + Garansi Mesin 5 tahun + Bunga Premium
Otr : 338.5 jt
Tdp : 45 jt
Angs : 7,6jtan x 59
NB : S&K Berlaku

Cash : Call

TERIMA JUAL/ BELI & TUKAR / TAMBAH

Alamat: Jl. Jend. Sudirman, Salembaran Jati, Pusat Otomotif Indonesia (POINT) Pantai Indah Kapuk 2 Kec. Kosambi, Kabupaten Tangerang, Banten

GARANSI 
BEBAS BANJIR BEBAS TABRAK
(UANG KEMBALI) 
Berkualitas 
Termurah 
Lulus inspeksi Otospector
Garansi mesin dan transmisi 1 sampai 5 tahun

SYARAT KREDIT:
Foto copy KTP suami istri jika sudah berkeluarga
Kartu keluarga 
NPWP (opsional) 
PBB / rekening listrik
Rekening tabungan

{FREE WARRANTY HINGGA 30 HARI}

•JAMINAN SHOWROOM KAMI:
1. Mobil bukan eks kecelakaan 
2. Mobil bukan eks banjir
3. Odometer di jamin asli
4. Surat lengkap & absah
5. Mobil siap General Check Up
6. Pelayanan after sales yang baik
7. Jaminan harga terbaik 

Cicilan Ringan dan proses cepat Dibantu sampai Goal dan Approve
Luar daerah bisa proses.",Mazda,Lainnya,,Lainnya,20.000-25.000,338500000.0
947545330,KM Low Mercedes Benz C250 Coupe 2013 #BJM1#,"Yang Anda dapatkan jika membeli di BJM Autocars :
* Hanya menjual Mobil Bekas Berkualitas Terbaik & Siap Pakai
* Harga kredit kami adalah Harga Real dan bisa dibuktikan perinciannya  ( Bukan Harga Fiktif )
* Telah Lulus Inspeksi ratusan titik
* Garansi Mesin dan Transmisi ( S&K Berlaku )
* Kilometer Asli / Tidak Putaran
* Mobil Bebas dari Tabrakan Berat & Banjir
* Bersedia General Check Up
* Selalu mengutamakan Kepuasan Pembeli
* Jujur, Amanah & Terpercaya
* Berpengalaman di bidang mobil bekas lebih dari 15 tahun

KM Low Mercedes Benz C250 Coupe 2013 

** Harga Cash Rp. 355,000,000

** Harga Kredit Rp. 320,000,000
TDP Rp. 55,000,000
Angsuran : Rp. 10,933,000 x 35
Angsuran : Rp. 9,047,000 x 47
Angsuran : Rp. 7,987,000 x 59
Asuransi TLO
( Perhitungan Simulasi Kredit sewaktu2 dapat berubah, sesuai dengan ketentuan yang berlaku )

Spesifikasi Kendaraan :
- NIK 2013
- Warna Putih
- Automatic Transmission 7G-TRONIC
- Interior Original Balck Leather Seat
- Low KM 41rban
- 4 Set Airbag
- Driving Select ( Eco, Sport, Comfort )
- Auto Retractable Mirrors
- Adaptive Suspension
- Electric Seats with Memory
- Attention Assist
- Auto LED Headlamp System
- Harman/Kardon Surround Sound System
- C63 Rear Bumper
- Velg Original, Ban2 masih bagus
- Buku2, Kunci Cadangan Lengkap
- Engine 1.8L Turbocharger ( CGI )
- Grab it Fast !!

BJM Auto Gallery
Bursa Mobil Poins Square Mall
Parkiran Basement B3
Lebak Bulus – Jakarta Selatan
( Dekat Stasiun MRT Lebak Bulus )",Mercedes-Benz,Lainnya,,Lainnya,35.000-40.000,320000000.0
947867827,"[ LOW KM 26RB ] Mitsubishi Pajero Sport Dakar 2,4 Sunroof 2023/2024","BELI MOBIL TANPA KHAWATIR BERGARANSI 5 TAHUN!

Mitsubishi Pajero Sport Dakar 2,4 4x2 Diesel Sunroof AT Putih Pemakaian 2024 NIK 2023, PAJAK BULAN 6 (2026), ODOMETER VERY LOW 26RB KM
-
Focus Motor Belanja Mobil 26 Tahun Membangun Kepercayaan,
Nikmati standar baru kepemilikan mobil bekas dengan garansi komprehensif hingga 5 TAHUN untuk 155 KOMPONEN, BERSERTIFIKAT, BERPOLIS, dan didukung layanan CUSTOMER SERVICE PERSONAL untuk pengalaman berkendara yang aman dan tanpa khawatir,

Belanja Mobil bukan hanya menjual mobil bekas, Kami jual mobil bekas dengan RASA AMAN seperti mobil baru,

5 BELANJA MOBIL PROMISE :
1, Mobil Terinspeksi 155 titik
2, ⁠TERGARANSI 5 tahun
3, ⁠Harga Transparan
4, ⁠Jaminan Trade-in/Buyback
5, ⁠After Sales yg baik (Mempunyai Customer Service Personal)

-UNIT 100% BEBAS TABRAK DAN BEBAS BANJIR (garansi uang kembali)
-Dokumen ABSAH
-BONUS! Free Detailing (pembersihan) 2x (1 tahun)
-
OTR KREDIT 450JT
OTR CASH ASK

DP Minim
Dp 74jt
Angs 13,687,000 x47 tlo

Dp 66jt
Angs 12,070,500 x59 tlo

Bunga Premium
Dp 85jt
Angs 12,862,500 x47 tlo

Dp 78jt
Angs 11,274,000 x59 tlo

UNTUK REQUEST DP / HITUNGAN LAIN, SILAKAN HUBUNGI KAMI

Harga kredit tertera adalah harga minimal kredit dengan tenor 4 & 5 tahun, diluar itu mengikuti harga Cash (karena kami mensubsidi refund bunga kepada anda)
-
Spesifikasi :
* Tangan Pertama Dari Baru, PT
* Electric Sunroof
* Engine 2,4 Automatic Diesel
* Keyless Start Stop Engine
* Electric Retract Mirror
* Tilt & Telescopic Steering
* Cruise Control, Paddle Shift, Audio Steering Switch
* AC Digital Dual Zone
* MID Digital
* Headunit Touchscreen Multimedia GPS, Multimedia, Phone Connection
* Electric Leather Seat
* LED Projector Headlamp, Foglamp
* SRS Airbags, BA, ABS, HSA, VSC, COMPLETE SAFETY CAR
* Rear Parking Camera, Parking Sensors, Electric Park Brake, Traction Control
* Kaca Film Vkool
* Kunci Cadangan Tersedia


LOKASI : Bursa Otomotif Mangga Dua Square, Focus Motor, Jakarta Utara, (FBT) (A)",Mitsubishi,Lainnya,,Lainnya,25.000-30.000,450000000.0
948196150,GOOD CONDITION BERGARANSI TOYOTA LAND CRUISER PRADO 2010,"Kenapa harus beli mobil di FAST AUTOMOBIL ? :
* Perhitungan kredit kami adalah perhitungan real dan bisa dibuktikan perincian biayanya sesuai dengan kontrak dari perusahaan pembiayaan
* Telah lulus inspeksi
* Garansi mesin dan transmisi 1 tahun, S&K Berlaku.
* Hanya menjual mobil bekas berkualitas
* Kilometer DIJAMIN ASLI (Sesuai Service Record)
* Bisa General Cek Up di bengkel resmi
* Mobil dijamin tidak bekas tabrakan fatal & tidak bekas banjir
* Selalu mengutamakan kepuasan pembeli
* Jujur & Amanah

TOYOTA LAND CRUISER PRADO 2010 2.7 AT 4×4 SUNROOF & GOOD CONDITION #F7ST

Harga Khusus Kredit :
Via MIZUHO Finance
OTR Rp. 395,000,000
TDP Rp. 45,341,000
Angsuran Rp. 11,821,000 x 47 Bulan
Asuransi TLO

Harga Cash By Call

* Garansi 100% uang kembali, apabila mobil yang kami jual kilometernya mundur / tidak asli *

* TDP sudah termasuk : DP Murni, Angsuran Bulan Pertama, dan Administrasi
* Utk respon lebih cepat harap hubungi no telp yg tertera
* Pembelian Tunai, KKB BCA, Mandiri, Niaga dan lainnya mengikuti Harga Cash

Spesifikasi Kendaraan :
– Warna Hitam Metalik
– Automatic Transmission
– Engine 2.7L Powerfull
– KM.113RB (16 Tahun Pemakaian)
– 4×4 (H4F – H4L – L4L) Electric
– Original Beige Leather Seat
– Front and Rear Electric Seat
– Keyless (Start/Stop Engine)
– Sein Spion & Retractable
– 6 Set SRS Airbag
– Cruise Control
– Electric Sunroof
– Dual Aircond, Climate Control
– Head Unit Android Touchscreen
– Camera Parking
– Heater Seat
– Velg Original Prado Ban Tebal
– Spare Key Complete
– Pajak Juli 2027
– Registrasi Nopol B GANJIL
– Very Good Condition

Bursa Mobil Bintaro Jaya
Fast Automobil, Lot A23 & A56-A59
Jl. Raya Boulevard B7/B1
Bintaro Jaya Sektor 7",Toyota,Lainnya,,Lainnya,110.000-115.000,395000000.0
947918406,Tdp 12Jt LowOdo 3rb/th BMW 330i F30 2017 / 2016 M sport C200 320i,"Paket Flexing Tdp 12 jt & Angs 9.382jt Tenor 5th
Bmw 330i F30 M sport LowOdo 29rb Pajak On
Siap General Check Bengkel Resmi

Please Welcome
BMW 330i M-SPORT F30 LCI

NIK 2016
Black Sapphire Metallic
Engine 2.000 CC
ODO 29.XXX MLS 
Tax September 2026

Additional Information:
- Transmision AT Triptonic 8 Speed
- AC Dual Zone
- Memory Seat & Electric Seat
- Panoramic Sunroof

Harga Kredit 359 JT
Harga Cash 381 JT

Kredit Special Promo
Paket Flexing
Tdp   12 juta
Angsuran   9.382 juta
Tenor 5 th

For Unit Information / Instant Approval Test Drive Hari Ini Besok Delivery
Contact : Steve 0878/1112/2010

*GARANSI Uang Kembali 1000%*
Mobil Lulus inspeksi @otospector
Mobil Bebas Banjir & Bebas Major Accident
Record mobil sesuai odometer
Dokumen mobil asli keabsahannya

Cek variasi stok unit di instagram
@chrisauto_garage
@chrisauto_official

Chris Auto Garage | CAG
Bursa Otomotif Sunter 
Blok D2-D3 | Blok C1A- 1B
(Masuk Pintu 5 Lurus Paling Ujung) 
Jl. Yos Sudarso Kav 87-88
Jakarta Utara
(Search Google Map -> Ketik Chris Auto Garage) 

Operational Hour
( Minggu / Tanggal Merah TETAP BUKA )
Senin - Sabtu 08.00 - 17.30
Minggu 10.00 - 16.00
Diluar jam operasional tetap kami layani by appointment",BMW,Lainnya,,Lainnya,25.000-30.000,359000000.0
948196068,[TERMURAH!! KM 20RB- MOBIL SIAP PAKAI- GARANSI 1TH] OMODA RZ LUX 2023,"Chery Omoda 5 RZ 1.5 AT
NIK 2023
Hitam

Low Odo (22rb)
Service Record Chery 

B 2410 UYA 
Pajak 11/2026 
Tangan 1
An Pribadi 

*Garansi Bersertifikat Tidak bekas tabrakan dan Banjir (by otospector )*

*Full Detailing Exterior dan Interior*

*PAKET HEMAT KREDIT*

TDP 28JT
Angsuran : Rp. 5.673.000 x 59
Asuransi TLO

TDP 60JT
Angsuran : Rp. 6.166.000 x 47 Bulan 
Asuransi TLO

Harga Credit : 222jt
Harga Cash : By WA

TDP & ANGSURAN BISA DISESUAIKAN!
NEGOIN SAMPAI DEAL!
PROSES LEASING DIBANTU SAMPAI GOAL!

Alamat Showroom
Republik Mobil
Bursa Mobil Summarecon Serpong Blok G11-G15
Gading Serpong, Tangerang.
Ketemu Aulia",Chery,Lainnya,,Lainnya,15.000-20.000,220000000.0
948196061,DP10% [Km7.000] GLC300 AMG 2024 White / GLC 300 Reg 2023 #AUTOHIGH,"MERCEDES BENZ GLC300 AMG LINE 2024 NEW MODEL WHITE ON BLACK 
Km.7.000 Antik!! , Stnk Bulan 06 ( NIK.2024 )
- TV Monitor + Camera 360
- Speedometer Digital
- Electric Seat + Memory Seat 
- LED Day Light
- Panoramic + Sunroof
- Velg AMG Original Mercedes Benz
- Audio Burnsmester
- Bagasi Power Back Door
- Warranty ATPM Mercedes Benz 3 Thn Full Spareparts s/d Agst 2027 & Free Service 5 Thn Free Service Oli & Jasa s/d Agst 2029

OTR KREDIT : 1.195M
OTR CASH : 1.295M

Harga Negosiasi Setelah Datang Lihat Unit di Showroom Kami

Pembelian via cash / kredit.. Data luar kota bisa bantu proses, Tersedia jg Paket Total DP Ringan, Tenor hingga 6 tahun ( Proses 1 hari kerja saja )

Segera Rekomendasikan Keluarga / Teman / Kerabat Bapak & Ibu semua untuk membeli Mobil di AUTOHIGH dan dapatkan harga & kualitas terbaik dengan cara Share Link Iklan ini, Terima Kasih !!!

///AUTO HIGH BINTARO
** Bursa Mobil Bintaro A1 - A3
Bintaro Sektor 7, Tangerang Selatan
( Exit Tol Pondok Aren, samping Bank Permata Tower dan Dealer BMW Bestindo )

[[ GUNAKAN SELALU FITUR TELEPON & WHATS APP UNTUK KEAMANAN BERKOMUNIKASI, TERIMA KASIH ]]

Buka Setiap Hari : Pukul 9 Pagi s/d 6 Sore
( Sabtu / Minggu / Hari Libur Tetap Buka )

More Info, Please Call / SMS / Whats App : Pukul 8 Pagi s/d 11 Malam ( Setiap Hari )",Mercedes-Benz,Lainnya,,Lainnya,0-5.000,1195000000.0
948195945,DP10% [Km7.000] GLC300 AMG 2024 White / GLC 300 Reg 2023 #AUTOHIGH,"MERCEDES BENZ GLC300 AMG LINE 2024 NEW MODEL WHITE ON BLACK 
Km.7.000 Antik!! , Stnk Bulan 06 ( NIK.2024 )
- TV Monitor + Camera 360
- Speedometer Digital
- Electric Seat + Memory Seat 
- LED Day Light
- Panoramic + Sunroof
- Velg AMG Original Mercedes Benz
- Audio Burnsmester
- Bagasi Power Back Door
- Warranty ATPM Mercedes Benz 3 Thn Full Spareparts s/d Agst 2027 & Free Service 5 Thn Free Service Oli & Jasa s/d Agst 2029

OTR KREDIT : 1.195M
OTR CASH : 1.295M

Harga Negosiasi Setelah Datang Lihat Unit di Showroom Kami

Pembelian via cash / kredit.. Data luar kota bisa bantu proses, Tersedia jg Paket Total DP Ringan, Tenor hingga 6 tahun ( Proses 1 hari kerja saja )

Segera Rekomendasikan Keluarga / Teman / Kerabat Bapak & Ibu semua untuk membeli Mobil di AUTOHIGH dan dapatkan harga & kualitas terbaik dengan cara Share Link Iklan ini, Terima Kasih !!!

///AUTO HIGH BINTARO
** Bursa Mobil Bintaro A1 - A3
Bintaro Sektor 7, Tangerang Selatan
( Exit Tol Pondok Aren, samping Bank Permata Tower dan Dealer BMW Bestindo )

[[ GUNAKAN SELALU FITUR TELEPON & WHATS APP UNTUK KEAMANAN BERKOMUNIKASI, TERIMA KASIH ]]

Buka Setiap Hari : Pukul 9 Pagi s/d 6 Sore
( Sabtu / Minggu / Hari Libur Tetap Buka )

More Info, Please Call / SMS / Whats App : Pukul 8 Pagi s/d 11 Malam ( Setiap Hari )",Mercedes-Benz,Lainnya,,Lainnya,0-5.000,1195000000.0
948195913,[ON SALE!! KM ANTIK- MOBIL SIAP PAKAI- GARANSI 1TH- NEGOIN AJA],"Toyota Fortuner VRZ 2.4 AT (Diesel) 
NIK 2018 
Coklat Metalik 

 Odo (67rb) 
Service Record Toyota 

B 1728 WJE 
Pajak 02/2027 
Tangan 1 
An Pribadi 
 
*Garansi Bersertifikat Tidak bekas tabrakan dan Banjir (by otospector )*

*Full Detailing Exterior dan Interior*

*PAKET HEMAT KREDIT*

TDP 30JT
Angsuran : Rp. 8.242.000 x 59
Asuransi TLO

TDP 90jt 
Angs 8,329,401 x 47 Bulan 
Angs 7,311,150 x 59 Bulan 
Asuransi Kombinasi

Harga Credit : 330jt
Harga Cash : By WA 

TDP & ANGSURAN BISA DISESUAIKAN!
NEGOIN SAMPAI DEAL!
PROSES LEASING DIBANTU SAMPAI GOAL!

Alamat Showroom
Republik Mobil
Bursa Mobil Summarecon Serpong Blok G11-G15
Gading Serpong, Tangerang.
Ketemu Aulia",Toyota,Lainnya,,Lainnya,45.000-50.000,330000000.0
948195907,Mitsubishi Lancer Cedia 2012 Bensin,"Merek mobil: Mitsubishi
Tahun pembuatan: 2012
Model mobil: Lancer Cedia
Varian mobil: 1.8 Bensin-AT
Jenis bahan bakar mobil: Bensin
Jarak tempuh mobil: 140000
Warna mobil: Silver
Transmisi mobil: Otomatis
Tipe penjual: Individual",Mitsubishi,Lainnya,,Lainnya,135.000-140.000,65000000.0
948195869,[TERMURAH] Jeep Wrangler Rubicon JL 4x4 Full Option 2022,"OTR CASH 1.775 M (NEGO) 
 OTR CREDIT 1.675 M (PAKET KREDIT VIA WHATSAPP)

 Jeep Wrangler Rubicon JL 4x4 Full Option
 Model 2022 / NIK 2021
 Jakarta Utara

 Army Green
️ Sky One Touch
️ Full Option Rubicon
️ 4x4 Off-Road SUV

 ODO 5.000 Miles (Super Low / Antik)

 4x4 System
 Sky One Touch Power Roof
 Multifunction Steering Wheel
 Multi Information Display
 Dual Zone Climate Control
 Electric Mirror
 WARN Winch
 Electric Footstep
 Fog Lamp
 BFGoodrich Tires
 KING Shock Breaker
 Made in USA Wheels
 Borla Exhaust",Jeep,Lainnya,,Lainnya,5.000-10.000,1675000000.0
947648579,VW Golf 1.4 TSI 2014,"forsale
golf
tsi
1.4
bensin
record vw pik
mecatronic baru ganti
kitab lengkap
siap pakai
cash / credit",Volkswagen,Lainnya,,Lainnya,95.000-100.000,175000000.0
948195822,Honda Odyssey 2.4 E PRESTIGE 2015 Sunroof Silver,"Honda Odyssey 2.4 E PRESTIGE 2015 Sunroof Silver 

*   Kondisi terawat dan siap pakai.
*   Pajak terima hidup bulan 11-2026
*   Nopol B Ganjil,
*   Ban dengan kondisi 9”%.
*   KM 89.000
*   Spion Retract
*   Kamera mundur
*   Head Unit Android
*   Engine Start / Stop
*   Memory Seat
*   Electric Seat
*   TV Tengah
*   Interior rapi dan mulus.
*   Garansi 100% bukan bekas insiden tabrak berat dan banjir.
*   Mesin full standar dan kering.
*   Body mulus, cat orisinil.
*   Kaki-kaki masih sangat empuk dan senyap.
*   Mesin dan matic aman, tidak ada rembes, mesin masih sanaat baaus.

Dipersilakan bila mau membawa mekanik dalam pengecekan atau melakukan general check up langsung ke bengkel resmi Honda
Surat dijamin asli dan lengkap beserta faktur stnk,BPKB, dan lain lain.

PROSES CEPAT & DATA BISA DIBANTU

OTR KHUSUS CASH (Ask)

OTR KHUSUS KREDIT 191 JUTA
TDP 38 juta
Angsuran 5.310 juta x 47 bulan",Honda,Lainnya,,Lainnya,85.000-90.000,191000000.0
948195819,"BMW X5 M Sport 3.5i Xdrive A/T 2014/2015,KM Ahtik","BMW X5 M Sport 3.5i Xdrive 2015 Antik

Nik:2014 Pakai 2015
Km:17rb(Bukan Milles)
Full Servis Record Dealer
Kondisi Perfect Like New
Pajak S/d 01-2027
Siap General Check Dealer/Inspeksi
Harga Nego di Tempat

Cash 450jt
Kredit 435jt

Bursa Otomotif Sunter Blok B1-21
Jakarta Utara",BMW,Lainnya,,Lainnya,10.000-15.000,435000000.0
948173884,[GARANSI 5THN 4X4] BAIC BJ40 BJ 40 Plus 2.0 Turbo AWD 2023/2024/2025,"BELI MOBIL TANPA KHAWATIR BERGARANSI 5 TAHUN!

BAIC BJ40 BJ 40 Plus 2.0 Turbo 4x4 AWD AT Merah Pemakaian 2025 NIK 2024, PAJAK BULAN 6 (2027), ODOMETER VERY LOW 3RB PERAK MILES

GARANSI BAIC 5 TAHUN ATAU 150,000 KM
-
Focus Motor Belanja Mobil 26 Tahun Membangun Kepercayaan.
Nikmati standar baru kepemilikan mobil bekas dengan garansi komprehensif hingga 5 TAHUN untuk 155 KOMPONEN. BERSERTIFIKAT, BERPOLIS, dan didukung layanan CUSTOMER SERVICE PERSONAL untuk pengalaman berkendara yang aman dan tanpa khawatir.

Belanja Mobil bukan hanya menjual mobil bekas. Kami jual mobil bekas dengan RASA AMAN seperti mobil baru.

5 BELANJA MOBIL PROMISE : 
1. Mobil Terinspeksi 155 titik 
2. ⁠TERGARANSI 5 tahun 
3. ⁠Harga Transparan 
4. ⁠Jaminan Trade-in/Buyback 
5. ⁠After Sales yg baik (Mempunyai Customer Service Personal)

-UNIT 100% BEBAS TABRAK DAN BEBAS BANJIR (garansi uang kembali)
-Dokumen ABSAH
-BONUS! Free Detailing (pembersihan) 2x (1 tahun)
-
OTR KREDIT 450JT
OTR CASH ASK

Bunga Premium
Dp 116jt
Angs 12.745,500 x47 tlo

Dp 109jt
Angs 11.043,500 x59 tlo

UNTUK REQUEST DP / HITUNGAN LAIN, SILAKAN HUBUNGI KAMI

Harga kredit tertera adalah harga minimal kredit dengan tenor 4 & 5 tahun, diluar itu mengikuti harga Cash (karena kami mensubsidi refund bunga kepada anda)
-
Spesifikasi :
* Tangan Pertama Dari Baru, Pribadi
* Engine 2.0 cc DOHC 221 Hp (380 Nm) Turbocharger
* 8 Speed Transmission Automatic 4x4
* Keyless Start Stop Engine
* Electric Retract Mirror
* Tilt & Telescopic Steering
* AC Digital Single Zone With Blower
* Audio Steering Switch
* MID Digital Cluster
* 10 Inch Infotainmenst System Intergration Apple Carplay & Android Auto With Command Control
* Electric Leather Seat
* Full LED System Headlamp With DRL, Foglamp LED
* LED Tail Light
* SRS Airbags, BA, ABS, HSA, VSC, COMPLETE SAFETY CAR
* Parking Camera, Parking Censor
* Electric Park Brake, Auto Hold Brake, Traction Control
* Kaca Film 3M
* Kunci Cadangan, Buku Manual, Buku Service Tersedia

LOKASI : Bursa Otomotif Mangga Dua Square, Focus Motor, Jakarta Utara. (16G) (A)",baic,Lainnya,,Lainnya,0-5.000,450000000.0
946614622,DP10% [Km15.000] X1 X-Line 2024 White Reg 2025 #AUTOHIGH,"BMW X1 X-LINE 2024/2025 NEW MODEL WHITE ON BLACK
Km.15.000 Antik!! , Stnk Bulan 10 Register 2025 ( NIK.2024 )
- Monitor + Rear Camera
- GPS Indonesia
- Speedometer Digital
- Electric Seat + Memory Seat
- Panoramic + Sunroof
- Bagasi Power Back Door
- Engine Start Stop
- Warranty Full Spare Parts BRI ( 5 Thn s/d Feb 2030 ) & Warranty Free Service BSI ( 5 Thn s/d Feb 2030 )

OTR KREDIT : 685JT
OTR CASH : 760JT

Harga Negosiasi Setelah Datang Lihat Unit di Showroom Kami

Pembelian via cash / kredit.. Data luar kota bisa bantu proses, Tersedia jg Paket Total DP Ringan, Tenor hingga 6 tahun ( Proses 1 hari kerja saja )

Segera Rekomendasikan Keluarga / Teman / Kerabat Bapak & Ibu semua untuk membeli Mobil di AUTOHIGH dan dapatkan harga & kualitas terbaik dengan cara Share Link Iklan ini, Terima Kasih !!!

///AUTO HIGH BINTARO
** Bursa Mobil Bintaro A1 - A3
Bintaro Sektor 7, Tangerang Selatan
( Exit Tol Pondok Aren, samping Bank Permata Tower dan Dealer BMW Bestindo )

[[ GUNAKAN SELALU FITUR TELEPON & WHATS APP UNTUK KEAMANAN BERKOMUNIKASI, TERIMA KASIH ]]

Buka Setiap Hari : Pukul 9 Pagi s/d 6 Sore
( Sabtu / Minggu / Hari Libur Tetap Buka )

More Info, Please Call / SMS / Whats App : Pukul 8 Pagi s/d 11 Malam ( Setiap Hari )",BMW,Lainnya,,Lainnya,5.000-10.000,685000000.0
944869371,DP10% [Km2.000] Land Cruiser VXR 2025 Black / GR Reg 2024 #AUTOHIGH,"TOYOTA LAND CRUISER 300 3.3 VX-R 2025 BLACK ON BLACK  
Km.2.000 Antik!! , Stnk Bulan 05 ( NIK.2025 )
- Monitor Screen Audio + 4 Camera
- 2 TV RSE
- GPS Indonesia
- Audio JBL
- ⁠Speedometer Digital
- Sunroof
- Bagasi Power Back Door
- 4X4 All Whell Drive
- Electric Seat + Memory Seat
- Heater Seat + Cooler Seat
- Toyota Safety Sense ( TSS )
- Engine 3.300cc V6 Turbo Diesel with 305 Hp
- Warranty ATPM Toyota Indonesia

OTR KREDIT : 2.395M 

Harga Negosiasi Setelah Datang Lihat Unit di Showroom Kami

Pembelian via cash / kredit.. Data luar kota bisa bantu proses, Tersedia jg Paket Total DP Ringan, Tenor hingga 6 tahun ( Proses 1 hari kerja saja )

Segera Rekomendasikan Keluarga / Teman / Kerabat Bapak & Ibu semua untuk membeli Mobil di AUTOHIGH dan dapatkan harga & kualitas terbaik dengan cara Share Link Iklan ini, Terima Kasih !!!

///AUTO HIGH BINTARO
** Bursa Mobil Bintaro A1 - A3
Bintaro Sektor 7, Tangerang Selatan
( Exit Tol Pondok Aren, samping Bank Permata Tower dan Dealer BMW Bestindo )

[[ GUNAKAN SELALU FITUR TELEPON & WHATS APP UNTUK KEAMANAN BERKOMUNIKASI, TERIMA KASIH ]]

Buka Setiap Hari : Pukul 9 Pagi s/d 6 Sore
( Sabtu / Minggu / Hari Libur Tetap Buka )

More Info, Please Call / SMS / Whats App : Pukul 8 Pagi s/d 11 Malam ( Setiap Hari )",Toyota,Lainnya,,Lainnya,0-5.000,2395000000.0
948060109,HOT ITEMS ! LOW ODO ! BMW 530i G30 Facelift LCI 2022,"BMW 530i G30 
Facelift LCI 2022

NIK 2022
Odo 18rb Miles
Plat F Ganjil
Pajak 08 2027*
Adaptive Cruise control
G30 LCI Full Option
Tangan Pertama

BMW Indonesia Warranty:
BSI sd 06 2027

Specs:
2.0L Inline-4 B48 Engine
Twin-Scroll Turbocharger
ZF8 Transmission
RWD Drivetrain
BMW Adaptive cruise control
BMW i-Drive 7 Software
G30 LCI Original bodykits
G30 LCI Original Rims
G30 LCI Steering wheel
Premium Luxury leather
Apple carplay/Android auto
Multi-control leather seats
Paddle Shifter
BMW Adaptive LED
Ambient light interior
Harman Kardon Audio
BMW gesture control
Rear-View Camera
Park Assist
Sunroof

KHUSUS Paket Kredit
DP Rendah:
OTR 765
TDP 185
Angs 19,740,000 (4th)
Angs 16,556,000 (5th)
Asuransi Kombinasi 

KHUSUS Promo
Bunga 0% (Limited offer)
TDP 579
Angs 28,300,000 (1th)
Asuransi Allrisk

*Bonus*:
1. Free Premium detailing interior exterior dan mesin.
2. Free fogging anti bacterial n virus.
3. Garansi mesin dan transmisi 1th by Otospector
4. ⁠Emergency Towing coverage.
5. ⁠Free Jasa Service seumur hidup.
6. Garansi sertifikat lulus Inspeksi by Otospector.

Promo Special:
1. *PROMO BUNGA 0%*
2. *PROMO BUNGA RENDAH BCAF*
3. *PROMO TDP RENDAH*

Cash 849

Terima Tukar Tambah 

Lokasi: Garasi Bloko",BMW,Lainnya,,Lainnya,15.000-20.000,765000000.0
947935647,DP RENDAH - Toyota Kijang Innova 2.4 V Solar-AT 2021,".
DP RENDAH - Toyota Kijang Innova 2.4 V Solar-AT 2021 Hitam 
.
Harga Cash : Hubungi Saya / Chat Me 
Harga Credit : Rp.  349,000,000 ,-
TDP :  40,000,000
Angsuran 4 Tahun : Rp. 10,600,000 ,-
Angsuran 5 Tahun silahkan hubungi untuk informasi lebih lanjut
.
Beli Mobil Terus Untung!!
Beli mobil dan dapatkan bonus saldo digital hingga Rp1.500.000!
*S&K berlaku
.
Keunggulan Unit
1. Pajak : January 2027
2. Odometer : 92.xxx 
3. Like New
4. Tangan Pertama
5. Atas nama  : Perorangan
6. Plat Ganjil
.
GRATIS HOME TEST DRIVE
.
Pembayaran Booking Fee / Pelunasan hanya melalui no rekening 2061/888/995 - BCA - an SERASI MITRA MOBIL PT

TDP promo hanya Berlaku jika:
- BI checking Bersih (tidak pernah ada keterlambatan pembayaran)
- Rumah Milik Pribadi
- Pemasukan/Gaji= 3x Angsuran.
*Bisa di bantu Rumah Kontrak dan BI checking bermasalah dengan TDP 30%* (S&K Berlaku)
.
Kunjungi kami di
OLXmobbi Bekasi
Jl. Jend. Sudirman No.1, Kranji, Kec. Bekasi Bar., Kota Bks, Jawa Barat KODE POS 77036
.
Rudi Hartono - Sales Advisor
OLXmobbi
Ahlinya Mobil Bekas Berkualitas",Toyota,Lainnya,,Lainnya,90.000-95.000,349000000.0
947882766,Chevrolet Captiva FL Facelift  Bensin 2013 Automatic Abu abu Metalik,"Permisi gan, ane mau jual Chevrolet Captiva FL Facelift  Bensin Tahun 2013 Automatic Abu abu Metalik  yang sangat terawat. Spesifikasinya :

- Chevrolet Captiva FL Facelift Bensin Tahun 2013
- Transmisi Automatic (Masih Bagus)
- Warna Abu abu Metallik (Orisinil / Unggulan)
- Pajak Panjang Sampai Akhir Februari 2027
- Kilometer 110rb (Asli)
- Mobil Telah Dipoles oleh HANDY DETAILING
- Test Drive Atau Membawa Montir Bengkel resmi are very welcomed
- Dijamin Tidak bekas nabrak atau kebanjiran
- Dokumen-dokumen dijamin lengkap dan asli

Harga : 119Jt Nego (Cash/Kredit/Tukar tambah)
Handy Autos 
Blok M Square Lantai P5A (Lantai Paling Atas), Melawai Jak-Sel

- Harga Berlaku sama NEGO untuk CASH ataupun Credit (Bukan Jebakan Harga khusus Paket Kredit Dp minim dengan Angsuran Plus Provisi Memberatkan atau harga cash yang ternyata jauh lebih tinggi dari harga penawaran)
- Buka Setiap Hari 09.30 - 19.30",Chevrolet,Lainnya,,Lainnya,105.000-110.000,119000000.0
947935643,DP RENDAH - Honda Brio Satya 1.2 E Bensin-AT 2022,".
DP RENDAH - Honda Brio Satya 1.2 E Bensin-AT 2022 Abu-Abu 
.
Harga Cash : Hubungi Saya / Chat Me 
Harga Credit : Rp.  147,000,000 ,-
TDP :  14,000,000
Angsuran 4 Tahun : Rp. 4,600,000 ,-
Angsuran 5 Tahun silahkan hubungi untuk informasi lebih lanjut
.
Beli Mobil Terus Untung!!
Beli mobil dan dapatkan bonus saldo digital hingga Rp1.500.000!
*S&K berlaku
.
Keunggulan Unit
1. Pajak : September 2026
2. Odometer : 59.xxx 
3. Like New
4. Tangan Pertama
5. Atas nama  : Perorangan
6. Plat Ganjil
.
GRATIS HOME TEST DRIVE
.
Pembayaran Booking Fee / Pelunasan hanya melalui no rekening 2061/888/995 - BCA - an SERASI MITRA MOBIL PT

TDP promo hanya Berlaku jika:
- BI checking Bersih (tidak pernah ada keterlambatan pembayaran)
- Rumah Milik Pribadi
- Pemasukan/Gaji= 3x Angsuran.
*Bisa di bantu Rumah Kontrak dan BI checking bermasalah dengan TDP 30%* (S&K Berlaku)
.
Kunjungi kami di
OLXmobbi Bekasi
Jl. Jend. Sudirman No.1, Kranji, Kec. Bekasi Bar., Kota Bks, Jawa Barat KODE POS 78566
.
Rudi Hartono - Sales Advisor
OLXmobbi
Ahlinya Mobil Bekas Berkualitas",Honda,Lainnya,,Lainnya,55.000-60.000,147000000.0
948195817,DP10% [Km17.000] Accord RS Hybrid 2024 White Reg 2026 #AUTOHIGH,"HONDA ACCORD 2.0 RS HYBRID 2024 WHITE ON BLACK
Km.17.000 , Stnk Bulan 06 ( NIK.2024 )
- Monitor TV Screen Audio
- 4 Camera 360
- Electric Seat Kiri-Kanan
- Leather Seat Original Honda
- Engine Start Button
- Keyless Entry
- ⁠Speedometer Digital
- ⁠Audio BOSE
- Panoramic + Sunroof
- Engine 2.000cc Hybrid
- Warranty ATPM Honda 

OTR KREDIT : 685JT

Harga Negosiasi Setelah Datang Lihat Unit di Showroom Kami

Pembelian via cash / kredit.. Data luar kota bisa bantu proses, Tersedia jg Paket Total DP Ringan, Tenor hingga 6 tahun ( Proses 1 hari kerja saja )

Segera Rekomendasikan Keluarga / Teman / Kerabat Bapak & Ibu semua untuk membeli Mobil di AUTOHIGH dan dapatkan harga & kualitas terbaik dengan cara Share Link Iklan ini, Terima Kasih !!!

///AUTO HIGH BINTARO
** Bursa Mobil Bintaro A1 - A3
Bintaro Sektor 7, Tangerang Selatan
( Exit Tol Pondok Aren, samping Bank Permata Tower dan Dealer BMW Bestindo )

[[ GUNAKAN SELALU FITUR TELEPON & WHATS APP UNTUK KEAMANAN BERKOMUNIKASI, TERIMA KASIH ]]

Buka Setiap Hari : Pukul 9 Pagi s/d 6 Sore
( Sabtu / Minggu / Hari Libur Tetap Buka )

More Info, Please Call / SMS / Whats App : Pukul 8 Pagi s/d 11 Malam ( Setiap Hari )",Honda,Lainnya,,Lainnya,5.000-10.000,685000000.0
947236982,Mercedes Benz E350 AMG AT 2020 Hitam Km10rb Mercy B2680SMN,"Mercedes-Benz E350 AMG A/T 2020

- Mesin 2.0 biturbo Eq boost
- Panoramic Sunroof
- Audio Burmester
- Camera 360
- GPS Indonesia
- Power Back Door
- Km 10.000 Antik (6.000 Miles)
- Warna Hitam
- Nopol B Genap
- Pajak 01-2027
- Body Full Original
- Atas Nama PT Pribadi
- Nik 2020
- Perlengkapan Kendaraan Komplit
- Dijamin Kondisi Istimewa

GARANSI :
1. Keabsahan Dokumen Kendaraan
2. Mobil tidak bekas tabrakan & tidak bekas banjir
3. Bisa di cek mesin, electrical, dan history service sebelumnya di bengkel resmi / ATPM

Harga Kredit 675jt
Harga Cash 725jt

Silakan cek stok dan follow IG kami :
@lbautosunter
@lbauto_official


LB AUTO BINTARO
Bursa Mobil Bintaro Blok A28 dan A29

LB AUTO SUNTER
(Masuk dari pintu 1)
Bursa Otomotif Sunter
Blok J8-10 & Blok KA2-8
Jl Yos Sudarso Kav 87-88, Jakarta Utara",Mercedes-Benz,Lainnya,,Lainnya,5.000-10.000,675000000.0
946837963,SUNROOF Odo 37K GENAP Bunga 5% Pajak 2027 BMW 530i 2019 NIK 2018 g30,"KHUSUS yang ingin barang BAGUS
KHUSUS yang ingin bunga MURAH dan BISA BERHITUNG
KHUSUS untuk orang yang tidak terpukau dengan HARGA MURAH tapi Angsuran lebih MAHAL daripada HITUNGAN KAMI.
.
Lulus Inspeksi Dan Sertifikasi OTOSPECTOR, Mobil bebas Tabrakan dan Banjir.
MOBIL BERGARANSI MESIN DAN TRANSMISI SELAMA 2 TAHUN
.
Harga khusus Tunai Rp 430,000,000 NEGO
Harga khusus kredit Rp 395,000,000 NEGO
*
Paket kredit dp mumer dan bunga murah
.
Total pembayaran pertama Rp 95,000,000
Angsuran 23 bulan rp 17,000,000 BUNGA HANYA 5%
.
Total pembayaran pertama Rp 88,000,000
Angsuran 35 bulan rp 12,000,000 BUNGA HANYA 5%
.
Total pembayaran pertama Rp 85,000,000
Angsuran 47 bulan rp 9,600,000 BUNGA HANYA 5.25%
.
Total pembayaran pertama rp 82,000,000
Angsuran 59 bulan rp 8,300,000 BUNGA HANYA 6%
.
TDP sudah termasuk :
- Down Payment
- angsuran 1
- administrasi
- asuransi tahun selanjutnya TLO ( Total Lost Only )
- PROVISI HANYA 1%
- 
Yuk mari berhitung, kenapa harus beli mobil di PASKAH Mobil, karena kami MENGEMBALIKAN CASH BACK semua yang di berikan leasing KEPADA ANDA, terima kasih
.	 
Harga tersebut masih bisa di Negosiasi Hanya Setelah Datang Lihat Unit di Showroom Kami..
*
Keterangan Unit Kendaraan :
*
BMW 530i G30 BODY KIT M SPORT
Engine B48 2.0L Twinturbo
Faktur 2019
Tahun Pembuatan / NIK 2018
STNK, BPKB, FAKTUR TANGAN PERTAMA DARI BARU / PERORANGAN
.
- NoPol : B XX12 PBW / GENAP
- B dari JAKSEL
- Pajak Terbayar sampai 1 FEBRUARI 2027
- 
- Miles 37K
- km 60k Service record BMW
- 
- Perbedaan BMW 530i dengan BMW 520i : 
- Sunroof
- 2TV RSE ( Rear Seat Entertaiment )
- Power Back Door ( PBD )
- Speakers by Harman/Kardon
- Velg type BMW 530i R18""
- .
- Spec Eksterior :
- Grill Chrome
- List Handle Chrome
- Head lamp Projector
- Day Running Light (DRL)
- LED Stop lamps
- LED Fog lamps with list chrome
- Sensor Parking
- Rain Sensor
- Camera Parking
- Double Muffler
- Shark vin
- .
- Spec Interior :
- WHITE ON BROWN
- Panel wood
- Ambient Light Cabin
- Digital Analog Watch
- Odo meter Digital
- Anti-Collision Brake System
- AC Digital
- 4 Zone Climate Control
- Blue tooth Phone
- Cruise Control
- Steering Audio Control
- Paddle Shift
- Key less Button and Engine Start Stop
- Head Unit Touch screen Supp Hdmi, Ipod, Aux, USB, Radio, BT Phone
- Rotarry Command
- Electric Hand Brake and Brake Hold
- Mini Double Blower
- Leather Whell
- 2 electric seats
- 1 Memory Seat
- Leather Seats
- SPORT / COMFORT / ECO PRO Mode
- 2 krey
- .
- etc, Standart BMW 530i 2019 NIK 2018 
.
Outlet :
PASKAH MOBIL SERPONG
Belakang Rumah Sakit Bethsaida
Bursa Mobil Paramount
BEZ Auto Centre Blok A no 7
Gading Serpong
Tangerang
.
ingin melihat stock mobil kami yang lain. silahkan klik VIEW PROFILE di akhir DISKRIPSI ini.
Tolong di favoritkan dan di follow ya teman2...
.
Terima Tukar Tambah Dan Berani Beli Mobil Yang Berkwalitas Istimewa
*
Terima Titip Jual beli Mobil. dengan surat surat Lengkap
.
SALAM 
PASKAH MOBIL",BMW,Lainnya,,Lainnya,35.000-40.000,395000000.0
948195651,All New Vios G TSS 1.5 AT Thn 2023,"Mau cari mobil berkualitas dengan harga murah dan terpercaya? Beli di Hobi Mobil.

Unit : All New Vios G TSS 1.5 AT Thn 2023
B xxxx EAB
Pajak 03-2027

Tdp 30% + Grs Mesin 2 Thn + Bunga Premium
Otr : 242 jt
Tdp : 55 jt
Angs : 6jtan x 47
NB : S&K Berlaku

Tdp 20% + Bunga Premium
Otr : 240.5 jt
Tdp : 39.5 jt
Angs : 5,3jtan x 59
NB : S&K berlaku

Tdp 20% + Bunga Premium
Otr : 239.5 jt
Tdp : 39 jt
Angs : 5,6jtan x 59
NB : S&K berlaku

Tdp 20% + Grs Mesin 2 Tahun
Otr : 239.5 jt
Tdp : 35 jt
Angs : 5,1jtan x 72
NB : S&K berlaku

Cash : Call

TERIMA JUAL/ BELI & TUKAR / TAMBAH

Alamat: Jl. Jend. Sudirman, Salembaran Jati, Pusat Otomotif Indonesia (POINT) Pantai Indah Kapuk 2 Kec. Kosambi, Kabupaten Tangerang, Banten

GARANSI 
BEBAS BANJIR BEBAS TABRAK
(UANG KEMBALI) 
Berkualitas 
Termurah 
Lulus inspeksi Otospector
Garansi mesin dan transmisi 1 sampai 5 tahun

SYARAT KREDIT:
Foto copy KTP suami istri jika sudah berkeluarga
Kartu keluarga 
NPWP (opsional) 
PBB / rekening listrik
Rekening tabungan

{FREE WARRANTY HINGGA 30 HARI}

•JAMINAN SHOWROOM KAMI:
1. Mobil bukan eks kecelakaan 
2. Mobil bukan eks banjir
3. Odometer di jamin asli
4. Surat lengkap & absah
5. Mobil siap General Check Up
6. Pelayanan after sales yang baik
7. Jaminan harga terbaik 

Cicilan Ringan dan proses cepat Dibantu sampai Goal dan Approve
Luar daerah bisa proses.",Toyota,Lainnya,,Lainnya,50.000-55.000,239500000.0
946653384,TOYOTA LAND CRUISER 300 VX-R 2026 BLACK ON BLACK,"TOYOTA LAND CRUISER 300 VX-R 2026 BLACK ON BLACK

KM 600

- Engine 3.3 V6 DIESEL Bi-Turbo / 301Hp / 700Nm / AWD
- Drive Mode : Normal, Comfort, ECO, Sport S, Sport S+, Custom
- AWD Mode : H4, L4
- MTS Mode : Auto, Dirt, Sand, Mud, Deep Snow
- DAC / CRAWL Control
- Keyless / Start-Stop Engine Button
- Cruise Control / Electric Tilt Steering / HUD
- GPS Indonesia / Camera 360° / JBL Audio
- RSE TV / Wireless Charger / Cool Box
- Electric Side Footstep
- 7-Seater w/ Electric / Memory / Heater / Cooler
- Sunroof / Power Tailgate
- 20"" Rims Alloy",Toyota,Lainnya,,Lainnya,0-5.000,2599000000.0
948195603,Elgrand HWS At 2007 Hitam,"Elgrand HWS At 2007 Hitam(Aha Gajah Mada Cipondoh) - Grub A

- Jaminan bebas nabrak dan banjir
- Mesin kering no rembes
- Automatic transmisi sangat responsif
- Kaki kaki senyap 
- Type HWS
- Kilometer 184 ribu asli dr baru
- Pajak Panjang 6- 27
- Elektrikal berfungsi dengan baik
- Panoramic Sunroof
- Siap Pakai

Cash only 95jt",Nissan,Lainnya,,Lainnya,180.000-185.000,95000000.0
946653594,HYUNDAI PALISADE 2.5 HYBRID CALLIGRAPHY 2025 NEW MODEL WHITE ON BLACK,"HYUNDAI PALISADE 2.5 HYBRID CALLIGRAPHY 2025 NEW MODEL WHITE ON BLACK

KM 9.000
PAJAK BULAN 10 2026
PLAT B 

- Engine 2.5-liter Smartstream G Turbo Hybrid (HEV) / Petrol / 258 HP / 353 NM
- Transmission: 6-speed Automatic
- Keyless / Start-Stop Engine Button
- Electric Seat + Memory Seat
- Smart Cruise Control
- 360° Camera
- Audio BOSE
- Drive Mode : ECO, Sport, My Drive
- Panoramic Sunroof
- HUD (Head Up Display)
- 7-Seater Captain Seats Configuration
- Power Back Doors
- R21” Calligraphy Exclusive Alloy Wheels",Hyundai,Lainnya,,Lainnya,5.000-10.000,1225000000.0
948195525,DP10% [Km17.000] Accord RS Hybrid 2024 White Reg 2026 #AUTOHIGH,"HONDA ACCORD 2.0 RS HYBRID 2024 WHITE ON BLACK
Km.17.000 , Stnk Bulan 06 ( NIK.2024 )
- Monitor TV Screen Audio
- 4 Camera 360
- Electric Seat Kiri-Kanan
- Leather Seat Original Honda
- Engine Start Button
- Keyless Entry
- ⁠Speedometer Digital
- ⁠Audio BOSE
- Panoramic + Sunroof
- Engine 2.000cc Hybrid
- Warranty ATPM Honda 

OTR KREDIT : 685JT

Harga Negosiasi Setelah Datang Lihat Unit di Showroom Kami

Pembelian via cash / kredit.. Data luar kota bisa bantu proses, Tersedia jg Paket Total DP Ringan, Tenor hingga 6 tahun ( Proses 1 hari kerja saja )

Segera Rekomendasikan Keluarga / Teman / Kerabat Bapak & Ibu semua untuk membeli Mobil di AUTOHIGH dan dapatkan harga & kualitas terbaik dengan cara Share Link Iklan ini, Terima Kasih !!!

///AUTO HIGH BINTARO
** Bursa Mobil Bintaro A1 - A3
Bintaro Sektor 7, Tangerang Selatan
( Exit Tol Pondok Aren, samping Bank Permata Tower dan Dealer BMW Bestindo )

[[ GUNAKAN SELALU FITUR TELEPON & WHATS APP UNTUK KEAMANAN BERKOMUNIKASI, TERIMA KASIH ]]

Buka Setiap Hari : Pukul 9 Pagi s/d 6 Sore
( Sabtu / Minggu / Hari Libur Tetap Buka )

More Info, Please Call / SMS / Whats App : Pukul 8 Pagi s/d 11 Malam ( Setiap Hari )",Honda,Lainnya,,Lainnya,5.000-10.000,685000000.0
947428035,Mercedes Benz CLS400 AMG DYNAMIC 2015 silver bu mercy s400,"CLS400 AMG DYNAMIC 2015
Kilometer 15rb not miles
Silver on Black ( red seatbelt )
Full standart & service record ATPM
Ban michelin 2024 ( ban lama sudah getas )
Full original Cat
Posisi Darmawangsa, Jakarta Selatan
Price 620Jt Cash Nego",Mercedes-Benz,Lainnya,,Lainnya,10.000-15.000,620000000.0
948195489,[KM 3RB PERAKKK!! MOBIL BARU HARGA SECOND- PAJAK PANJANG- SIAP PAKAI],"Toyota Innova Zenix 2.0 Q Modelista (Hybrid) 
NIK 2025
Putih Metalik

Low Odo (3rb)
Service Record Toyota  

F 1695 FCP
Pajak 08/2027 
Tangan 1 
An Pribadi 

*Garansi Bersertifikat Tidak bekas tabrakan dan Banjir (by otospector )*

*Full Detailing Exterior dan Interior*

*PAKET HEMAT KREDIT*

TDP 40JT
Angsuran : Rp. 11.937.000 x 59
Asuransi TLO

Harga Credit : 515JT
Harga Cash : By WA

TDP & ANGSURAN BISA DISESUAIKAN!
NEGOIN SAMPAI DEAL!
PROSES LEASING DIBANTU SAMPAI GOAL!

Alamat Showroom
Republik Mobil
Bursa Mobil Summarecon Serpong Blok G11-G15
Gading Serpong, Tangerang.
Ketemu Aulia",Toyota,Lainnya,,Lainnya,0-5.000,515000000.0
947555491,SUNROOF Pajak 1 TAHUN Odo 38rb BUNGA 5% E300 AMG 2018 E 300 AMG 2018,"KHUSUS yang ingin barang BAGUS
KHUSUS yang ingin bunga MURAH dan BISA BERHITUNG
KHUSUS untuk orang yang tidak terpukau dengan HARGA MURAH tapi Angsuran lebih MAHAL daripada HITUNGAN KAMI.
.
Lulus Inspeksi Dan Sertifikasi OTOSPECTOR, Mobil bebas Tabrakan dan Banjir.
MOBIL BERGARANSI MESIN DAN TRANSMISI SELAMA 2 TAHUN
.
Harga khusus Tunai Rp CALL 
Harga khusus kredit Rp 520,000,000 NEGO
*
Total pembayaran pertama Rp 125,000,000
Angsuran 23 bulan rp 22,400,000 BUNGA HANYA 5%
.
Total pembayaran pertama Rp 115,000,000
Angsuran 35 bulan rp 15,800,000 BUNGA HANYA 5.%
.
Total pembayaran pertama rp 110,000,000 
Angsuran 47 bulan rp 12,600,000 BUNGA HANYA 5.25%
.
Total pembayaran pertama rp 103,000,000 
Angsuran 59 bulan rp  11,000,000 BUNGA HANYA 6%
.
TDP sudah termasuk :
* Down Payment
* angsuran 1
* administrasi
* Asuransi 1 Tahun ALL RISK
* asuransi tahun selanjutnya TLO ( Total Lost Only )
* PROVISI HANYA 1%
- 
Yuk mari berhitung, kenapa harus beli mobil di PASKAH Mobil, karena kami MENGEMBALIKAN CASH BACK semua yang di berikan leasing KEPADA ANDA, terima kasih
. 
Harga tersebut masih bisa di Negosiasi Hanya Setelah Datang Lihat Unit di Showroom Kami.. 
* 
Keterangan Unit Kendaraan : 
*  
Mercedes Benz E300 AMG W213
Panoramic Sunroof
Pemakaian 2018
Perakitan NIK 2018 STNK TERLAMPIR 
STNK, BPKB, FAKTUR Tangan Pertama Dari Baru Atas Nama PERUSAHAAN 
. 
Nomor Polisi B XX01 WBE / GANJIL 
Pajak terbayar s/d 10 Agustus 2027 
pajak terbayar 1 tahun 
nilai pajak yang terbayar Rp 19.748.000 / LEBIH IRIT 
.
Odo = 38 rb Miles 
. 
Spesifikasi Exterior : 
* Panoramic Sunroof 
* Grill and Headlamp AMG 
* LED Stop lamp 
* Day Running Light ( DRL )
* List Chrome
* Velg AMG Wheels 5 Spokes R19
* Spare Tire
* Sensor parking
* Rain Sensor
* Double Muffler Transfesium
*
Spesifikasi Interior :
* Panoramic / Sunroof
* Black Dashboard
* Wood panel
* Odometer Digital / Progressive Line
* TV Monitor 12 inch
* Camera 360° view
* Comand On Line audio
* Steering Audio Control
* Wireless Charging
* Burnmester Sound system
* Bluetooth telephone
* Dynamic Select
* 2 Electric seats
* 2 memory seats
* Leather sweade Seats
* Mini Double Blower AC
* PARKING PILOT
* Analog Watch
* Cruise Control
* Paddle Shift
* Touchpad and Rotarry Command
*
Etc. standart Mercedes Benz e 300 AMG 2018
*
Outlet :
PASKAH MOBIL SERPONG
Belakang Rumah Sakit Bethsaida
Bursa Mobil Paramount
BEZ Auto Centre Blok A no 7
Gading Serpong
Tangerang
.
ingin melihat stock mobil kami yang lain. silahkan klik VIEW PROFILE di akhir DISKRIPSI ini.
Tolong di favoritkan dan di follow ya teman2...
.
Terima Tukar Tambah Dan Berani Beli Mobil Yang Berkwalitas Istimewa
*
Terima Titip Jual beli Mobil. dengan surat surat Lengkap
.
SALAM 
PASKAH MOBIL",Mercedes-Benz,Lainnya,,Lainnya,35.000-40.000,520000000.0
946094894,Mazda CX-5 CX5 CX 5 2.5 GT BOSE Sunroof AT Silver 2017 Low Km Antik,"[ B GANJIL TTB ]

Mazda CX-5 CX5 CX 5 2.5 GT BOSE Sunroof AT Silver NIK 2017, PAJAK BULAN 7 (2027), ODOMETER 62RB KM RECORD AUTHORIZED

OTR KREDIT 225 JT
OTR CASH 270 JT 

Spesifikasi :
* Electric Sunroof
* BOSE Sound System
* Engine 2.5 Skyactive-G Technology
* Keyless Start Stop Engine
* AC Digital Dual Zone
* Audio Steering Switch, Cruise Control
* Headunit LCD Touchsreen Navigasi, Multimedia With Command Control
* Electric Leather Seat
* Adaptive LED Headlight With DRL, Fog Lamp LED
* SRS Airbags ABS, VSC, EBD, BA, COMPLETE SAFETY CAR
* Rear Parking Camera, Parking Sensor
* Electric Park Brake, Auto Hold Brake, i-Stop System, Traction Control
* Power Back Door
* Kaca Film 3M
* Buku Manual, Buku Service, Kunci Cadangan Tersedia

Menerima Jual, Beli dan Tukar Tambah
Proses Kredit Bisa Dibantu ( Rumah Sewa dll S&K )
KTP Daerah Bisa Proses
Dijamin Tidak Bekas Banjir dan Tabrakan (General Check-Up Bengkel Resmi)

Minat Hubungi
Dede Focus Motor ( Call / WA )",Mazda,Lainnya,,Lainnya,60.000-65.000,225000000.0
935956516,KM.19.RB| MAZDA CX-5 ELITE 2.5 AT 2022 PUTIH RASA BARU !! CX5,"MAZDA CX-5 ELITE 2O22 PUTIH SUPER ISTIMEWA RASA BARU.

●Kenapa Harus Membeli Mobil ini :

- MOBIL FULL ORIGINAL LUAR+DALAM
(Body 1OO% Original Paint/Nol Spet)

- KM.19.RB GARANSI 1OO% ASLI.
(Full Service Record Mazda,Garansi Money Back Warranty)

- GARANSI MESIN + TRANSMISI 1.TAHUN
(All Type Pembelian di Dealer Kami)

- PAJAK PANJANG AGUSTUS 2O27 NOPOL B

- INTERIOR SUPER RAPI TERAWAT
(NO Scratches,Bekas Rokok,Atau Bocel)

- KAKI"" SENYAP,MESIN,AC,TRANSMISI
GARANSI AMAN.

- BUKU SERVICE + KUNCI CADANGAN LENGKAP.

- 100% Bebas Banjir/Tabrak
(BERGARANSI AMAN)

- Mobil Bekas Bergaransi Hanya disini

●Harga Spesial Khusus Kredit Paket 4+5 Tahun Via BCAF :

•OTR Rp.365.OOO.OOO,-

●Diluar Dp Paket OTR Menyesuaikan

●Harga Cash Berbeda : By Call Only

●Paket Kredit Via BCAF

•TDP. Rp.71.OOO.OOO,-NEGO WAJAR

•Angsuran Rp. 9.O32.3OO x 47 bulan

•Angsuran Rp. 7.736.1OO x 59 bulan

Asuransi TLO

FREE LAYANAN ERA EMERGENCY 1 TAHUN
GARANSI MESIN + TRANSMISI 1 TH

●Harga Cash : Nego Ditempat Sampai Deal Juragan

●Harga Masih Bisa Nego Setelah Lihat Unit di Showroom Kami

●Disarankan Datang,Nego Sampai Deal,Bonus Ngopi Gratis Juragan/Bosku

●BELI MOBIL BEKAS BERKWALITAS DISINI

Semua Mobil Kita Bergaransi Money Back Warranty :

• Mobil Bukan Ex-Tabrak/Banjir

• Odometer Garansi ASLI

• Bukan Bekas Rental/Lelang

• Surat-surat Asli Tidak Bermasalah

●Spesifikasi Kendaraan :

• Warna Putih

• Camera 36O°

• Head Lamp Adaptif LED

• Head Lamp Auto Leveling - Auto Lightning

• LED Fog Lamp

• HUD

• Blind Spot Monitoring

• Head unit Layar MZD Connect
(Support DVD & Navigasi)

• Audio PREMIUM BOSE 

• Rear Cross Traffic Alert (RCTA)

• Lane Departure Warning System (LDWS) 

• Lane Keep Assist (LKA)

• Driver Attention Alert (DAA)

• Smart City Brake Support (SCBS)

• Daytime Running Light

• Shark Finn Antena

• Rear Camera Parking

• Sunroof NORMAL

• Tilt Steering + Telescoptic 

• Electric Seat With Memory Seat 2 Level

• Ac Digital Climate Control + Dual Zone

• Keyless + Start Stop Engine Buton

• Rain Sensor
(Wiper Otomatis Menyala Saat Hujan)

• SRS Air Bag

• Spion Retractable + Electric Mirror

• Electric Parking Brake With Auto Hold

• Power Back Door (PBD)

• Kunci Cadangan LENGKAP

• Buku Service KOMPLIT

• Jok Full Black Leather Seat

(SUPER BERSIH LIKE NEW)

• Transmisi Automatic Smooth ABIS

• AC Dingin Ga Pake Alasan Ini Itu

(GARANSI AMAN)

• Ban 4Pcs 85% TOYO PROXES
(Ban Cadangan BELUM TURUN)

• Mesin 2.5L Skyactive-G Irit & Powerfull

• Irit BBM 1 : 14 KM / Liter

• Pajak Bulan Agustus 2O27 Nopol B

• Mobil Fresh Tidak ada Masalah

• Barang Istimewa Terawat

• Ready to use

• Transmisi Garansi Tidak Ada Masalah
(Garansi 1 Tahun)

• Interior Full Original

• Mesin Kering No Rembes
(Garansi 1 Tahun)

• Exterior Mulus Abis

• Lihat Pasti Jatuh Cinta

Silahkan Hubungi :

Wawan

Call/WA 24 Jam

●Kalau Telvon Tidak Terangkat,Boleh WA Ya Juragan,Kadang Sedang dijalan,Jangan Inbox Via OLX Ya Gan,WA atau Telvon langsung aja Gan,Konsultasi Bebas Sekalian Nambah Temen

""KING'S AUTO SUMARECON SERPONG""

Bursa Mobil Sumarecon Serpong Blok F3+F5 Gading Serpong Tangerang

(Sebrang Rs.Bethsaida Gading Serpong Tangerang)

Terimakasih OLX",Mazda,Lainnya,,Lainnya,15.000-20.000,365000000.0
947961973,[GARANSI 5TH] Chery Tiggo 8 Premium 290 T 1.6 Panoramic 2024/2025/2026,"BELI MOBIL TANPA KHAWATIR BERGARANSI 5 TAHUN!

Chery Tiggo 8 Premium 290 T 1.6 Panoramic AT Biru NIK 2025, PAJAK BULAN 4 (2027), ODOMETER 22RB KM RECORD AUTHORIZED

*GARANSI CHERY 6 TAHUN ATAU 150,000 KM*
-
Focus Motor Belanja Mobil 26 Tahun Membangun Kepercayaan.
Nikmati standar baru kepemilikan mobil bekas dengan garansi komprehensif hingga 5 TAHUN untuk 155 KOMPONEN. BERSERTIFIKAT, BERPOLIS, dan didukung layanan CUSTOMER SERVICE PERSONAL untuk pengalaman berkendara yang aman dan tanpa khawatir.

Belanja Mobil bukan hanya menjual mobil bekas. Kami jual mobil bekas dengan RASA AMAN seperti mobil baru.

5 BELANJA MOBIL PROMISE :
1. Mobil Terinspeksi 155 titik
2. ⁠TERGARANSI 5 tahun
3. ⁠Harga Transparan
4. ⁠Jaminan Trade-in/Buyback
5. ⁠After Sales yg baik (Mempunyai Customer Service Personal)

-UNIT 100% BEBAS TABRAK DAN BEBAS BANJIR (garansi uang kembali)
-Dokumen ABSAH
-BONUS! Free Detailing (pembersihan) 2x (1 tahun)
-
OTR KREDIT 289JT
OTR CASH ASK

Bunga Premium
Dp 73jt
Angs 7.715.000 x47 tlo

Dp 69jt
Angs 6.684.500 x59 tlo

UNTUK REQUEST DP / HITUNGAN LAIN, SILAKAN HUBUNGI KAMI

Harga kredit tertera adalah harga minimal kredit dengan tenor 4 & 5 tahun, diluar itu mengikuti harga Cash (karena kami mensubsidi refund bunga kepada anda)
-
Spesifikasi :
* Tangan Pertama Dari Baru, PT
* ADAS (LDW, BSD, FCW, AEB, ICA, HAC, HDC)
* Electric Panoramic Roof
* Sony Sound System
* Engine 1.598 cc Turbo 183 hp (290 Nm)
* Keyless Start Stop Engine
* Ambience Light
* Audio Steering Switch
* LCD Display AC Dual Zone
* LCD Display Master Cluster
* Infotainment System Touchscreen With Apple Carplay And Android Auto
* Electric Leather Seat With Memory Seat
* Full LED Headlamp With DRL, Foglamp
* LED Stop Lamp
* SRS Airbags, ABS, BA, EBD, HSA, HDC, COMPLETE SAFETY CAR
* 360 View Parking Camera, Parking Sensor
* Electric Park Brake, Electric Brake Hold, Vehicle Stability Control, Auto Start Stop
* Power Back Door
* Kaca Film Llumar
* Kunci Cadangan Tersedia

LOKASI : Bez Auto Center, Focus Motor No. A66-A70, Curug Sangereng, Kec. Klp. Dua, Kabupaten Tangerang, Banten 15810 (DYB) (GS)",Chery,Lainnya,,Lainnya,20.000-25.000,289000000.0
947938334,Bunga 0% DP50% Odo 21rb BMW 320i G20 2021/2020 M sport C200 330i,"Paket Smart Cashflow. Bunga 0% DP 50%. Sisa Flat 12x
Instant Approval Test Drive Hari ini Besok Delivery
Garansi Otospector sd 2027. Siap Gencheck

Please welcome
*BMW 320i SPORT (G20)*

NIK 2020
Black Sapphire Metallic
Engine 2.000 CC
ODO 34.XXX KM
Tax Januari 2027

Additional Information:
- Adaptive Suspenssion (Comfort & Sport)
- Electric & Memory Seat
- Audio Built in Bluetooth & CarPlay
- Electric Parking Brake Assist
- Drive Mode ( Eco, Comfort, Sport, Sport+)
- Voice Command “Hey BMW”
- Wireless Charging

Harga kredit 469 JT
Harga cash 510 JT

PROMO
Paket Smart Cashflow
Bunga 0% Murni
Cukup Tdp 50%
Sisanya Flat Prorate 12x
Tenor Fixed 1 Tahun
Bebas Admin, Fiducia & Provisi

Untuk janjian test drive/kirim orang untuk inspeksi
Contact : Steve 0878/1112/2010

*GARANSI Uang Kembali 1000%*
Lulus inspeksi @otospector
Bebas Banjir & Bebas Major Accident
Record mobil sesuai odometer
Dokumen mobil asli keabsahannya

Cek variasi stok unit di Instagram 
@chrisauto_garage
@chrisauto_official

Chris Auto Garage | CAG
Bursa Otomotif Sunter 
Blok D2-D3 | Blok C1A- 1B
(Masuk Pintu 5 Lurus Paling Ujung) 
Jl. Yos Sudarso Kav 87-88
Jakarta Utara
(Search Google Map -> Ketik Chris Auto Garage) 

Operational Hour
(Minggu / Tanggal Merah TETAP BUKA)
Senin - Sabtu 08.00-17.30
Minggu 10.00-16.00
Diluar jam operasional tetap kami layani by appointment",BMW,Lainnya,,Lainnya,20.000-25.000,469000000.0
947689171,[KM RECORD] Zenix V Hybrid AT 2024,"Toyota Innova Zenix V Hybrid Modellista AT Hitam Metalik 2024

- ⁠Tangan Pertama dari Baru
- Odometer 54.xxx Record Toyota
- ⁠Pajak Hidup 7/27
- ⁠An Perorangan
- ⁠Camera 360
- Mesin 2.0 Hybrid e-CVT bertenaga DAN IRIT 
- Smart Entry & Push Start Button
- Panoramic Sunroof
- Head Unit Touchscreen 10 Inch
- Wireless Apple CarPlay & Android Auto 
- ⁠Entertainment 10 Inch
- Digital AC Climate Control
- Electronic Parking Brake (EPB) + Brake Hold
- Cruise Control
- Kamera Mundur & Sensor Parkir
- Ambient Light Interrior
- Wireless Charger
- MID Digital Hybrid Display
- Auto LED Headlamp & LED DRL
- Velg Alloy 17 Inch
- Airbag, ABS, EBD, BA, VSC & Hill Start assist
- Upgrade foglamp projie
- Surat surat Lengkap dan dijamin keabsahannya
- Kabin luas dan nyaman
- Performa halus khas Hybrid Toyota
- Konsumsi BBM sangat irit
- Suspensi nyaman 
- Cocok untuk keluarga maupun kendaraan operasional premium

Otr 420jt Cash 455jt
*OTR Kredit Khusus Paket Kredit*

Paket A 
Tdp 50jt Cicilan 14.650.000 X 35
Tdp 50jt Cicilan 11.714.000 X 47
Tdp 50jt Cicilan 10.027.000 X 59

Paket B 
Tdp 40jt Cicilan 14.859.000 X 35
Tdp 40jt Cicilan 12.329.000 X 47
Tdp 40jt Cicilan 10.981.000 X 59",Toyota,Lainnya,,Lainnya,50.000-55.000,420000000.0
948199291,[Km8rb] Mercedes Benz GLC300 Coupe AT 2025 Mercy Nik 2024,"Mercedes Benz GLC300 Coupe AT 2025/2024

- Engine Type: 2.0L Inline-4 Turbo with 48V Mild Hybrid
- Km 8.000 Antik (5.000 Miles)
- Warna Abu2 Metalik
- Nopol B Ganjil
- Pajak 03-2027
- Body Full Original
- Tangan 1 Dari Baru
- Reg 2025, Nik 2024
- Warranty ATPM 05-03-2028
- Warranty Ban 05-03-2027
- Free Service 05-03-2030

OTR Kredit 1.675M
Cash 1.775M Nego",Mercedes-Benz,Lainnya,,Lainnya,5.000-10.000,1675000000.0
948195236,Toyota Raize G matic 1.2cc 2023 KM.9rb,"bismillah di jual mobil pemakaian pribadi dari baru tangan pertama..
Raize G matic 1.200cc tahun 2023

• Pajak Hidup
• KM 9rb an
• Surat lengkap
• Buku manual ada
• body mulus
• Dalaman ori masih
• Bahan bakar selalu BP / pertamax
• STNK alamat jakarta timur
• Kunci ada 2 
• Mobil gress bgt habis nyalon tgl pake aja
• Ruang mesin tidak di salon sengaja karena biar tahu mesin keadaan tidak ada ke bocoran..
• Tidak pernah laka atau pun kena banjir

sisa nya cek aja dirumah..
ga terima kredit karena kami bukan showroom..
hati2 dengan penipuan segitiga,klo mau transaksi ke rumah aja ga usah pake DP lwt tlp atau chat..

lokasi kebagusan - ragunan - jakarta selatan",Toyota,Lainnya,,Lainnya,5.000-10.000,190000000.0
948195212,[GARANSI 5THN] Honda HRV HR-V HR V 1.5 RS Turbo Sensing 2023/2024/2025,"BELI MOBIL TANPA KHAWATIR BERGARANSI 5 TAHUN!

Honda HRV HR-V HR V 1.5 RS Turbo Sensing CVT AT Hitam Mutiara NIK 2024, PAJAK BULAN 3 (2027), ODOMETER 30RB KM RECORD AUTHORIZED
-
Focus Motor Belanja Mobil 26 Tahun Membangun Kepercayaan.
Nikmati standar baru kepemilikan mobil bekas dengan garansi komprehensif hingga 5 TAHUN untuk 155 KOMPONEN. BERSERTIFIKAT, BERPOLIS, dan didukung layanan CUSTOMER SERVICE PERSONAL untuk pengalaman berkendara yang aman dan tanpa khawatir.

Belanja Mobil bukan hanya menjual mobil bekas. Kami jual mobil bekas dengan RASA AMAN seperti mobil baru.

5 BELANJA MOBIL PROMISE :
1. Mobil Terinspeksi 155 titik
2. ⁠TERGARANSI 5 tahun
3. ⁠Harga Transparan
4. ⁠Jaminan Trade-in/Buyback
5. ⁠After Sales yg baik (Mempunyai Customer Service Personal)

-UNIT 100% BEBAS TABRAK DAN BEBAS BANJIR (garansi uang kembali)
-Dokumen ABSAH
-BONUS! Free Detailing (pembersihan) 2x (1 tahun)
-
OTR KREDIT 350JT
OTR CASH ASK

DP Minim
Dp 55 jt
Angs 10.466.500 x47 tlo

dp 50 jt
Angs 9.203.500 x59 tlo

Bunga Premium
Dp 67 jt
Angs 9.750.000 x47 tlo

Dp 62 jt
Angs 8.546.000 x59 tlo

UNTUK REQUEST DP / HITUNGAN LAIN, SILAKAN HUBUNGI KAMI

Harga kredit tertera adalah harga minimal kredit dengan tenor 4 & 5 tahun, diluar itu mengikuti harga Cash (karena kami mensubsidi refund bunga kepada anda)
-
Spesifikasi :
* Tangan Pertama Dari Baru
* Honda SENSING (PCS, DRCC, LDA, AHB, PSB, TPMS, ICS)
* Panoramic Sunroof
* Engine 1498 cc 177 Hp (240 Nm) VTec Turbo
* Keyless Start Stop Engine
* Tilt and Telescopic Steering
* Electric And Retract Mirror
* Audio Steering Switch With Paddle Shift
* MID Instrument Cluster
* Floating Headunit LCD Touchscreen With Apple Carplay And Android Auto
* Full LED Headlamp With DRL, Foglamp LED
* Rear LED Stop Lamp
* SRS Airbags, ABS, BA, EBD, HSA, HDC, COMPLETE SAFETY CAR
* Honda Land Watch 2 Camera, Parking Sensor
* Electric Park Brake, Electric Brake Hold, Vehicle Stability Control
* Power Back Door
* Kaca Film Wincos
* Buku Manual, Buku Service, Buku Audio, Kunci Cadangan Tersedia

LOKASI : Bez Auto Center, Focus Motor No. A66-A70, Curug Sangereng, Kec. Klp. Dua, Kabupaten Tangerang, Banten 15810 (6 UBR) (GS)",Honda,Lainnya,,Lainnya,30.000-35.000,350000000.0
948195208,[GARANSI 5THN] Honda HRV HR-V HR V 1.5 RS Turbo Sensing 2023/2024/2025,"BELI MOBIL TANPA KHAWATIR BERGARANSI 5 TAHUN!

Honda HRV HR-V HR V 1.5 RS Turbo Sensing CVT AT Hitam Mutiara NIK 2024, PAJAK BULAN 3 (2027), ODOMETER 30RB KM RECORD AUTHORIZED
-
Focus Motor Belanja Mobil 26 Tahun Membangun Kepercayaan.
Nikmati standar baru kepemilikan mobil bekas dengan garansi komprehensif hingga 5 TAHUN untuk 155 KOMPONEN. BERSERTIFIKAT, BERPOLIS, dan didukung layanan CUSTOMER SERVICE PERSONAL untuk pengalaman berkendara yang aman dan tanpa khawatir.

Belanja Mobil bukan hanya menjual mobil bekas. Kami jual mobil bekas dengan RASA AMAN seperti mobil baru.

5 BELANJA MOBIL PROMISE :
1. Mobil Terinspeksi 155 titik
2. ⁠TERGARANSI 5 tahun
3. ⁠Harga Transparan
4. ⁠Jaminan Trade-in/Buyback
5. ⁠After Sales yg baik (Mempunyai Customer Service Personal)

-UNIT 100% BEBAS TABRAK DAN BEBAS BANJIR (garansi uang kembali)
-Dokumen ABSAH
-BONUS! Free Detailing (pembersihan) 2x (1 tahun)
-
OTR KREDIT 350JT
OTR CASH ASK

DP Minim
Dp 55 jt
Angs 10.466.500 x47 tlo

dp 50 jt
Angs 9.203.500 x59 tlo

Bunga Premium
Dp 67 jt
Angs 9.750.000 x47 tlo

Dp 62 jt
Angs 8.546.000 x59 tlo

UNTUK REQUEST DP / HITUNGAN LAIN, SILAKAN HUBUNGI KAMI

Harga kredit tertera adalah harga minimal kredit dengan tenor 4 & 5 tahun, diluar itu mengikuti harga Cash (karena kami mensubsidi refund bunga kepada anda)
-
Spesifikasi :
* Tangan Pertama Dari Baru
* Honda SENSING (PCS, DRCC, LDA, AHB, PSB, TPMS, ICS)
* Panoramic Sunroof
* Engine 1498 cc 177 Hp (240 Nm) VTec Turbo
* Keyless Start Stop Engine
* Tilt and Telescopic Steering
* Electric And Retract Mirror
* Audio Steering Switch With Paddle Shift
* MID Instrument Cluster
* Floating Headunit LCD Touchscreen With Apple Carplay And Android Auto
* Full LED Headlamp With DRL, Foglamp LED
* Rear LED Stop Lamp
* SRS Airbags, ABS, BA, EBD, HSA, HDC, COMPLETE SAFETY CAR
* Honda Land Watch 2 Camera, Parking Sensor
* Electric Park Brake, Electric Brake Hold, Vehicle Stability Control
* Power Back Door
* Kaca Film Wincos
* Buku Manual, Buku Service, Buku Audio, Kunci Cadangan Tersedia

LOKASI : Bez Auto Center, Focus Motor No. A66-A70, Curug Sangereng, Kec. Klp. Dua, Kabupaten Tangerang, Banten 15810 (6 UBR) (GS)",Honda,Lainnya,,Lainnya,30.000-35.000,350000000.0
948195200,Nissan Serena 2.0 HWS Matic 2023,"Nissan Serena 2.0 HWS Matic 2023

Harga Cash: Rp. 282.000.000 (NEGO)

Harga Kredit: Rp. 263.000.000

DP dan angsuran bisa ditanyakan langsung

Mobil bergaransi 1 tahun

Kondisi mulus siap pakai

Bebas tabrak dan banjir

Harga kredit yang tercantum khusus untuk DP Minim tenor panjang

Free Salon

Free jasa service 1 tahun

Terima Tukar Tambah

Medsos IG: Mobilseken.id",Nissan,Lainnya,,Lainnya,25.000-30.000,263000000.0
948195155,Mazda CX30 GT 2023,"Mazda CX30 GT 2023

Spesifikasi :
*Good Condition
*Pajak panjang bulan Mei 2027
*KM 41RB (Service Record)
*Keyless
*Sunroof
*HUD
*Electric Seat
*Leather Seat
*Electric Mirror & Retractable
*Camera Mundur & Sensor Parking
*Kaki-kaki aman & tidak bunyi
*Nopol Ganjil

Jaminan Mobil :

*Bukan bekas Tabrakan
*Bukan bekas Banjir
*Surat2 lengkap dan di jamin 100% keabsahan nya

Jika anda cocok dan berminat silakan anda cek bengkel resmi

Harga Khusus Credit Rp 348,000.000

*Garansi Mesin dan Transmisi 2 Tahun (BCAF)
Tdp : 57,600,000
Angsr : 9,341,146 x 47 Kom

UNTUK REQUEST DP / HITUNGAN LAIN, SILAKAN HUBUNGI YULIA
Harga kredit tertera adalah harga minimal kredit dengan tenor 4 & 5 tahun, diluar itu mengikuti harga Cash
Terima Tukar Tambah dan Beli mobil anda dengan harga bagus

Terima Kasih",Mazda,Lainnya,,Lainnya,40.000-45.000,348000000.0
947438565,LEXUS ES300h FACELIFT ULTRA LUXURY 2022 GREY ON BLACK,"LEXUS ES300h FACELIFT ULTRA LUXURY 2022 GREY ON BLACK

KM 40.000
PAJAK BULAN 09/2026

- Engine 2.5 / Hybrid / 215Hp / 221Nm / FWD
- Drive Mode : Normal, ECO, Sport, EV
- Keyless / Start-Stop Engine Button
- Paddle Shift / Cruise Control / Electric Tilt Steering
- GPS Indonesia / Camera 360°/ MARK LEVINSON Audio
- RSE TV / Wireless Charger
- 5-Seater w/ Electric / Memory / Heater / Cooler
- Sunroof / Power Tailgate
- 18"" Rims Alloy",Lexus,Lainnya,,Lainnya,40.000-45.000,800000000.0
948195102,Odyssey Prestige 2015 - Ganjil - Automatic - Odyssey Prestige 2014,"Spec Kendaraan yang kami jual :
* Type Prestige
* Bensin / Gasoline 2.4L
* Automatic 
* NIK 2015 / Pemakaian 2015
* KM 90rb
* PJK     : November 2026
* NoPol : B 2015 UBL / Ganjil
* B dari Jakarta Utara

Supported Finance : 
TDP dapat disesuaikan dengan keinginan Cust / Pembeli.

Kredit di OTR 191,000,000
TDP 38,000,000 / Pembayaran Pertama
angsuran 5,310,000 x47 Bulan
Asuransi TLO

TDP/ Sudah termasuk
- DP
- Angsuran bulan pertama
- adm

Cash di OTR 220,000,000 (Nego)

Alamat showroom:
Bursa Mobil Summarecon Serpong 
Net Auto 
Blok C10 
Gading Serpong,Tangerang",Honda,Lainnya,,Lainnya,85.000-90.000,191000000.0
946653199,MERCEDES-AMG G63 OFFROAD PRO 2026 MAGNO OLIVE GREEN ON CATALANA BEIGE,MERCEDES-AMG G63 OFFROAD PRO 2026 MAGNO OLIVE GREEN ON CATALANA BEIGE & BLACK,Mercedes-Benz,Lainnya,,Lainnya,0-5.000,8950000000.0
948195078,[ GARANSI 5THN ] Hyundai Santafe Santa Fe XG 2.4 Bensin 2018/2019/2020,"BELI MOBIL TANPA KHAWATIR BERGARANSI 5 TAHUN!

Hyundai Santafe Santa Fe XG 2.4 Bensin Panoramic AT Putih NIK 2019, PAJAK BULAN 10 (2026), ODOMETER VERY LOW 42RB KM
-
Focus Motor Belanja Mobil 26 Tahun Membangun Kepercayaan.
Nikmati standar baru kepemilikan mobil bekas dengan garansi komprehensif hingga 5 TAHUN untuk 155 KOMPONEN. BERSERTIFIKAT, BERPOLIS, dan didukung layanan CUSTOMER SERVICE PERSONAL untuk pengalaman berkendara yang aman dan tanpa khawatir.
-

-UNIT 100% BEBAS TABRAK DAN BEBAS BANJIR (garansi uang kembali)
-Dokumen ABSAH
-Bonus!
Free Detailing (pembersihan) 2x (1 tahun)

-
OTR KREDIT 295 JT
OTR CASH BY CALL

DP Minim
Dp 48jt
Angs 8.828,500x47 tlo

Dp 42jt
Angs 7.797,000 x59 tlo

Bunga Premium
Dp 58jt
Angs 8.210,000 x47 tlo

Dp 53jt
Angs 7.206,500 x59 tlo

UNTUK REQUEST DP & SIMULASI KREDIT LAIN SILAKAN HUBUNGI KAMI

Harga kredit tertera adalah harga minimal kredit dengan tenor 4 & 5 tahun, diluar itu mengikuti harga Cash (karena kami mensubsidi refund bunga kepada anda)
-
Spesifikasi :
* Electric Panoramic Sunroof
* Engine 2.4 Bensin Automatic
* Keyless Start Stop Engine
* Audio Steering Switch, Paddle Shift With Cruise Control
* AC Digital Dual Zone
* MID Digital
* Infotainment System Touchscreen With Phone Connection
* Electric Leather Seat
* LED Headlamp With DRL, Foglamp
* LED Stop Lamp
* SRS Airbags, ABS, EBD, BA COMPLETE SAFETY CAR
* Rear Parking Camera, Parking Sensor, Electric Park Brake, Traction Control
* Power Back Door
* Kaca Film Llumar
* Buku Manual, Buku Service, Kunci Cadangan Tersedia


LOKASI : Bursa Otomotif Mangga Dua Square, Focus Motor, Jakarta Utara. (WCS) (A)",Hyundai,Lainnya,,Lainnya,40.000-45.000,295000000.0
948081506,DP10% [Km11.000] 330i M-Sport 2021 White Reg 2022 #AUTOHIGH,"BMW 330i M-SPORT 2021/2022 NEW PROFILE WHITE ON SADDLE TAN
Km.11.000 Antik!! , Stnk Bulan 01 Register 2022 ( NIK.2021 ) 
- Monitor + GPS Indonesia (3D)
- Speedometer Digital
- i-Drive Control with Touchpad
- Engine Start Button + Keyless
- ECO Mode Auto Start-Stop
- Sunroof
- Electric Seat + Memory Seat
- Adaptive Suspension ( Comfort & Sport )
- Engine 2.0cc with 258Hp ( 0-100 km/h : 5.0 second )
- Velg Smoke Chrome Black
- Service Record ATPM BMW Indonesia

OTR KREDIT : 675JT
OTR CASH : 750JT

Harga Negosiasi Setelah Datang Lihat Unit di Showroom Kami

Pembelian via cash / kredit.. Data luar kota bisa bantu proses, Tersedia jg Paket Total DP Ringan, Tenor hingga 6 tahun ( Proses 1 hari kerja saja )

Segera Rekomendasikan Keluarga / Teman / Kerabat Bapak & Ibu semua untuk membeli Mobil di AUTOHIGH dan dapatkan harga & kualitas terbaik dengan cara Share Link Iklan ini, Terima Kasih !!!

///AUTO HIGH BINTARO
** Bursa Mobil Bintaro A1 - A3
Bintaro Sektor 7, Tangerang Selatan
( Exit Tol Pondok Aren, samping Bank Permata Tower dan Dealer BMW Bestindo )

[[ GUNAKAN SELALU FITUR TELEPON & WHATS APP UNTUK KEAMANAN BERKOMUNIKASI, TERIMA KASIH ]]

Buka Setiap Hari : Pukul 9 Pagi s/d 6 Sore
( Sabtu / Minggu / Hari Libur Tetap Buka )

More Info, Please Call / SMS / Whats App : Pukul 8 Pagi s/d 11 Malam ( Setiap Hari )",BMW,Lainnya,,Lainnya,5.000-10.000,675000000.0
947592766,Chevrolet Spin 1.5 Active 2015 Abu Terlaris Yuk Cek Segera,"Chevrolet Spin 1.5 Activ 2015

Krd 88 juta
Cash 100 juta


Tdp 20(taf) 
2.520.000x47


Terbebas dari banjir
Terbebas dari tabrak
Ban  ok
Velg Bagus
Interior bagus
Exterior bagus
Fog lamp bagus
Ac dingin
Headroom luas
Doortim bagus
Dahsboard mulus
Audio steering
Srs air bag
Dvd cd aux BT
Buku manual
Dokumen surat lenkap
Nego halus lokasi

Syarat
Ktp
Kk
Pbb
Buku tabungan
Npwp

Jl kolonel Sugiyino duren sawit no 35/Igustingurahrai klnder no 16/13C",Chevrolet,Lainnya,,Lainnya,80.000-85.000,88000000.0
948094279,Honda City Hatchback 1.5 RS CVT 2022,"Honda City Hatchback
1.5 RS CVT 2022

NIK 2022
Odo 66rb Kilometer
Pajak 02 2027
Plat B Genap
Hatchback Premium
Grey Metallic on Black
Tangan Pertama

Spec:
1.5L L15 inline-4 Engine
CVT Transmission
RS Black headliners
RS Sport seats
RS Steering wheel with Paddle shift
Cruise Control system
LED DRL Headlights
Red ambient speedometer
Integrated Headunit
Eco Mode 

KHUSUS Paket Kredit
DP Rendah:
OTR 190
TDP 79
Angs 4,999,000 (4th)
Angs 4,193,000 (5th)
Asuransi kombinasi

KHUSUS Promo
Bunga 0% (Limited offer)
TDP 159
Angs 7,167,000 (1th)
Asuransi TLO

Bonus:
1. Free Premium detailing interior exterior dan mesin.
2. Free fogging anti bacterial n virus.
3. Garansi mesin dan transmisi 1th by Otospector
4. ⁠Emergency Towing coverage.
5. ⁠Free Jasa Service seumur hidup.
6. Garansi sertifikat lulus Inspeksi by Otospector.

Promo Special:
1.PROMO BUNGA 0%
2.PROMO BUNGA RENDAH BCAF
3.PROMO TDP RENDAH

Cash 215

Lokasi: Garasi Bloko",Honda,Lainnya,,Lainnya,65.000-70.000,190000000.0
948074663,Km 900 perak honda hrv rs hybrid 2026 putih pajak panjang,"DIJUAL 

All New Honda HRV HR-V HR V 1.5 RS Hybrid e HEV Sensing CVT AT Putih NIK 2026, PAJAK BULAN 9 (2027), ODOMETER VERY LOW 900 AN PERAK KM

GARANSI HONDA 3 TAHUN ATAU 100,000 KM


OTR Kredit 425 JT
OTR CASH 470 JT NEGO

PLAT D GANJIL ( gaa ) 


Spesifikasi :
• Tangan Pertama Dari Baru, Pribadi
• Honda SENSING (PCS, DRCC, LDA, AHB, PSB, TPMS, ICS)
• Panoramic Sunroof
• Engine 1.498 cc DOHC i-VTEC Hybrid 131 PS - 106 PS (253 Nm - 127 Nm)
• Keyless Start Stop Engine
• Reverse Auto-Tilt Side Door Mirror
• Wireless Charging
• Deceleration Paddle Selectors
• Tilt and Telescopic Steering
• Electric Mirror And Retract
• AC Digital Single Zone
• Audio Steering Switch, Paddle Shift
• 7 Inch Instrument Cluster
• Floating Headunit LCD Touchscreen With Apple Carplay And Android Auto
• Adjustable Leather Seat
• Full LED Headlamp With DRL, Foglamp LED
• Auto High-Beam with Adaptive Driving Beam
• Full LED Rear Light Strip
• SRS Airbags, ABS, BA, EBD, HSA, HDC, COMPLETE SAFETY CAR
• Rear Parking Camera With Honda Land Watch, Parking Sensor
• Electric Park Brake, Electric Brake Hold, Vehicle Stability Control
• Power Back Door
• Kaca Film Wincos
• Buku Service, Buku Manual, Buku Audio, Buku Service Tersedia


proses kredit bisa dibantu( rumah sewa dll s&k)
ktp daerah bisa (daerah tertentu)..
Terima jual-beli ,tukar tambah ( cash / kredit )
Unit tidak bekas tabrakan dan banjir (boleh cek ke bengkel resmi dulu ) . 

Minat cepat hubungi 
Regina ( call / WA )",Honda,Lainnya,,Lainnya,0-5.000,425000000.0
947935639,DP RENDAH - Toyota Yaris 1.5 G Bensin-AT 2021,".
DP RENDAH - Toyota Yaris 1.5 G Bensin-AT 2021 Silver 
.
Harga Cash : Hubungi Saya / Chat Me 
Harga Credit : Rp.  175,000,000 ,-
TDP :  18,000,000
Angsuran 4 Tahun : Rp. 5,500,000 ,-
Angsuran 5 Tahun silahkan hubungi untuk informasi lebih lanjut
.
Beli Mobil Terus Untung!!
Beli mobil dan dapatkan bonus saldo digital hingga Rp1.500.000!
*S&K berlaku
.
Keunggulan Unit
1. Pajak : July 2026
2. Odometer : 73.xxx 
3. Like New
4. Tangan Pertama
5. Atas nama  : Perorangan
6. Plat Ganjil
.
GRATIS HOME TEST DRIVE
.
Pembayaran Booking Fee / Pelunasan hanya melalui no rekening 2061/888/995 - BCA - an SERASI MITRA MOBIL PT

TDP promo hanya Berlaku jika:
- BI checking Bersih (tidak pernah ada keterlambatan pembayaran)
- Rumah Milik Pribadi
- Pemasukan/Gaji= 3x Angsuran.
*Bisa di bantu Rumah Kontrak dan BI checking bermasalah dengan TDP 30%* (S&K Berlaku)
.
Kunjungi kami di
OLXmobbi Bekasi
Jl. Jend. Sudirman No.1, Kranji, Kec. Bekasi Bar., Kota Bks, Jawa Barat KODE POS 77925
.
Rudi Hartono - Sales Advisor
OLXmobbi
Ahlinya Mobil Bekas Berkualitas",Toyota,Lainnya,,Lainnya,70.000-75.000,175000000.0
948195035,TOYOTA INNOVA VENTURER 2.4 AT 2021,"TOYOTA INNOVA VENTURER 2.4 AT 2021

Spesifikasi Kendaraan :
Warna : Putih
Tranmisi : Automatic
Nopol : B genap
Kilometer : 59.xxxrb
* interior bersih dan rapih
* Ban kaki-kaki senyap
* Bebas banjir dan bebas tabrak
* AC dingin
* Surat-surat lengkap 
*Siap pakai 
*Harga tertera harga kredit DP minim tenor 4 & 5 tahun
*Harga cash berbeda dengan harga kredit
*Datang langsung dan nego di tempat sampe deal
*Terima cash/credit/trade in

*Free warranty 1tahun
-Mesin
-Transmisi
-Sistem pengereman 
-Sistem bahan bakar

Info lebih lanjut hub:
SHOWROOM ADONAI AUTO
Alamat : WTC MANGGA DUA LANTAI 3A no.32",Toyota,Lainnya,,Lainnya,55.000-60.000,369000000.0
947982919,toyota land cruiser vxr 300 vxr300 2025 km16rb tgn1!a.n pribadi!ppf!,"Fitur VXR 300 2025

* Toyota Safety Sense
* Dynamic Radar Cruise Control
* Pre-Collision System
* Lane Departure Alert
* Blind Spot Monitor
* Adaptive High Beam
* Multi-Terrain Select
* Crawl Control
* Multi-Terrain Monitor
* Power back door dengan kick sensor
* Interior leather
* 7-seater
* Full-time 4WD

km16.000
pajak 7/2027
warranty/garansi servis 3 tahun s.d 2028
full ppf
black on black
pajak baru bayar 1 thn 
kondisi spt baru 
like new!
like new!
like new condition!
perfect no comment..
pristine condition..
liat pasti suka..

harga kredit 2.250m
harga kas nego ditempat ya...

AutoLine
bursa mobil bintaro
jl boulevard raya sektor 7 blok A no.31",Toyota,Lainnya,,Lainnya,15.000-20.000,2250000000.0
948195018,DP10% [Km9.000] RX350h Hybrid 2024 Black / RX350 Reg 2023 #AUTOHIGH,"LEXUS RX350h HYBRID LUXURY 2024/2025 BLACK ON BROWN
KM.9.000 Antik!! , Stnk Bulan 02 Register 2025 ( NIK.2024 )
- Monitor Screen Audio + 4 Camera
- Audio Mark Levinson
- GPS Indonesia
- 2TV RSE ( Rear System Entertaiment )
- Panoramic + Sunroof 
- Keyless + Engine Start Button
- Full Electric Seat + Memory Seat
- Bagasi Power Back Door
- Heater Seat + Cooler Seat 
- Engine 2.500cc Hybrid with 247Hp
- Velg R.21 Black Edition
- Warranty ATPM Lexus Indonesia 5 Thn ( 3 Thn Full Spareparts + 5 Thn Free Oli, Jasa & Service 

OTR KREDIT : 1.495M
OTR CASH : 1.595M

Harga Negosiasi Setelah Datang Lihat Unit di Showroom Kami

Pembelian via cash / kredit.. Data luar kota bisa bantu proses, Tersedia jg Paket Total DP Ringan, Tenor hingga 6 tahun ( Proses 1 hari kerja saja )

Segera Rekomendasikan Keluarga / Teman / Kerabat Bapak & Ibu semua untuk membeli Mobil di AUTOHIGH dan dapatkan harga & kualitas terbaik dengan cara Share Link Iklan ini, Terima Kasih !!!

///AUTO HIGH BINTARO
** Bursa Mobil Bintaro A1 - A3
Bintaro Sektor 7, Tangerang Selatan
( Exit Tol Pondok Aren, samping Bank Permata Tower dan Dealer BMW Bestindo )

[[ GUNAKAN SELALU FITUR TELEPON & WHATS APP UNTUK KEAMANAN BERKOMUNIKASI, TERIMA KASIH ]]

Buka Setiap Hari : Pukul 9 Pagi s/d 6 Sore
( Sabtu / Minggu / Hari Libur Tetap Buka )

More Info, Please Call / SMS / Whats App : Pukul 8 Pagi s/d 11 Malam ( Setiap Hari )",Lexus,Lainnya,,Lainnya,0-5.000,1495000000.0
948195013,Honda Odyssey 2.4 E PRESTIGE 2015 Sunroof Hitam,"Honda Odyssey 2.4 E PRESTIGE 2015 Sunroof Hitam

*   Kondisi terawat dan siap pakai.
*   Pajak terima hidup bulan 07/2027
*   Nopol B Ganjil,
*   Ban dengan kondisi 85%.
*   KM 67.000 
*   Spion Retract
*   Kamera mundur
*   Head Unit Android
*   Engine Start / Stop
*   Memory Seat
*   Electric Seat
*   TV Tengah
*   Interior rapi dan mulus.
*   Garansi 100% bukan bekas insiden tabrak berat dan banjir.
*   Mesin full standar dan kering.
*   Body mulus, cat orisinil.
*   Kaki-kaki masih sangat empuk dan senyap.
*   Mesin dan matic aman, tidak ada rembes, mesin masih sanaat baaus.

Dipersilakan bila mau membawa mekanik dalam pengecekan atau melakukan general check up langsung ke bengkel resmi Honda
Surat dijamin asli dan lengkap beserta faktur stnk,BPKB, dan lain lain.

PROSES CEPAT & DATA BISA DIBANTU

OTR KHUSUS CASH (Ask)

OTR KHUSUS KREDIT 191 JUTA
TDP 38 juta
Angsuran 5.310 juta x 47 bulan

SERIUS LANGSUNG DATANG KE
ANGGA
NET AUTO GARAGE
BURSA MOBIL SUMMARECON SERPONG BLOK C NO 10
GADING SERPONG TANGERANG",Honda,Lainnya,,Lainnya,65.000-70.000,191000000.0
948195011,[CASH] Mercedes-Benz GLE400 4MATIC AWD 2017,"OTR CASH 350 JT (NEGO) 

 Mercedes-Benz GLE400 4MATIC AWD
 Model 2017 / NIK 2016
 Tangerang

 Black on Brown
️ Old Money Luxury SUV
️ 4MATIC All Wheel Drive
️ KM Gondrong

 ODO 38.000 Miles On Going
️ Pajak 11/2026
 Record Service Mercedes-Benz
 Manual Book & Spare Key Lengkap

 3.0L V6 Bi-Turbo Engine
 4MATIC All Wheel Drive
 Harman Kardon Audio System
 Electric Seat + Memory Seat
 Electric Tilt Steering
 Multifunction Steering Wheel
 Multimedia Display
 Reverse Camera + Parking Assist
 Navigation System
 Bluetooth Audio
 Power Back Door
 Auto Start/Stop Button
 Automatic Transmission",Mercedes-Benz,Lainnya,,Lainnya,35.000-40.000,350000000.0
948195006,Mercedes-Benz E 200 2.0 AMG Metik 2019 #CLK#,"Mercedes-Benz E 200 2.0 AMG Metik 2019

FREE TEST DRIVE!
Langsung ke showroom Mobilbagus.id di Bursa Mobil POINS MALL
(Hubungi Kami untuk info posisi unit)

Happy Hunting!

Harga Paket Kredit : 
> OTR Paket Kredit Rp. 399,000,000
> Paket TDP 75,9 Jt Angsuran 10,155,000 x 5th
> Paket TDP 77,9 Jt Angsuran 11,724,000 x 4th

(Paket Kredit sewaktu-waktu dapat berubah sesuai dengan ketentuan yang berlaku)

Harga Cash : 
>  499 Juta NEGO 
(Telp/WA untuk penawaran TERBAIK!)

Spesifikasi Kendaraan :
> Merek : Mercedes-Benz
> Type : E200 (W213)
> Varian : 2.0 AMG Line
> Tahun : 2019
> Warna : Hitam
> ODO :  68 ribuan
> Transmisi : Automatic
> No Pol : Ganjil (B - DKI Jakarta)

Kondisi Kendaraan :
> Bodi Mulus
> Interior Original
> Jaminan Mobil Bebas Tabrak dan Bebas Banjir
> Jaminan Mesin Transmisi Aman BERGARANSI
> Jaminan Kelengkapan dan Keabsahan Dokumen Mobil

Lokasi :
BURSA Mobil POINS SQUARE
> Jl. R.A. Kartini No.1, RT.9/RW.7, 
Lb. Bulus, Kec. Cilandak, Kota Jakarta Selatan, 
Daerah Khusus Ibukota Jakarta, 12440

Buka setiap Hari
(Telp/WA untuk posisi unit)",Mercedes-Benz,Lainnya,,Lainnya,60.000-65.000,399000000.0
948194994,[FAVORITE!! LIKE NEW BGT- LOW KM- DP MINIM-MULUS NO PR] CRETA TREND 24,"Hyundai Creta Trend 1.5 AT 
NIK 2024 
Putih 

Odo (29rb) 
Service Record Hyundai 

B 2173 WFA 
Pajak 07/2027 
Tangan 1
An Pribadi 

*Garansi Bersertifikat Tidak bekas tabrakan dan Banjir (by otospector )*

*Full Detailing Exterior dan Interior*

*PAKET HEMAT KREDIT*

TDP 22JT
Angsuran : Rp. 5.464.000 x 59
Asuransi TLO

TDP 60JT
Angsuran : Rp. 5.253.021 x
47 
Asuransi Kombinasi

Harga Credit : 200JT
Harga Cash : By WA

TDP & ANGSURAN BISA DISESUAIKAN!
NEGOIN SAMPAI DEAL!
PROSES LEASING DIBANTU SAMPAI GOAL!

Alamat Showroom
Republik Mobil
Bursa Mobil Summarecon Serpong Blok G11-G15
Gading Serpong, Tangerang.
Ketemu Aulia",Hyundai,Lainnya,,Lainnya,15.000-20.000,200000000.0
946187127,BENTLEY CONTINENTAL GT SPEED W12 2013 GREY ON BLACK,"BENTLEY CONTINENTAL GT SPEED W12 2013 GREY ON BLACK

ODO 11.000 KM 
STNK BULAN 04
NOPOL B

SPEC:

• Engine 6.0 W12 Turbo / Petrol / 616Hp / 820Nm / AWD
• MANSORY Carbon Side Skirt & Ducktail
• Keyless / Start-Stop Engine Button
• Paddle Shift / Cruise Control / Electric Tilt Steering
• Rear Camera
• 4-Seater w/ Electric / Memory / Heater / Cooler
• Vacuum Door / Power Tailgate / Electric Spoiler / Air Suspension
• 22"" Rims Alloy HRE PERFORMANCE

Cash : 2.600M
Kredit : 2.400M",Bentley,Lainnya,,Lainnya,10.000-15.000,2400000000.0
948194913,‼️MG 5 GT MAGNIFY 1.5 AT‼️MOBIL SANGAT TERAWAT & SIAP PAKAI.,"Siapa Cepat Dia Dapat, Karena Mobil Kita Fast Moving
Data Dibantu Sampai Approve
Siap Pakai & Terawat

MG 5 GT MAGNIFY 1.5 

Nik & Reg 2022 
Warna Merah 
Nopol B Genap 
KM  13 RB 
Tax On 03/27
Dokumen, Buku2 & Kunci Serep Lengkap
Kaki-Kaki Nyaman & Senyap Tidak Ada Bunyi
Kondisi Mobil Sangat Istimewa Siap Pakai Tanpa Perbaikan Apapun

Harga Khusus OTR Credit : Rp. 208,000,000
TDP : Rp. 55,000,000
Angsuran 5 Tahun : Rp. 4,545,000
Harga Di Iklan Khusus Paket Kredit 4/5 Tahun 
*HARGA CASH BISA LANSUNG WA / TELP*

Syarat Kredit : KTP, KK, NPWP, PBB, SK Kerja/Usaha, Mutasi Rek 3 Bulan Terakhir

Hubungi : SHAWN
Wa / Telp : nol+82118266790
Mega Glodok Kemayoran - Jakarta Pusat",MG,Lainnya,,Lainnya,10.000-15.000,208000000.0
948194894,DP10% [Km9.000] RX350h Hybrid 2024 Black / RX350 Reg 2023 #AUTOHIGH,"LEXUS RX350h HYBRID LUXURY 2024/2025 BLACK ON BROWN
KM.9.000 Antik!! , Stnk Bulan 02 Register 2025 ( NIK.2024 )
- Monitor Screen Audio + 4 Camera
- Audio Mark Levinson
- GPS Indonesia
- 2TV RSE ( Rear System Entertaiment )
- Panoramic + Sunroof 
- Keyless + Engine Start Button
- Full Electric Seat + Memory Seat
- Bagasi Power Back Door
- Heater Seat + Cooler Seat 
- Engine 2.500cc Hybrid with 247Hp
- Velg R.21 Black Edition
- Warranty ATPM Lexus Indonesia 5 Thn ( 3 Thn Full Spareparts + 5 Thn Free Oli, Jasa & Service 

OTR KREDIT : 1.495M
OTR CASH : 1.595M

Harga Negosiasi Setelah Datang Lihat Unit di Showroom Kami

Pembelian via cash / kredit.. Data luar kota bisa bantu proses, Tersedia jg Paket Total DP Ringan, Tenor hingga 6 tahun ( Proses 1 hari kerja saja )

Segera Rekomendasikan Keluarga / Teman / Kerabat Bapak & Ibu semua untuk membeli Mobil di AUTOHIGH dan dapatkan harga & kualitas terbaik dengan cara Share Link Iklan ini, Terima Kasih !!!

///AUTO HIGH BINTARO
** Bursa Mobil Bintaro A1 - A3
Bintaro Sektor 7, Tangerang Selatan
( Exit Tol Pondok Aren, samping Bank Permata Tower dan Dealer BMW Bestindo )

[[ GUNAKAN SELALU FITUR TELEPON & WHATS APP UNTUK KEAMANAN BERKOMUNIKASI, TERIMA KASIH ]]

Buka Setiap Hari : Pukul 9 Pagi s/d 6 Sore
( Sabtu / Minggu / Hari Libur Tetap Buka )

More Info, Please Call / SMS / Whats App : Pukul 8 Pagi s/d 11 Malam ( Setiap Hari )",Lexus,Lainnya,,Lainnya,0-5.000,1495000000.0
948194857,ODO 29rb Volkswagen VW Tiguan 1.4 TSI HighLine 2013 Terawat 2014,"ODO 29rb Volkswagen VW Tiguan 1.4 TSI HighLine 2013 Terawat 2014


**Low KM
**Pajak panjang


* NIK 2013, Faktur 2014
* Nopol B DKI Ganjil
* Surat2 an peorangan dr baru
* Pajak panjang smp bln 01 2027
* PKB 3,1jt/thn
* Low Odo 29rb miles = 48rb kilometer 
* Jarang pakai
* Service record bengkel resmi VW
* Interior full original
* Eksterior body mulus
* Mesin dan transmisi prima
* AC dingin
* Kaki2 senyap
* 4 ban tebal  
* Kunci serep fullset



**Volkswagen VW Tiguan 1.4 TSI HighLine 2013
- Mesin 1.4 TSI Turbo 
- Tenaga 148 hp dan Torsi 240 Nm
- Transmisi 6 speed DSG Dual Clutch
- Velg alloy R17 
- Lampu depan Bi Xenon
- DRL LED
- Headlamp washer
- Fog lamp depan
- Auto headlamp
- Rain sensing wiper
- Roof rail
- Spion elektrik
- Jok kulit
- Electric seat
- Dual zone climate control 
- Multi function steering wheel
- Cruise control
- Paddle shift
- MID
- HU touchscreen
- Bluetooth, AUX, USB
- 8 speaker
- Auto dimming
- 6 Airbags
- ABS / EBD / BA 
- ESP / ASR / TC
- Hill Hold Control
- ISOFIX
- Sensor parkir depan belakang
- TPMS
- Keyless entry
- Push Start Stop button
- Auto hold 
- Electric parking brake
- Tilt telescopic steering



Garansi WESTA AUTO :
1. Garansi bebas tabrak
2. Garansi bebas banjir
3. Garansi kilometer asli
4. Garansi surat2



Mobil terawat siap pakai 



OTR kredit 103,000,000
Balimor
Tenor 5thn
TDP 33jt
Angsuran 2,504,000 x 59bln TLO


Balimor
Tenor 4thn
TDP 35jt
Angsuran 2,795,000 x 47bln TLO


Balimor
Tenor 3thn
TDP 38jt
Angsuran 3,278,000 x 35bln TLO




HARGA CASH : 118,000,000 nego di tempat setelah liat unit



Lokasi : 
WESTA AUTO
Bursa oto season city
Lantai P5 blok F14
Mall Seasons City
Jakbar",Volkswagen,Lainnya,,Lainnya,25.000-30.000,103000000.0
947935658,DP RENDAH - Toyota Fortuner 2.8 4x2 GR Sport DSL Solar-AT 2024,".
DP RENDAH - Toyota Fortuner 2.8 4x2 GR Sport DSL Solar-AT 2024 Hitam 
.
Harga Cash : Hubungi Saya / Chat Me 
Harga Credit : Rp.  462,000,000 ,-
TDP :  55,000,000
Angsuran 4 Tahun : Rp. 13,900,000 ,-
Angsuran 5 Tahun silahkan hubungi untuk informasi lebih lanjut
.
Beli Mobil Terus Untung!!
Beli mobil dan dapatkan bonus saldo digital hingga Rp1.500.000!
*S&K berlaku
.
Keunggulan Unit
1. Pajak : July 2027
2. Odometer : 21.xxx 
3. Like New
4. Tangan Pertama
5. Atas nama  : Perorangan
6. Plat Genap
.
GRATIS HOME TEST DRIVE
.
Pembayaran Booking Fee / Pelunasan hanya melalui no rekening 2061/888/995 - BCA - an SERASI MITRA MOBIL PT

TDP promo hanya Berlaku jika:
- BI checking Bersih (tidak pernah ada keterlambatan pembayaran)
- Rumah Milik Pribadi
- Pemasukan/Gaji= 3x Angsuran.
*Bisa di bantu Rumah Kontrak dan BI checking bermasalah dengan TDP 30%* (S&K Berlaku)
.
Kunjungi kami di
OLXmobbi Bekasi
Jl. Jend. Sudirman No.1, Kranji, Kec. Bekasi Bar., Kota Bks, Jawa Barat KODE POS 81303
.
Rudi Hartono - Sales Advisor
OLXmobbi
Ahlinya Mobil Bekas Berkualitas",Toyota,Lainnya,,Lainnya,20.000-25.000,462000000.0
947989630,[ 4x4 - KM LOW ] Chery J6 J 6 IWD All Road EV AT 2023/2024/2025,"BELI MOBIL TANPA KHAWATIR BERGARANSI 5 TAHUN!

Chery J6 J 6 IWD 4x4 All Road EV AT Putih NIK 2024, PAJAK BULAN 1 (2027), ODOMETER 12RB KM Low !!
-
Focus Motor Belanja Mobil 26 Tahun Membangun Kepercayaan.
Nikmati standar baru kepemilikan mobil bekas dengan garansi komprehensif hingga 5 TAHUN untuk 155 KOMPONEN. BERSERTIFIKAT, BERPOLIS, dan didukung layanan CUSTOMER SERVICE PERSONAL untuk pengalaman berkendara yang aman dan tanpa khawatir.

Belanja Mobil bukan hanya menjual mobil bekas. Kami jual mobil bekas dengan RASA AMAN seperti mobil baru.

5 BELANJA MOBIL PROMISE : 
1. Mobil Terinspeksi 155 titik 
2. ⁠TERGARANSI 5 tahun 
3. ⁠Harga Transparan 
4. ⁠Jaminan Trade-in/Buyback 
5. ⁠After Sales yg baik (Mempunyai Customer Service Personal)

-UNIT 100% BEBAS TABRAK DAN BEBAS BANJIR (garansi uang kembali)
-Dokumen ABSAH
-BONUS! Free Detailing (pembersihan) 2x (1 tahun)
-
OTR KREDIT 445JT
OTR CASH by call / wa

*Bunga Premium*
Dp 158jt
Angs 10.137.000 x47 tlo

Dp 152jt
Angs 8.890.500 x59 tlo

UNTUK REQUEST DP / HITUNGAN LAIN, SILAKAN HUBUNGI KAMI

Harga kredit tertera adalah harga minimal kredit dengan tenor 4 & 5 tahun, diluar itu mengikuti harga Cash (karena kami mensubsidi refund bunga kepada anda)
-
Spesifikasi :
* Tangan Pertama dari Baru, PT
* Wall & Portable Charger Tersedia
* Advance Driving Assistant System (ADAS)
* Electric Panoramic Sunroof
* Infinity Sound System
* Battery Capacity 69.77 kwh 279 PS (220 Nm) Lithium Iron Phosphate Battery
* Jarak Tempuh 418 KM
* Fast Charge 30-80% 30 Menit
* Drive Mode : Eco, Normal, Sports, All Road, Slippery, Sand, Muddy, Bumpy, Custom
* Keyless Start Stop Engine
* Intelligent Voice Assistant
* Wireless Charging, Ambience Light Multi Colour
* Electric Tilt & Telescopic Steering
* Audio Steering Switch
* MID Instrument Cluster
* 15.6 inches Touch Saacreen With Apple Carplay And Android Auto
* Electric Leather Seat
* Automatic LED Headlight With DRL
* LED Matrix Vision Rear Lamp
* 6Airbags, ABS, BA, EBD, HSA, HDC COMPLETE SAFETY CAR
* 540 HD View Parking Camera, Parking Sensors
* Electric Parking Brake, Electric Brake Hold, Vehicle Stability Control
* Kaca Film UFilm
* Buku Manual, Buku Service Tersedia

LOKASI : Bursa Otomotif Mangga Dua Square, Focus Motor, Jakarta Utara. (PNR) (A)",Chery,Lainnya,,Lainnya,10.000-15.000,445000000.0
947935652,DP RENDAH - Toyota Rush 1.5 TRD Sportivo Bensin-AT 2019,".
DP RENDAH - Toyota Rush 1.5 TRD Sportivo Bensin-AT 2019 Coklat 
.
Harga Cash : Hubungi Saya / Chat Me 
Harga Credit : Rp.  190,000,000 ,-
TDP :  19,000,000
Angsuran 4 Tahun : Rp. 5,900,000 ,-
Angsuran 5 Tahun silahkan hubungi untuk informasi lebih lanjut
.
Beli Mobil Terus Untung!!
Beli mobil dan dapatkan bonus saldo digital hingga Rp1.500.000!
*S&K berlaku
.
Keunggulan Unit
1. Pajak : April 2027
2. Odometer : 79.xxx 
3. Like New
4. Tangan Pertama
5. Atas nama  : Perorangan
6. Plat Ganjil
.
GRATIS HOME TEST DRIVE
.
Pembayaran Booking Fee / Pelunasan hanya melalui no rekening 2061/888/995 - BCA - an SERASI MITRA MOBIL PT

TDP promo hanya Berlaku jika:
- BI checking Bersih (tidak pernah ada keterlambatan pembayaran)
- Rumah Milik Pribadi
- Pemasukan/Gaji= 3x Angsuran.
*Bisa di bantu Rumah Kontrak dan BI checking bermasalah dengan TDP 30%* (S&K Berlaku)
.
Kunjungi kami di
OLXmobbi Bekasi
Jl. Jend. Sudirman No.1, Kranji, Kec. Bekasi Bar., Kota Bks, Jawa Barat KODE POS 79701
.
Rudi Hartono - Sales Advisor
OLXmobbi
Ahlinya Mobil Bekas Berkualitas",Toyota,Lainnya,,Lainnya,75.000-80.000,190000000.0
948099648,[ GARANSI 5THN 4x4 LOW KM ] Lexus LX570 LX 570 Sport V8 2015/2016/2017,"BELI MOBIL TANPA KHAWATIR BERGARANSI 5 TAHUN!

Lexus LX570 LX 570 Sport 4x4 V8 AT Black On Beige NIK 2016, PAJAK BULAN 2 (2025), ODOMETER VERY LOW 40RB AN KM
-
Focus Motor Belanja Mobil 26 Tahun Membangun Kepercayaan.
Nikmati standar baru kepemilikan mobil bekas dengan garansi komprehensif hingga 5 TAHUN untuk 155 KOMPONEN. BERSERTIFIKAT, BERPOLIS, dan didukung layanan CUSTOMER SERVICE PERSONAL untuk pengalaman berkendara yang aman dan tanpa khawatir.

Belanja Mobil bukan hanya menjual mobil bekas. Kami jual mobil bekas dengan RASA AMAN seperti mobil baru.

5 BELANJA MOBIL PROMISE :
1. Mobil Terinspeksi 155 titik
2. ⁠TERGARANSI 5 tahun
3. ⁠Harga Transparan
4. ⁠Jaminan Trade-in/Buyback
5. ⁠After Sales yg baik (Mempunyai Customer Service Personal)

-UNIT 100% BEBAS TABRAK DAN BEBAS BANJIR (garansi uang kembali)
-Dokumen ABSAH
-BONUS! Free Detailing (pembersihan) 2x (1 tahun)
-
OTR KREDIT 1,100 M
OTR CASH ASK

Bunga Premium
Dp 207jt
Angs 33.320,000 x47 tlo

Dp 186jt
Angs 29.451,000 x59 tlo

UNTUK REQUEST DP / HITUNGAN LAIN, SILAKAN HUBUNGI KAMI

Harga kredit tertera adalah harga minimal kredit dengan tenor 4 & 5 tahun, diluar itu mengikuti harga Cash (karena kami mensubsidi refund bunga kepada anda)
-
Spesifikasi :
* Panoramic Sunroof
* MARK LEVINSON Sound System
* Engine 5.700 cc 362 Hp (530 Nm) V8
* Drive Select : ECO, SPORT, SPORT+, NORMAL, CRAWL Control
* 8 Speed Automatic Transmission
* MID Digital with Audio Steering Wheel
* Paddle Shift & Cruise Control
* AC Digital Quad Zone
* 2TV Rear Entertainment System
* Infotainment System Touchscreen Navigasi, Multimedia, Phone Connection With Command Control
* Electric Leather Seats With Memory Seat, Heater + Cooler Seat
* Tri LED Projector Headlamp
* LED Tail Light
* SRS Airbags, ABS, EBD, BA, VSC, TRC, COMPLETE SAFETY CAR
* 360 View Parking Camera, Blind Spot Monitoring, Parking Sensor
* Power Back Door
* Air Suspension

LOKASI : Bursa Otomotif Mangga Dua Square, Focus Motor, Jakarta Utara (TKL) (BNT)",Lexus,Lainnya,,Lainnya,35.000-40.000,1100000000.0
947668872,Hyundai Ioniq 5 EV Signature Long Range 2023 / 2024,"Hyundai Ioniq 5 EV
Signature Long Range 2023 / 2024

NIK 2023 Faktur 2024
Pajak 07 2027
Odo 29rb Kilometer
Plat B Genap
Hyundai SOS System
Hyundai Bluelink System
Signature Long Range
Titan Grey Metallic
Tangan Pertama

HMI Warranty:
Spareparts - Feb 2027
EV Battery - Feb 2032

Spec:
72.6kWh Li-Ion Battery
Liquid Cooled Lithium-Ion
Single Speed Reduction Gear
EV Range 451KM+*
217ps 350Nm 
Shift-by-wire transmission
Regenerative braking
Drive modes
Apple Carplay / Android Auto
Hyundai SmartSense
Bose Premium Sound system
Premium Leather Seats
Panoramic roof
Hyundai Driving Assist
Hyundai Bluelink System
Hyundai SOS System
Active Radar System
Lane Keep Assist (LKA,LDW)
Blind spot monitoring
EV Energy monitor

KHUSUS paket kredit
DP Rendah:
OTR 435
TDP 159
Angs 10,086,000 (4th)
Angs 8,459,000 (5th)
Asuransi Kombinasi 

KHUSUS Promo
Bunga 0% (Limited offer)
TDP 339
Angs 16,267,000 (1th)
Asuransi TLO

*Bonus*:
1. Free Premium detailing interior exterior dan mesin.
2. Free fogging anti bacterial n virus.
3. Garansi mesin dan transmisi 1th by Otospector
4. ⁠Emergency Towing coverage.
5. ⁠Free Jasa Service seumur hidup.
6. Garansi sertifikat lulus Inspeksi by Otospector.

Promo Special:
1. *PROMO BUNGA 0%*
2. *PROMO BUNGA RENDAH BCAF*
3. *PROMO TDP RENDAH*

Cash 488

Lokasi: Garasi Bloko",Hyundai,Lainnya,,Lainnya,25.000-30.000,435000000.0
947935673,DP RENDAH - Toyota Calya 1.2 G Bensin-AT 2021,".
DP RENDAH - Toyota Calya 1.2 G Bensin-AT 2021 Hitam 
.
Harga Cash : Hubungi Saya / Chat Me 
Harga Credit : Rp.  122,000,000 ,-
TDP :  11,000,000
Angsuran 4 Tahun : Rp. 3,900,000 ,-
Angsuran 5 Tahun silahkan hubungi untuk informasi lebih lanjut
.
Beli Mobil Terus Untung!!
Beli mobil dan dapatkan bonus saldo digital hingga Rp1.500.000!
*S&K berlaku
.
Keunggulan Unit
1. Pajak : December 2026
2. Odometer : 80.xxx 
3. Like New
4. Tangan Pertama
5. Atas nama  : Perorangan
6. Plat Genap
.
GRATIS HOME TEST DRIVE
.
Pembayaran Booking Fee / Pelunasan hanya melalui no rekening 2061/888/995 - BCA - an SERASI MITRA MOBIL PT

TDP promo hanya Berlaku jika:
- BI checking Bersih (tidak pernah ada keterlambatan pembayaran)
- Rumah Milik Pribadi
- Pemasukan/Gaji= 3x Angsuran.
*Bisa di bantu Rumah Kontrak dan BI checking bermasalah dengan TDP 30%* (S&K Berlaku)
.
Kunjungi kami di
OLXmobbi Bekasi
Jl. Jend. Sudirman No.1, Kranji, Kec. Bekasi Bar., Kota Bks, Jawa Barat KODE POS 82060
.
Rudi Hartono - Sales Advisor
OLXmobbi
Ahlinya Mobil Bekas Berkualitas",Toyota,Lainnya,,Lainnya,80.000-85.000,122000000.0
947767571,DP10% [Km6.000] Voxy 2025 Black Reg 2024 #AUTOHIGH,"TOYOTA VOXY 2025 BLACK ON BLACK
Km.6.000 Antik!! , Stnk Bulan 09 ( NIK.2025 )
- Monitor Screen + Rear TV Entertaiment
- Apple Car Play + 4 Camera
- Speedometer HUD
- Captain Seat
- ⁠Optional Leather Seat
- Double Electric Sliding Doors
- TSS + Kick Sensor
- Bagasi Power Back Door
- Warranty ATPM Toyota

OTR KREDIT : 495JT

Harga Negosiasi Setelah Datang Lihat Unit di Showroom Kami

Pembelian via cash / kredit.. Data luar kota bisa bantu proses, Tersedia jg Paket Total DP Ringan, Tenor hingga 6 tahun ( Proses 1 hari kerja saja )

Segera Rekomendasikan Keluarga / Teman / Kerabat Bapak & Ibu semua untuk membeli Mobil di AUTOHIGH dan dapatkan harga & kualitas terbaik dengan cara Share Link Iklan ini, Terima Kasih !!!

///AUTO HIGH BINTARO
** Bursa Mobil Bintaro A1 - A3
Bintaro Sektor 7, Tangerang Selatan
( Exit Tol Pondok Aren, samping Bank Permata Tower dan Dealer BMW Bestindo )

[[ GUNAKAN SELALU FITUR TELEPON & WHATS APP UNTUK KEAMANAN BERKOMUNIKASI, TERIMA KASIH ]]

Buka Setiap Hari : Pukul 9 Pagi s/d 6 Sore
( Sabtu / Minggu / Hari Libur Tetap Buka )

More Info, Please Call / SMS / Whats App : Pukul 8 Pagi s/d 11 Malam ( Setiap Hari )",Toyota,Lainnya,,Lainnya,0-5.000,495000000.0
947935668,DP RENDAH - Daihatsu Xenia 1.5 R ADS Bensin-AT 2021,".
DP RENDAH - Daihatsu Xenia 1.5 R ADS Bensin-AT 2021 Abu-Abu 
.
Harga Cash : Hubungi Saya / Chat Me 
Harga Credit : Rp.  172,000,000 ,-
TDP :  17,000,000
Angsuran 4 Tahun : Rp. 5,400,000 ,-
Angsuran 5 Tahun silahkan hubungi untuk informasi lebih lanjut
.
Beli Mobil Terus Untung!!
Beli mobil dan dapatkan bonus saldo digital hingga Rp1.500.000!
*S&K berlaku
.
Keunggulan Unit
1. Pajak : December 2026
2. Odometer : 96.xxx 
3. Like New
4. Tangan Pertama
5. Atas nama  : Perorangan
6. Plat Ganjil
.
GRATIS HOME TEST DRIVE
.
Pembayaran Booking Fee / Pelunasan hanya melalui no rekening 2061/888/995 - BCA - an SERASI MITRA MOBIL PT

TDP promo hanya Berlaku jika:
- BI checking Bersih (tidak pernah ada keterlambatan pembayaran)
- Rumah Milik Pribadi
- Pemasukan/Gaji= 3x Angsuran.
*Bisa di bantu Rumah Kontrak dan BI checking bermasalah dengan TDP 30%* (S&K Berlaku)
.
Kunjungi kami di
OLXmobbi Bekasi
Jl. Jend. Sudirman No.1, Kranji, Kec. Bekasi Bar., Kota Bks, Jawa Barat KODE POS 82107
.
Rudi Hartono - Sales Advisor
OLXmobbi
Ahlinya Mobil Bekas Berkualitas",Daihatsu,Lainnya,,Lainnya,95.000-100.000,172000000.0
948194799,[ GARANSI 5THN ] Denza D9 D 9 Elite FWD 4x2 EV 2024/2025/2026,"BELI MOBIL TANPA KHAWATIR BERGARANSI 5 TAHUN!

Denza D9 D 9 Elite FWD 4x2 EV AT White On White NIK 2025, PAJAK BULAN 5 (2027), ODOMETER 15RB KM RECORD AUTHORIZED

*GARANSI DENZA 6TH ATAU 150,000 KM & BATERAI 8TH ATAU 160,000 KM*
-
Focus Motor Belanja Mobil 26 Tahun Membangun Kepercayaan.
Nikmati standar baru kepemilikan mobil bekas dengan garansi komprehensif hingga 5 TAHUN untuk 155 KOMPONEN. BERSERTIFIKAT, BERPOLIS, dan didukung layanan CUSTOMER SERVICE PERSONAL untuk pengalaman berkendara yang aman dan tanpa khawatir.

Belanja Mobil bukan hanya menjual mobil bekas. Kami jual mobil bekas dengan RASA AMAN seperti mobil baru.

5 BELANJA MOBIL PROMISE :
1. Mobil Terinspeksi 155 titik
2. TERGARANSI 5 tahun
3. Harga Transparan
4. Jaminan Trade-in/Buyback
5. After Sales yg baik (Mempunyai Customer Service Personal)

-UNIT 100% BEBAS TABRAK DAN BEBAS BANJIR (garansi uang kembali)
-Dokumen ABSAH
-BONUS! Free Detailing (pembersihan) 2x (1 tahun)
-
OTR KREDIT 755JT
OTR CASH BY CALL

Bunga Premium
Dp 259jt
Angs 17,114,500 x47 tlo

Dp 250jt
Angs 14,818,500 x59 tlo

UNTUK REQUEST DP / HITUNGAN LAIN, SILAKAN HUBUNGI KAMI

Harga kredit tertera adalah harga minimal kredit dengan tenor 4 & 5 tahun, diluar itu mengikuti harga Cash (karena kami mensubsidi refund bunga kepada anda)
-
Spesifikasi :
* Tangan Pertama Dari Baru, Pribadi
* Wall & Portable Charger Tersedia
* BYD Blade (LFP) Battery 103.36 kWh 230 kW (360 Nm)
* 10 Minute Charge Range 150 KM
* Pure Electric Range NEDC 600 KM
* 0-100km/h Acceleration On 9,5 s
* Dynaudio 14 Speaker
* Electric Panoramic Sunroof
* DRIVER ASSISTANCE SYSTEMS : ACC, AEB, BSD, IHBC, FCW, RCW, RCTA, ICC, RCTB, ELKA, TSR
* ULTRA-INTELLIGENT INTERACTIVE COCKPIT : 15.6-inch Integrated Apple Carplay & Android Auto With 10.25-inch Full LCD 3D Dashboard
* AC Digital Triple Zone
* Ambience Light Multi Colour, Wireless Charging
* Electric Leather Seat With Memory Seat + Multi Function Dual LCD Screen (Middle Row)
* Full LED Headlamp With DRL
* LED Tail Light
* 360 Surround Camera, Parking Sensor
* Power Back Door
* Kaca Film Vkool
* Buku Service, NFC Card, Kunci Cadangan Tersedia


LOKASI : Focus Motor Bintaro, Bursa Otomotif Bintaro, Tangerang Selatan (UNV) (BNT)",Denza,Lainnya,,Lainnya,15.000-20.000,755000000.0
947937655,Bunga 0% DP50% LowOdo 19rb Alphard 2.5 G NEW MODEL 2024 2023 VELLFIRE,"Paket Smart Cashflow. Bunga 0% DP 50%. Sisa Flat 12x
Instant Approval Test Drive Hari ini Besok Delivery
Garansi Otospector sd 2027. Siap Gencheck

Please welcome
*TOYOTA ALPHARD 2.5 G NEW MODEL*

*NIK 2023*
Sparkling Black Pearl
Engine 2.500 CC
ODO 19.XXX KM 
Tax Januari

*Additional Information:*
- GPS Indonesia
- Touch Screen LCD Monitor Display
- Rear Seat Netertainment System (Roof Monitor)
- Dual Electric Sliding Door
- Electric & Memory Seat
- Heated & Ventilated Seat
- Rear Panoramic Roof
- Digital Instrument Panel
- JBL Audio System
- 360 All View Camera
- Power Backdoor

*Harga Kredit 1.115 M*
*Harga Cash 1.175 M*

PROMO
Paket Smart Cashflow
Bunga 0% Murni
Cukup Tdp 50%
Sisanya Flat Prorate 12x
Tenor Fixed 1 Tahun
Bebas Admin, Fiducia & Provisi

Untuk janjian test drive/kirim orang untuk inspeksi
Contact : Steve 0878/1112/2010

*GARANSI Uang Kembali 1000%*
Lulus inspeksi @otospector
Bebas Banjir & Bebas Major Accident
Record mobil sesuai odometer
Dokumen mobil asli keabsahannya

Cek variasi stok unit di Instagram 
@chrisauto_garage
@chrisauto_official

Chris Auto Garage | CAG
Bursa Otomotif Sunter 
Blok D2-D3 | Blok C1A- 1B
(Masuk Pintu 5 Lurus Paling Ujung) 
Jl. Yos Sudarso Kav 87-88
Jakarta Utara
(Search Google Map -> Ketik Chris Auto Garage) 

Operational Hour
(Minggu / Tanggal Merah TETAP BUKA)
Senin - Sabtu 08.00-17.30
Minggu 10.00-16.00
Diluar jam operasional tetap kami layani by appointment",Toyota,Lainnya,,Lainnya,15.000-20.000,1115000000.0
946188298,RANGE ROVER VELAR P250 R-DYNAMIC 2022 GREY ON BLACK,"RANGE ROVER VELAR P250 R-DYNAMIC 2022 GREY ON BLACK

KM 3.000
PAJAK BULAN 08

- 2.0L 4-silinder Turbocharged / Petrol / 247 Hp / 365 Nm
- 8 Speed Automatic Transmission 
- Meridian sound system
- All wheel drive
- 11.4 inch touchscreen monitor
- Andriod auto & Apple carplay
- Panoramic roof
- 21 inch wheels
- Lane keep assist
- Air suspension 
- Surround camera
- Warranty ATPM",Land Rover,Lainnya,,Lainnya,0-5.000,1485000000.0
947910310,GWM Tank 500 hybrid At 2023,"GWM TANK 5000 HYBRID

AN Perorangan 
Plat F
Pajak bulan 2
Km 48rbqn
Ac dingin
Interior rapih
Kaki kaki aman

Harga cash langsung chat aja ya
Tertera diiklan itu harga otr kredit

KREDIT VIA KKB, KPM DLL MENGIKUTI OTR CASH
DATA LUAR K0TA BISA DIBANTU PROSES
MELAYANI PEMBELIAN CASH/KREDIT & TUKAR TAMBAH
PERSAYARATAN KREDIT:KTP, KK, NPWP, PBB, SK KERJA/USAHA, MUTASI REK TAB 3 BLN


- Jaminan Mobil Tidak Bekas Nabrak
- Jaminan Mobil Tidak Bekas Banjir
- Jaminan Keabsahan Dokumen
- Jaminan Kilometer Asli Tidak Putar2
- Jaminan Dp Kembali Full Apabila Data Ditolak Leasing

Hub tika sns auto
Bursa mobil MGK",GWM,Lainnya,,Lainnya,45.000-50.000,735000000.0
945841252,MINI COOPER COUNTRYMAN 2.0 S 2023 SAGE GREEN ON BLACK,"MINI COOPER COUNTRYMAN 2.0 S 2023 SAGE GREEN ON BLACK

KM 4.000
PAJAK BULAN 12
PLAT B 

- Engine 2.0-liter Turbocharged / Petrol / 189 HP / 280 NM 
- 7-speed dual-clutch automatic (Steptronic)
- Engine Start Stop
- Electric Seat + Memory Seat
- Rear Camera 
- GPS Navigation
- Panoramic 
- 18"" Alloy Wheels",Mini,Lainnya,,Lainnya,0-5.000,775000000.0
948194632,"Honda H-RV, Tahun 2022, Transmisi Automatic","Honda H-RV
1489 cc
HR-V 1.5L CVT
Tahun 2022
76812km
Warna Putih Mutiara
Transmisi Automatic",Honda,Lainnya,,Lainnya,75.000-80.000,256000000.0
945842747,VOLVO XC60 T8 AWD RECHARGE FACELIFT 2024 CRYSTAL WHITE ON BLACK,"VOLVO XC60 T8 AWD RECHARGE FACELIFT 2024 CRYSTAL WHITE ON BLACK

KM 9.000
PAJAK BULAN 04 2027
PLAT B

- Engine 2.0 Plug in Hybrid / 455 HP / 709 NM 
- FACELIFT new grille & Thor's Hammer Headlamp
- 18.8kWh Phev Batery
- 12.3""Google built-in monitor
- Orrefors Sweden Crystal Gearshift
- Engine start/stop button
- Drive mode : Hybrid, Power, Pure, Off-Road, Constant AWD
- Digital Speedometer
- Adaptive Cruise Control
- Dual Zone AC climate
- Electric Parking Brake
- Audio by Bowers&Wilkins
- Black Leather + Memory Seat
- Apple Car Play / Android Auto
- GPS Indonesia
- Camera 360°
- Wireless Charging
- Panoramic Sunroof
- HUD (Head Up Display)
- Electric + Memory Seat
- Power Back Door 
- Service record ATPM",Volvo,Lainnya,,Lainnya,5.000-10.000,885000000.0
947727539,KM35RB ANTIK MERCEDES BENZ S300 L 2012 / 2013 FACELIFT HITAM,"MERCEDES BENZ S300L FACELIFT HITAM
-NIK 2012 PEMAKAIAN 2013
-KM35RB (ASLI , BUKAN MILES YA)
-RSE MONITOR
-SUNROOF
-VACUUM DOOR
-AIRSUS NORMAL SEMUA
-JOK KULIT MASI RAPI DAN MASI BAU BAWAAN PABRIK
-DRL LIGHT
-PERFECT CONDITION

HARGA KREDIT 228JT
TDP CUKUP 44JT SAJA

LOKASI
JL FATMAWATI RAYA NO 83B 
BRYAN AUTO GALLERY",Mercedes-Benz,Lainnya,,Lainnya,30.000-35.000,228000000.0
945078986,VOLVO XC60 T8 AWD RECHARGE FACELIFT 2024 BLACK ON BLACK,"VOLVO XC60 T8 AWD RECHARGE FACELIFT 2024 BLACK ON BLACK

KM 10.000
PAJAK BULAN 04 2027

- Engine 2.0 Plug in Hybrid / 455 HP / 709 NM 
- FACELIFT new grille & Thor's Hammer Headlamp
- 18.8kWh Phev Batery
- 12.3""Google built-in monitor
- Orrefors Sweden Crystal Gearshift
- Engine start/stop button
- Drive mode : Hybrid, Power, Pure, Off-Road, Constant AWD
- Digital Speedometer
- Adaptive Cruise Control
- Dual Zone AC climate
- Electric Parking Brake
- Audio by Bowers&Wilkins
- Black Leather + Memory Seat
- Apple Car Play / Android Auto
- GPS Indonesia
- Camera 360°
- Wireless Charging
- Panoramic Sunroof
- HUD (Head Up Display)
- Electric + Memory Seat
- Power Back Door 
- Service record ATPM",Volvo,Lainnya,,Lainnya,10.000-15.000,885000000.0
948194514,DP10% [Km17.000] 520i Luxury 2019 White Reg 2021 #AUTOHIGH,"BMW 520i LUXURY 2019/2020 NEW PROFILE G30 WHITE ON BLACK
Km.17.000 Antik!! , Stnk Bulan 02 Register 2020 ( NIK.2019 ) 
- Monitor Screen
- Rear Camera
- GPS Indonesia
- Sunroof
- Engine Start Button
- ECO Mode Auto Start Stop
- Electric Seat Kiri-Kanan
- Velg Smoke Chrome Black
- Full List Chrome Body
- Bagasi Power Back Doors
- Service Record BMW Indonesia

OTR KREDIT : 485JT
OTR CASH : 535JT

Harga Negosiasi Setelah Datang Lihat Unit di Showroom Kami

Pembelian via cash / kredit.. Data luar kota bisa bantu proses, Tersedia jg Paket Total DP Ringan, Tenor hingga 6 tahun ( Proses 1 hari kerja saja )

Segera Rekomendasikan Keluarga / Teman / Kerabat Bapak & Ibu semua untuk membeli Mobil di AUTOHIGH dan dapatkan harga & kualitas terbaik dengan cara Share Link Iklan ini, Terima Kasih !!!

///AUTO HIGH BINTARO
** Bursa Mobil Bintaro A1 - A3
Bintaro Sektor 7, Tangerang Selatan
( Exit Tol Pondok Aren, samping Bank Permata Tower dan Dealer BMW Bestindo )

[[ GUNAKAN SELALU FITUR TELEPON & WHATS APP UNTUK KEAMANAN BERKOMUNIKASI, TERIMA KASIH ]]

Buka Setiap Hari : Pukul 9 Pagi s/d 6 Sore
( Sabtu / Minggu / Hari Libur Tetap Buka )

More Info, Please Call / SMS / Whats App : Pukul 8 Pagi s/d 11 Malam ( Setiap Hari )",BMW,Lainnya,,Lainnya,5.000-10.000,485000000.0
948194499,‼️HYUNDAI CRETA PRIME TWO TONE‼️MOBIL TERAWAT & SIAP PAKAI.,"‼️ ‼️
Siapa Cepat Dia Dapat, Karena Mobil Kita Fast Moving
Data Dibantu Sampai Approve
Siap Pakai & Terawat

HYUNDAI CRETA PRIME TWO TONE 

Nik & Reg 2022
Warna Putih 
Nopol B Ganjil 
KM  58 RB 
Tax On 03/27
Dokumen, Buku2 & Kunci Serep Lengkap
Kaki-Kaki Nyaman & Senyap Tidak Ada Bunyi
Kondisi Mobil Sangat Istimewa Siap Pakai Tanpa Perbaikan Apapun

Harga Khusus OTR Credit : Rp. 239,000,000
TDP : Rp. 
Angsuran 5 Tahun : Rp. 
Harga Di Iklan Khusus Paket Kredit 4/5 Tahun 
*HARGA CASH BISA LANSUNG WA / TELP*

Syarat Kredit : KTP, KK, NPWP, PBB, SK Kerja/Usaha, Mutasi Rek 3 Bulan Terakhir

Hubungi : SHAWN
Wa / Telp : nol+82118266790
Mega Glodok Kemayoran - Jakarta Pusat",Hyundai,Lainnya,,Lainnya,55.000-60.000,239000000.0
946749191,DP10% [Km7.000] GLA200 AMG 2018 Black / GLA 200 Reg 2017 #AUTOHIGH,"MERCEDES BENZ GLA200 SPORT AMG 2018 FACELIFT BLACK ON BLACK
Km.7.000 Antik!! , Stnk Bulan 12 ( NIK.2018 )
- Monitor + Rear Camera
- AMG Package ( Velg + Bodykit ) 
- Electric Seat + Memory Seat
- Panoramic Sunroof
- Keyless + Engine Start Button 
- Bagasi Power Back Door
- Perseneling di Setir
- ECO Mode Auto Start-Stop
- Service Record ATPM Mercedes Benz

OTR KREDIT : 415JT
OTR CASH : 465JT

Harga Negosiasi Setelah Datang Lihat Unit di Showroom Kami

Pembelian via cash / kredit.. Data luar kota bisa bantu proses, Tersedia jg Paket Total DP Ringan, Tenor hingga 6 tahun ( Proses 1 hari kerja saja )

Segera Rekomendasikan Keluarga / Teman / Kerabat Bapak & Ibu semua untuk membeli Mobil di AUTOHIGH dan dapatkan harga & kualitas terbaik dengan cara Share Link Iklan ini, Terima Kasih !!!

///AUTO HIGH BINTARO
** Bursa Mobil Bintaro A1 - A3
Bintaro Sektor 7, Tangerang Selatan
( Exit Tol Pondok Aren, samping Bank Permata Tower dan Dealer BMW Bestindo )

[[ GUNAKAN SELALU FITUR TELEPON & WHATS APP UNTUK KEAMANAN BERKOMUNIKASI, TERIMA KASIH ]]

Buka Setiap Hari : Pukul 9 Pagi s/d 6 Sore
( Sabtu / Minggu / Hari Libur Tetap Buka )

More Info, Please Call / SMS / Whats App : Pukul 8 Pagi s/d 11 Malam ( Setiap Hari )",Mercedes-Benz,Lainnya,,Lainnya,0-5.000,415000000.0
947935663,DP RENDAH - Honda Brio 1.2 RS Bensin-AT 2021,".
DP RENDAH - Honda Brio 1.2 RS Bensin-AT 2021 Abu-Abu 
.
Harga Cash : Hubungi Saya / Chat Me 
Harga Credit : Rp.  159,000,000 ,-
TDP :  15,000,000
Angsuran 4 Tahun : Rp. 5,000,000 ,-
Angsuran 5 Tahun silahkan hubungi untuk informasi lebih lanjut
.
Beli Mobil Terus Untung!!
Beli mobil dan dapatkan bonus saldo digital hingga Rp1.500.000!
*S&K berlaku
.
Keunggulan Unit
1. Pajak : April 2027
2. Odometer : 46.xxx 
3. Like New
4. Tangan Pertama
5. Atas nama  : Perorangan
6. Plat Genap
.
GRATIS HOME TEST DRIVE
.
Pembayaran Booking Fee / Pelunasan hanya melalui no rekening 2061/888/995 - BCA - an SERASI MITRA MOBIL PT

TDP promo hanya Berlaku jika:
- BI checking Bersih (tidak pernah ada keterlambatan pembayaran)
- Rumah Milik Pribadi
- Pemasukan/Gaji= 3x Angsuran.
*Bisa di bantu Rumah Kontrak dan BI checking bermasalah dengan TDP 30%* (S&K Berlaku)
.
Kunjungi kami di
OLXmobbi Bekasi
Jl. Jend. Sudirman No.1, Kranji, Kec. Bekasi Bar., Kota Bks, Jawa Barat KODE POS 81481
.
Rudi Hartono - Sales Advisor
OLXmobbi
Ahlinya Mobil Bekas Berkualitas",Honda,Lainnya,,Lainnya,45.000-50.000,159000000.0
948019780,[GARANSI 5THN LOW KM] Kia Sonet 1.5 Dynamic Sunroof AT 2021/2022/2023,"BELI MOBIL TANPA KHAWATIR BERGARANSI 5 TAHUN!

Kia Sonet 1.5 Dynamic Sunroof AT Merah Metalik NIK 2022, PAJAK BULAN 10 (2026), ODOMETER ANTIK VERY LOW 13RB KM
-
Focus Motor Belanja Mobil 26 Tahun Membangun Kepercayaan.
Nikmati standar baru kepemilikan mobil bekas dengan garansi komprehensif hingga 5 TAHUN untuk 155 KOMPONEN. BERSERTIFIKAT, BERPOLIS, dan didukung layanan CUSTOMER SERVICE PERSONAL untuk pengalaman berkendara yang aman dan tanpa khawatir.

Belanja Mobil bukan hanya menjual mobil bekas. Kami jual mobil bekas dengan RASA AMAN seperti mobil baru.

5 BELANJA MOBIL PROMISE :
1. Mobil Terinspeksi 155 titik
2. ⁠TERGARANSI 5 tahun
3. ⁠Harga Transparan
4. ⁠Jaminan Trade-in/Buyback
5. ⁠After Sales yg baik (Mempunyai Customer Service Personal)

-UNIT 100% BEBAS TABRAK DAN BEBAS BANJIR (garansi uang kembali)
-Dokumen ABSAH
-BONUS! Free Detailing (pembersihan) 2x (1 tahun)
-
OTR KREDIT 185JT
OTR CASH BY CALL / WA

DP Minim
Dp 32jt
Angs 6.053.000 x47 tlo

Dp 28jt
Angs 5.343.500 x59 tlo

Bunga Premium
Dp 42jt
Angs 5.553.000 x47 tlo

Dp 38jt
Angs 4.874.000 x59 tlo

UNTUK REQUEST DP / HITUNGAN LAIN, SILAKAN HUBUNGI KAMI

Harga kredit tertera adalah harga minimal kredit dengan tenor 4 & 5 tahun, diluar itu mengikuti harga Cash (karena kami mensubsidi refund bunga kepada anda)
-
Spesifikasi :
* Tangan Pertama Dari Baru, Pribadi
* Electric Sunroof
* Engine 1.5 Gasoline Automatic
* Keyless Start Stop Engine
* Electric Retract Mirror
* Cruise Control, Audio Steering Switch
* MID DIgital
* Headunit LCD Touchscreen Multimedia With Phone Connection
* Adjustable Leather Seat
* LED Multireflector Headlamp With DRL, Foglamp
* SRS Airbags, ABS, EBD, BA, ESC, HSA COMPLETE SAFETY CAR
* Rear Parking Camera, Parking Sensors, Traction Control System
* Kaca Film Solar Gard

LOKASI : Bursa Otomotif Mangga Dua Square, Focus Motor, Jakarta Utara. (CIA) (B)",Kia,Lainnya,,Lainnya,10.000-15.000,185000000.0
947935679,DP RENDAH - Toyota Avanza 1.5 New G Bensin-AT 2021,".
DP RENDAH - Toyota Avanza 1.5 New G Bensin-AT 2021 Silver 
.
Harga Cash : Hubungi Saya / Chat Me 
Harga Credit : Rp.  179,000,000 ,-
TDP :  18,000,000
Angsuran 4 Tahun : Rp. 5,600,000 ,-
Angsuran 5 Tahun silahkan hubungi untuk informasi lebih lanjut
.
Beli Mobil Terus Untung!!
Beli mobil dan dapatkan bonus saldo digital hingga Rp1.500.000!
*S&K berlaku
.
Keunggulan Unit
1. Pajak : January 2027
2. Odometer : 88.xxx 
3. Like New
4. Tangan Pertama
5. Atas nama  : Perorangan
6. Plat Ganjil
.
GRATIS HOME TEST DRIVE
.
Pembayaran Booking Fee / Pelunasan hanya melalui no rekening 2061/888/995 - BCA - an SERASI MITRA MOBIL PT

TDP promo hanya Berlaku jika:
- BI checking Bersih (tidak pernah ada keterlambatan pembayaran)
- Rumah Milik Pribadi
- Pemasukan/Gaji= 3x Angsuran.
*Bisa di bantu Rumah Kontrak dan BI checking bermasalah dengan TDP 30%* (S&K Berlaku)
.
Kunjungi kami di
OLXmobbi Bekasi
Jl. Jend. Sudirman No.1, Kranji, Kec. Bekasi Bar., Kota Bks, Jawa Barat KODE POS 83224
.
Rudi Hartono - Sales Advisor
OLXmobbi
Ahlinya Mobil Bekas Berkualitas",Toyota,Lainnya,,Lainnya,85.000-90.000,179000000.0
948062291,[ LOW KM 16RB ] Mercedes Benz Mercy GLA200 GLA 200 AMG 2021/2022/2023,"FOR SALE

BELI MOBIL TANPA KHAWATIR BERGARANSI 5 TAHUN!

Mercedes Benz Mercy GLA200 GLA 200 AMG Line H247 CKD AT Hitam NIK 2022, PAJAK BULAN 8 (2026), ODOMETER VERY LOW 16RB KM
-
Focus Motor Belanja Mobil 26 Tahun Membangun Kepercayaan.
Nikmati standar baru kepemilikan mobil bekas dengan garansi komprehensif hingga 5 TAHUN untuk 155 KOMPONEN. BERSERTIFIKAT, BERPOLIS, dan didukung layanan CUSTOMER SERVICE PERSONAL untuk pengalaman berkendara yang aman dan tanpa khawatir.
-

-UNIT 100% BEBAS TABRAK DAN BEBAS BANJIR (garansi uang kembali)
-Dokumen ABSAH
-Bonus!
Free Detailing (pembersihan) 2x (1 tahun)

-
OTR KREDIT 550 JT
OTR CASH BY CALL

Bunga Premium
Dp 137
Angs 15.368,500 x47 tlo

Dp 130jt
Angs 13.302,500 x59 tlo

UNTUK REQUEST DP / HITUNGAN LAIN, SILAKAN HUBUNGI KAMI

Harga kredit tertera adalah harga minimal kredit dengan tenor 4 & 5 tahun, diluar itu mengikuti harga Cash (karena kami mensubsidi refund bunga kepada anda)
-
Spesifikasi :
* Tangan Pertama Dari Baru, Pribadi
* Engine 1.332 cc Turbo 163 Hp (250 Nm)
* 7G-Tronic Transmission Automatic
* Ambience Lighting 64 Multi Colour
* Voice Command Hey Mercedes
* AC Digital Dual Zone
* Cruise Control With Paddle Shift
* MID Instrument Cluster With Track Pad
* 10.25 inch Infotainment System MBUX Integrated Carplay And Android Auto With Touch Pad
* Electric Leather Seat With Memory Seat (L/R)
* LED High Performance Headlamp With DRL, LED Foglamp
* LED Tail Light
* SRS Airbags, ABS, BA, EBD, VSC, COMPLETE SAFETY CAR
* Rear Parking Camera, Parking Sensor
* Power Back Door
* Velg AMG 5 Twin Spoke
* Kaca Film 3M
* Buku Info Service, Buku Manual, Kunci Cadangan Tersedia


LOKASI : Bursa Otomotif Mangga Dua Square, Focus Motor, Jakarta Utara. (YCP) (B)",Mercedes-Benz,Lainnya,,Lainnya,15.000-20.000,550000000.0
948111625,CASH LOW KM INNOVA ZENIX G HYBRID IMPROVEMENT 2025 Seperti Type Q,"Dijual Toyota Innova Zenix G Hybrid Improvement 2025
KM 5.110 (Very Slow Going)
Pajak November 2026
Pemakai Pribadi
Sangat Jarang Pakai (ANTIK)
Plat Genap (Jakarta Selatan)
Bebas Tabrak ataupun Banjir

Aksesoris:
* Kamera 360 (Super Mekanik)
* Spion Lipat Otomatis (Otoproject)
* Fog Lamp LED Laser (Otoproject)
* DRL Original Toyota (Seperti Type Q)
* Reflektor Lampu Bagasi Original Toyota (Seperti Type Q)
* Skirt Plate Bumper Depan & Belakang (Otoproject)
* Garnish chrome Sekeliling Pintu (Otoproject)
* Velg Racing Ring 18 (HSR)

Dijamin puas beli mobil ini, aksesoris tertempel bisa dipastikan barang bagus dan kualitas original

Lokasi: Lebak Bulus Jakarta Selatan

Harga: 410 Juta (Nego)",Toyota,Lainnya,,Lainnya,0-5.000,410000000.0
947935676,DP RENDAH - Honda HR-V 1.5 SE Bensin-AT 2023,".
DP RENDAH - Honda HR-V 1.5 SE Bensin-AT 2023 Putih 
.
Harga Cash : Hubungi Saya / Chat Me 
Harga Credit : Rp.  290,000,000 ,-
TDP :  32,000,000
Angsuran 4 Tahun : Rp. 8,800,000 ,-
Angsuran 5 Tahun silahkan hubungi untuk informasi lebih lanjut
.
Beli Mobil Terus Untung!!
Beli mobil dan dapatkan bonus saldo digital hingga Rp1.500.000!
*S&K berlaku
.
Keunggulan Unit
1. Pajak : June 2026
2. Odometer : 16.xxx 
3. Like New
4. Tangan Pertama
5. Atas nama  : Perorangan
6. Plat Genap
.
GRATIS HOME TEST DRIVE
.
Pembayaran Booking Fee / Pelunasan hanya melalui no rekening 2061/888/995 - BCA - an SERASI MITRA MOBIL PT

TDP promo hanya Berlaku jika:
- BI checking Bersih (tidak pernah ada keterlambatan pembayaran)
- Rumah Milik Pribadi
- Pemasukan/Gaji= 3x Angsuran.
*Bisa di bantu Rumah Kontrak dan BI checking bermasalah dengan TDP 30%* (S&K Berlaku)
.
Kunjungi kami di
OLXmobbi Bekasi
Jl. Jend. Sudirman No.1, Kranji, Kec. Bekasi Bar., Kota Bks, Jawa Barat KODE POS 82909
.
Rudi Hartono - Sales Advisor
OLXmobbi
Ahlinya Mobil Bekas Berkualitas",Honda,Lainnya,,Lainnya,15.000-20.000,290000000.0
947889017,Lexus LM350h 2024 19rb KM tangan pertama like new no minus,"Lexus LM350h Hybrid
Luxury A25A-FXS 2024

NIK 2024
Odo 19,000 Kilometer
Plat D 
Pajak 12 2026
Luxury 7-Seaters model
Electric-Hybrid Powertrain
Sonic Titanium on Black leather
Premium Leather seats

Bonus:
Free Premium detailing interior exterior dan mesin.
Free fogging anti bacterial & virus.
Garansi mesin dan transmisi by Otospector.
Garansi sertifikat otospector mobil tidak ada bekas tabrakan dan banjir. 

Spec:
2.5L I-4 A25A-FXS Engine
Electric-Hybrid Powertrain
Automatic Gearbox
Lexus Integrated Multimedia System
Adaptive cruise control
Rear seats tablets
Rear roof monitor
Captain seats with tabs
Cabin shades
Ambient lighting
Ventilated leather seats
Premium Audio Mark Levinson 
Daytime running lights
Panoramic-Split roof
Luxury facelift bodykits
Luxury facelift rims
Intelligent Highbeam
Multi-zone climate control
Lane Departure Alert
Lexus Safety System+ 3.0
LED Lights
Memory seats
Massage seats
Navigation System
Parking Assist Sensor
Sequential turn signals

Dokumen lengkap.

KHUSUS Paket Kredit
DP Rendah:
OTR 1,680M
TDP 265
Angs 50,457,000 (4th)
Angs 43,510,000 (5th)
Asuransi Kombinasi

KHUSUS Promo
Bunga 0% (Limited offer)
TDP 1,315M
Angs 65,000,000 (1th)
Asuransi Allrisk

Garansi Mesin&Transmisi 1th*

Promo Special:
1. *PROMO BUNGA 0%*
2. *PROMO BUNGA RENDAH BCAF*
3. *PROMO TDP RENDAH*

Cash 1,950M

Terima tukar tambah 

Lokasi: Masbro Cars Showroom, Jalan Panjang No 2, Kebon Jeruk, Jakarta Barat 11530",Lexus,Lainnya,,Lainnya,15.000-20.000,1680000000.0
947935701,DP RENDAH - Wuling Almaz 1.5 Smart Enjoy 7-Seater Bensin-AT 2019,".
DP RENDAH - Wuling Almaz 1.5 Smart Enjoy 7-Seater Bensin-AT 2019 Putih 
.
Harga Cash : Hubungi Saya / Chat Me 
Harga Credit : Rp.  124,000,000 ,-
TDP :  11,000,000
Angsuran 4 Tahun : Rp. 4,000,000 ,-
Angsuran 5 Tahun silahkan hubungi untuk informasi lebih lanjut
.
Beli Mobil Terus Untung!!
Beli mobil dan dapatkan bonus saldo digital hingga Rp1.500.000!
*S&K berlaku
.
Keunggulan Unit
1. Pajak : March 2026
2. Odometer : 109.xxx 
3. Like New
4. Tangan Pertama
5. Atas nama  : Perorangan
6. Plat Genap
.
GRATIS HOME TEST DRIVE
.
Pembayaran Booking Fee / Pelunasan hanya melalui no rekening 2061/888/995 - BCA - an SERASI MITRA MOBIL PT

TDP promo hanya Berlaku jika:
- BI checking Bersih (tidak pernah ada keterlambatan pembayaran)
- Rumah Milik Pribadi
- Pemasukan/Gaji= 3x Angsuran.
*Bisa di bantu Rumah Kontrak dan BI checking bermasalah dengan TDP 30%* (S&K Berlaku)
.
Kunjungi kami di
OLXmobbi Bekasi
Jl. Jend. Sudirman No.1, Kranji, Kec. Bekasi Bar., Kota Bks, Jawa Barat KODE POS 85307
.
Rudi Hartono - Sales Advisor
OLXmobbi
Ahlinya Mobil Bekas Berkualitas",Wuling,Lainnya,,Lainnya,105.000-110.000,124000000.0
948194497,[GARANSI 5THN] Honda HRV HR-V HR V 1.5 RS Turbo Sensing 2023/2024/2025,"BELI MOBIL TANPA KHAWATIR BERGARANSI 5 TAHUN!

Honda HRV HR-V HR V 1.5 RS Turbo Sensing CVT AT Hitam Mutiara NIK 2024, PAJAK BULAN 3 (2027), ODOMETER 26RB KM RECORD AUTHORIZED
-
Focus Motor Belanja Mobil 26 Tahun Membangun Kepercayaan.
Nikmati standar baru kepemilikan mobil bekas dengan garansi komprehensif hingga 5 TAHUN untuk 155 KOMPONEN. BERSERTIFIKAT, BERPOLIS, dan didukung layanan CUSTOMER SERVICE PERSONAL untuk pengalaman berkendara yang aman dan tanpa khawatir.

Belanja Mobil bukan hanya menjual mobil bekas. Kami jual mobil bekas dengan RASA AMAN seperti mobil baru.

5 BELANJA MOBIL PROMISE :
1. Mobil Terinspeksi 155 titik
2. ⁠TERGARANSI 5 tahun
3. ⁠Harga Transparan
4. ⁠Jaminan Trade-in/Buyback
5. ⁠After Sales yg baik (Mempunyai Customer Service Personal)

-UNIT 100% BEBAS TABRAK DAN BEBAS BANJIR (garansi uang kembali)
-Dokumen ABSAH
-BONUS! Free Detailing (pembersihan) 2x (1 tahun)
-
OTR KREDIT 350JT
OTR CASH ASK

DP Minim
Dp 55 jt
Angs 10.466.500 x47 tlo

dp 50 jt
Angs 9.203.500 x59 tlo

Bunga Premium
Dp 67 jt
Angs 9.750.000 x47 tlo

Dp 62 jt
Angs 8.546.000 x59 tlo

UNTUK REQUEST DP / HITUNGAN LAIN, SILAKAN HUBUNGI KAMI

Harga kredit tertera adalah harga minimal kredit dengan tenor 4 & 5 tahun, diluar itu mengikuti harga Cash (karena kami mensubsidi refund bunga kepada anda)
-
Spesifikasi :
* Tangan Pertama Dari Baru
* Honda SENSING (PCS, DRCC, LDA, AHB, PSB, TPMS, ICS)
* Panoramic Sunroof
* Engine 1498 cc 177 Hp (240 Nm) VTec Turbo
* Keyless Start Stop Engine
* Tilt and Telescopic Steering
* Electric And Retract Mirror
* Audio Steering Switch With Paddle Shift
* MID Instrument Cluster
* Floating Headunit LCD Touchscreen With Apple Carplay And Android Auto
* Full LED Headlamp With DRL, Foglamp LED
* Rear LED Stop Lamp
* SRS Airbags, ABS, BA, EBD, HSA, HDC, COMPLETE SAFETY CAR
* Honda Land Watch 2 Camera, Parking Sensor
* Electric Park Brake, Electric Brake Hold, Vehicle Stability Control
* Power Back Door
* Kaca Film Wincos
* Buku Manual, Buku Service, Buku Audio, Kunci Cadangan Tersedia

LOKASI : Bez Auto Center, Focus Motor No. A66-A70, Curug Sangereng, Kec. Klp. Dua, Kabupaten Tangerang, Banten 15810 (8 UBR) (GS)",Honda,Lainnya,,Lainnya,25.000-30.000,350000000.0
946138444,Toyota chr 2019 mulus,"Bebas tabrak

Bebas bandjir 

Surat lenkap 

Pajak pandjang 2027

Semua di mobil ok bisa liat di tempat",Toyota,Lainnya,,Lainnya,65.000-70.000,280000000.0
948194453,Mercedes Benz C280 Low KM 2009 Automatic Coklat Muda Metalik,"Permisi gan, ane mau jual Mercedes Benz C280 Low KM Tahun 2009 Automatic Coklat Muda Metalik yang Sangat Terawat. Spesifikasinya :

- Mercedes Benz C280 Tahun 2009
- Transmisi Automatic (Masih Bagus)
- ⁠Warna Coklat Muda Metalik (Orisinil)
- Pajak Sangat Panjang Sampai Akhir Juni 2027
- Low Kilometer 50rb (Asli/Bukan Miles)
- No Mulfunction
- Mesin standar, kering, Transmisi Sangat Mulus & AC dingin
- Test Drive Atau Membawa Montir Bengkel resmi are very welcomed
- Dijamin Tidak bekas nabrak atau kebanjiran
- Dokumen-dokumen dijamin lengkap dan asli & Semua Oli-oli sudah diganti
- Mobil telah di poles oleh Handy Detailing

Harus : 119Jt Nego (Cash/Kredit/Tukar tambah)
Handy Autos 
Blok M Square Gedung ParkirLt.5a, Melawai Jakarta Selatan
- Harga Berlaku sama NEGO untuk CASH ataupun Credit (Bukan Jebakan Harga khusus Paket Kredit Dp minim dengan Angsuran Plus Provisi Memberatkan atau harga cash yang ternyata jauh lebih tinggi dari harga penawaran)
- Buka Setiap Hari 09.30 - 19.30",Mercedes-Benz,Lainnya,,Lainnya,50.000-55.000,119000000.0
948194444,[ GARANSI 5THN ] BYD M6 M 6 Superior 7 Seater EV AT 2023/2024/2025,"BELI MOBIL TANPA KHAWATIR BERGARANSI 5 TAHUN!

BYD M6 M 6 Superior 7 Seater EV AT Cosmos Black NIK 2024, PAJAK BULAN 2 (2027), ODOMETER 22RB KM RECORD AUTHORIZED

GARANSI BYD 6 TAHUN ATAU 150.000 KM, GARANSI BATERAI 8 TAHUN
-
Focus Motor Belanja Mobil 26 Tahun Membangun Kepercayaan.
Nikmati standar baru kepemilikan mobil bekas dengan garansi komprehensif hingga 5 TAHUN untuk 155 KOMPONEN. BERSERTIFIKAT, BERPOLIS, dan didukung layanan CUSTOMER SERVICE PERSONAL untuk pengalaman berkendara yang aman dan tanpa khawatir.
-

-UNIT 100% BEBAS TABRAK DAN BEBAS BANJIR (garansi uang kembali)
-Dokumen ABSAH
-Bonus!
Free Detailing (pembersihan) 2x (1 tahun)

-
OTR KREDIT 295 JT
OTR CASH BY CALL

*Bunga Premium*
Dp 119jt
Angs 7.711,500 x47 tlo

Dp 116jt
Angs 6.697,000 x59 tlo

UNTUK REQUEST DP & SIMULASI KREDIT LAIN SILAKAN HUBUNGI KAMI

Harga kredit tertera adalah harga minimal kredit dengan tenor 4 & 5 tahun, diluar itu mengikuti harga Cash (karena kami mensubsidi refund bunga kepada anda)
-
Spesifikasi :
* Tangan Pertama Dari Baru, CV
* Portable Charger Tersedia
* Panoramic Roof
* BYD Blade Battery 71,8 kWh 150 kW (310 Nm)
* Pure Electric Range NEDC 530 KM
* Keyless Start Stop Engine
* Audio Steering Switch, Cruise Control
* AC Digital Single Zone With Blower
* MID Digital Cluster
* 12,8 Inch Intelligent Rotating Touchscreen With Apple Carplay
* Electric Leather Seat
* Full LED Headlamp With DRL
* LED Tail Light
* SRS Airbags, TPMS, ABS, EPB, ESC, TCS, EBD COMPLETE SAFETY CARS
* 360 View Parking Camera, Parking Sensor, Auto Park Brake, Traction Control
* Power Back Door
* Kaca Film CPF1
* Buku Service, NFC Card, Kunci Cadangan Tersedia


LOKASI : Bursa Otomotif Mangga Dua Square, Focus Motor, Jakarta Utara. (SNW) (B)",BYD,Lainnya,,Lainnya,20.000-25.000,295000000.0
948194388,DP10% [Km17.000] 520i Luxury 2019 White Reg 2021 #AUTOHIGH,"BMW 520i LUXURY 2019/2020 NEW PROFILE G30 WHITE ON BLACK
Km.17.000 Antik!! , Stnk Bulan 02 Register 2020 ( NIK.2019 ) 
- Monitor Screen
- Rear Camera
- GPS Indonesia
- Sunroof
- Engine Start Button
- ECO Mode Auto Start Stop
- Electric Seat Kiri-Kanan
- Velg Smoke Chrome Black
- Full List Chrome Body
- Bagasi Power Back Doors
- Service Record BMW Indonesia

OTR KREDIT : 485JT
OTR CASH : 535JT

Harga Negosiasi Setelah Datang Lihat Unit di Showroom Kami

Pembelian via cash / kredit.. Data luar kota bisa bantu proses, Tersedia jg Paket Total DP Ringan, Tenor hingga 6 tahun ( Proses 1 hari kerja saja )

Segera Rekomendasikan Keluarga / Teman / Kerabat Bapak & Ibu semua untuk membeli Mobil di AUTOHIGH dan dapatkan harga & kualitas terbaik dengan cara Share Link Iklan ini, Terima Kasih !!!

///AUTO HIGH BINTARO
** Bursa Mobil Bintaro A1 - A3
Bintaro Sektor 7, Tangerang Selatan
( Exit Tol Pondok Aren, samping Bank Permata Tower dan Dealer BMW Bestindo )

[[ GUNAKAN SELALU FITUR TELEPON & WHATS APP UNTUK KEAMANAN BERKOMUNIKASI, TERIMA KASIH ]]

Buka Setiap Hari : Pukul 9 Pagi s/d 6 Sore
( Sabtu / Minggu / Hari Libur Tetap Buka )

More Info, Please Call / SMS / Whats App : Pukul 8 Pagi s/d 11 Malam ( Setiap Hari )",BMW,Lainnya,,Lainnya,5.000-10.000,485000000.0
948194343,FORTUNER 2.4 VRZ AT 2018,"FORTUNER 2.4 VRZ AT 2018

AN Perorangan 
Plat B ganjil
Pajak bulan 8
Km 81 rban
Ac dingin
Interior rapih
Kaki kaki aman

Harga cash langsung chat aja ya
Tertera diiklan itu harga otr kredit

KREDIT VIA KKB, KPM DLL MENGIKUTI OTR CASH
DATA LUAR K0TA BISA DIBANTU PROSES
MELAYANI PEMBELIAN CASH/KREDIT & TUKAR TAMBAH
PERSAYARATAN KREDIT:KTP, KK, NPWP, PBB, SK KERJA/USAHA, MUTASI REK TAB 3 BLN


- Jaminan Mobil Tidak Bekas Nabrak
- Jaminan Mobil Tidak Bekas Banjir
- Jaminan Keabsahan Dokumen
- Jaminan Kilometer Asli Tidak Putar2
- Jaminan Dp Kembali Full Apabila Data Ditolak Leasing

Hub tika sns auto
Bursa mobil MGK",Toyota,Lainnya,,Lainnya,75.000-80.000,330000000.0
946188115,LAND ROVER DEFENDER 110 X 3.0 P400 2022 SANTORINI BLACK (WRAPPED BLACK,"LAND ROVER DEFENDER 110 X 3.0 P400 2022 SANTORINI BLACK (WRAPPED BLACK SATIN) ON TAN BROWN

KM 26.000
PAJAK BULAN 11 2026
PLAT B

- Engine 3000cc Turbo Charged V6 / 395Hp / 550Nm / Petrol / AWD
- 8-Speed Transmission 
- Electric Seat + Memory Seat
- Head Up Display (HUD)
- Digital Panel
- Meridian 3D Sound System
- LCD Touch Screen Display 
- Panoramic Roof
- Air Suspension Pack
- Camera 360 
- Electric Side Footstep
- Red Brake Calipers
- Full Size Spare Wheel Cover
- Red-Exposed Rear Pulley 
- Velg R22 5-Spoke in Gloss Black
Warranty ATPM Landrover Indonesia",Land Rover,Lainnya,,Lainnya,20.000-25.000,2695000000.0
948194297,DP10% [Km11.000] GLA200 AMG 2023 Black / GLA 200 Reg 2022 #AUTOHIGH,"MERCEDES BENZ GLA200 AMG 2023/2024 BLACK ON BLACK
Km.11.000 Antik!! , Stnk Bulan 03 Register 2024 ( NIK.2023 )
- Monitor Screen Audio MBUX
- Rear Camera
- Speedometer Digital
- Electric Seat + Memory Seat
- Keyless + Engine Start Button 
- Bagasi Power Back Door
- ECO Mode Auto Start-Stop
- Warranty ISP ATPM Mercedes Benz 5 Starts ( 3 Thn Full Spareparts s/d Feb 2027 & 5 Thn Free Service s/d Feb 2029 )

OTR KREDIT : 620JT
OTR CASH : 695JT

Harga Negosiasi Setelah Datang Lihat Unit di Showroom Kami

Pembelian via cash / kredit.. Data luar kota bisa bantu proses, Tersedia jg Paket Total DP Ringan, Tenor hingga 6 tahun ( Proses 1 hari kerja saja )

Segera Rekomendasikan Keluarga / Teman / Kerabat Bapak & Ibu semua untuk membeli Mobil di AUTOHIGH dan dapatkan harga & kualitas terbaik dengan cara Share Link Iklan ini, Terima Kasih !!!

///AUTO HIGH BINTARO
** Bursa Mobil Bintaro A1 - A3
Bintaro Sektor 7, Tangerang Selatan
( Exit Tol Pondok Aren, samping Bank Permata Tower dan Dealer BMW Bestindo )

[[ GUNAKAN SELALU FITUR TELEPON & WHATS APP UNTUK KEAMANAN BERKOMUNIKASI, TERIMA KASIH ]]

Buka Setiap Hari : Pukul 9 Pagi s/d 6 Sore
( Sabtu / Minggu / Hari Libur Tetap Buka )

More Info, Please Call / SMS / Whats App : Pukul 8 Pagi s/d 11 Malam ( Setiap Hari )",Mercedes-Benz,Lainnya,,Lainnya,5.000-10.000,620000000.0
946653698,LEXUS LX700h 2026 BLACK ON BLACK,"LEXUS LX700h 2026 BLACK ON BLACK

BRAND NEW

- Engine 3.5 V6 Twin Turbo / Petrol / V35A FTF Hybrid / 457Hp / 790Nm / AWD
- Keyless / Start-Stop Engine Button
- Drive Mode : Custom, Normal, ECO, Comfort, Sport S, Sport S+
- MTS Mode : Auto, Dirt, Sand, Mud, Snow
- AWD Mode : H4, L4
- DAC / Crawl
- Paddle Shift / Cruise Control / Electric Tilt Steering / HUD
- GPS Indonesia / Camera 360° / MARK LEVINSON Audio / Wireless Charger
- Rear Command Monitor / RSE TV / Cool Box
- 7-Seater w/ Electric / Memory / Heater / Cooler
- Sunroof / Vacuum Door / Power Tailgate / Air Suspension
- 22"" Rims Alloy",Lexus,Lainnya,,Lainnya,0-5.000,3999000000.0
948194224,Toyota Alphard G premium sound ATPM 2013,"Dijual mobil siap pakai antar pulau

+ Toyota Alphard G ATPM pilot seat 2013
+ Hitam metalik 
+ Tgn 1 dr baru 
+ Mesin bensin sehat
+ Metik halus responsif 
+ Garansi mesin dan metik 1 tahun 
+ Service record resmi auto 2000
+ Buku2 lengkap
+ Head unit original plus gps Indonesia 
+ Jok kulit original 3 baris
+ Jok depan elektrik kiri kanan
+ Mesin sehat
+ Metik responsif
+ AC dingin 3 baris 
+ AC 3 zone
+ Kamera mundur 
+ Kaki2 empuk
+ Surat2 dan buku2 lengkap 
+ Kunci keyless 2
+ Mobil siap pakai 
+ Pajak hidup Agustus 2027
+ Kaleng 2028
+ Plat Ganjil Jaksel

Harga cash 
Rp 330 jt

Harga kredit 
Rp 290 jt
DP 40 jt
Angsuran 8 jt an x 4 thn

Cash, kredit, tuker tambah mobil lain
Nego khusus ditempat sampai jadi

Tlp dan wa ada di profil

Lokasi Showroom 
Ridho Mobilindo 
Bursa Mobil 
Mall Blok M Square
Gedung Parkir Mall 
Lantai P5 AS Lot A7-A8
Melawai X, Kebayoran Baru
Jakarta Selatan",Toyota,Lainnya,,Lainnya,80.000-85.000,30000000.0
948194220,[ GARANSI 5THN AWD ] Kia EV9 EV 9 GT-Line 2022/2023/2024,"BELI MOBIL TANPA KHAWATIR BERGARANSI 5 TAHUN!

Kia EV9 EV 9 GT-Line AWD AT Hitam Metalik Pemakaian 2024 NIK 2023, PAJAK BULAN 3 (2027), ODOMETER 31RB KM RECORD AUTHORIZED
-
Focus Motor Belanja Mobil 26 Tahun Membangun Kepercayaan.
Nikmati standar baru kepemilikan mobil bekas dengan garansi komprehensif hingga 5 TAHUN untuk 155 KOMPONEN. BERSERTIFIKAT, BERPOLIS, dan didukung layanan CUSTOMER SERVICE PERSONAL untuk pengalaman berkendara yang aman dan tanpa khawatir.

Belanja Mobil bukan hanya menjual mobil bekas. Kami jual mobil bekas dengan RASA AMAN seperti mobil baru.

5 BELANJA MOBIL PROMISE :
1. Mobil Terinspeksi 155 titik
2. ⁠TERGARANSI 5 tahun
3. ⁠Harga Transparan
4. ⁠Jaminan Trade-in/Buyback
5. ⁠After Sales yg baik (Mempunyai Customer Service Personal)

-UNIT 100% BEBAS TABRAK DAN BEBAS BANJIR (garansi uang kembali)
-Dokumen ABSAH
-BONUS! Free Detailing (pembersihan) 2x (1 tahun)
-
OTR KREDIT 1,1 M
OTR CASH ASK

Bunga Premium
Dp 395jt
Angs 26.387.500 x47 tlo

Dp 381jt
Angs 22.836.500 x59 tlo

UNTUK REQUEST DP / HITUNGAN LAIN, SILAKAN HUBUNGI KAMI

Harga kredit tertera adalah harga minimal kredit dengan tenor 4 & 5 tahun, diluar itu mengikuti harga Cash (karena kami mensubsidi refund bunga kepada anda)
-
Spesifikasi :
* Tangan Pertama Dari Baru, Pribadi
* ADAS (SCC, LFA, LKA, BCA, BVM, SEW, SEA, DAW, HBA, RCCA, PCA, FCA)
* Panoramic Sunroof
* Meridian 14 Premium Speaker
* Battery Capacity 99,8 kWh 385 Ps (700 Nm) AWD
* Jarak Tempuh Full Baterai 497 KM
* Flush Door Handle
* 5 Inch Climate Control Triple Zone
* 12 Inch MID Digital Cluster With HUD
* 12,3 Inch Wide Display Infotainment System With Android Auto & Apple Carplay
* Electric Leather Seat With Memory Seat
* 2nd Row Relaxation Comfort Seat
* Heater Seat & Cooler Seat
* Digital Pattern Light System Headlight With DRL
* Combination Tail Light
* Parking Camera, Parking Censor, Traction Control, 10 SRS Airbags
* Power Back Door
* 21 Inch Wheel Design Exclusive For GT-Line
* Kaca Film Vkool
* Buku Manual, Buku Service, Kunci Cadangan Tersedia

LOKASI : Bez Auto Center, Focus Motor No. A66-A70, Curug Sangereng, Kec. Klp. Dua, Kabupaten Tangerang, Banten 15810 (UNQ) (B)",Kia,Lainnya,,Lainnya,30.000-35.000,1100000000.0
944587862,DP10% [Km8.000] 520i M-Sport 2023 Black Reg 2024 #AUTOHIGH,"BMW 520i M-SPORT 2023/2024 NEW PROFILE ID-7 BLACK ON BLACK
Km.8.000 Antik!! , Stnk Bulan 01 Register 2024 ( NIK.2023 ) 
- Monitor Screen
- Rear Camera
- GPS Indonesia
- Speedometer Digital New Profile ID-7
- Engine Start Button
- ECO Mode Auto Start Stop
- Electric Seat Kiri-Kanan
- Sunroof 
- Bagasi Power Back Doors
- Bodykit M-Perfomance
- Velg M-Perfomance
- Setir M-Perfomance
- Warranty ATPM Full Spareparts (BRI) 5 Thn s/d Juni 2028 & Free Service (BSI) 5 Thn s/d Juni 2028

OTR KREDIT : 775JT
OTR CASH : 850JT

Harga Negosiasi Setelah Datang Lihat Unit di Showroom Kami

Pembelian via cash / kredit.. Data luar kota bisa bantu proses, Tersedia jg Paket Total DP Ringan, Tenor hingga 6 tahun ( Proses 1 hari kerja saja )

Segera Rekomendasikan Keluarga / Teman / Kerabat Bapak & Ibu semua untuk membeli Mobil di AUTOHIGH dan dapatkan harga & kualitas terbaik dengan cara Share Link Iklan ini, Terima Kasih !!!

///AUTO HIGH BINTARO
** Bursa Mobil Bintaro A1 - A3
Bintaro Sektor 7, Tangerang Selatan
( Exit Tol Pondok Aren, samping Bank Permata Tower dan Dealer BMW Bestindo )

[[ GUNAKAN SELALU FITUR TELEPON & WHATS APP UNTUK KEAMANAN BERKOMUNIKASI, TERIMA KASIH ]]

Buka Setiap Hari : Pukul 9 Pagi s/d 6 Sore
( Sabtu / Minggu / Hari Libur Tetap Buka )

More Info, Please Call / SMS / Whats App : Pukul 8 Pagi s/d 11 Malam ( Setiap Hari )",BMW,Lainnya,,Lainnya,0-5.000,775000000.0
947935696,DP RENDAH - Toyota Sienta 1.5 V Bensin-AT 2020,".
DP RENDAH - Toyota Sienta 1.5 V Bensin-AT 2020 Hitam 
.
Harga Cash : Hubungi Saya / Chat Me 
Harga Credit : Rp.  173,000,000 ,-
TDP :  17,000,000
Angsuran 4 Tahun : Rp. 5,400,000 ,-
Angsuran 5 Tahun silahkan hubungi untuk informasi lebih lanjut
.
Beli Mobil Terus Untung!!
Beli mobil dan dapatkan bonus saldo digital hingga Rp1.500.000!
*S&K berlaku
.
Keunggulan Unit
1. Pajak : June 2027
2. Odometer : 57.xxx 
3. Like New
4. Tangan Pertama
5. Atas nama  : Perorangan
6. Plat Genap
.
GRATIS HOME TEST DRIVE
.
Pembayaran Booking Fee / Pelunasan hanya melalui no rekening 2061/888/995 - BCA - an SERASI MITRA MOBIL PT

TDP promo hanya Berlaku jika:
- BI checking Bersih (tidak pernah ada keterlambatan pembayaran)
- Rumah Milik Pribadi
- Pemasukan/Gaji= 3x Angsuran.
*Bisa di bantu Rumah Kontrak dan BI checking bermasalah dengan TDP 30%* (S&K Berlaku)
.
Kunjungi kami di
OLXmobbi Bekasi
Jl. Jend. Sudirman No.1, Kranji, Kec. Bekasi Bar., Kota Bks, Jawa Barat KODE POS 82839
.
Rudi Hartono - Sales Advisor
OLXmobbi
Ahlinya Mobil Bekas Berkualitas",Toyota,Lainnya,,Lainnya,55.000-60.000,173000000.0
947623591,TDP 65.JT|KM.40.RB| INNOVA ZENIX V HYBRID MODELLISTA 2023 HITAM SEGER.,"INNOVA ZENIX V HYBRID MODELLISTA RSE 2O23 RASA BARU !!

●Kenapa Harus Membeli Mobil ini :

- MOBIL FULL ORIGINAL LUAR+DALAM
(FULL ORI ASLI TANPA CACAT!!NO RE-PAINT)

- FULL UPGRADE DRL LED + BILED FOGLAMP
(Look Sudah Seperti Type Q)

- KM.LOW 4O.RB ASLI 1OO% FULL RECORD
(JAMINAN UANG KEMBALI FULL BILA TIDAK ASLI)

- SEMUA PEMBELIAN DI KAMI GRATIS 
(GARANSI TAMBAHAN MESIN+TRANSMISI 1 TAHUN,FREE LAYANAN ERA 1 TAHUN)

- Warranty Battery Hybrid 8 Tahun
(Garansi ON s.d O6-2O31/160.RB KM)

- TYPE V HYBRID MODELLISTA
(Cocok Untuk Keluarga,Jok Tengah Standart Lebih Pas Untuk Keluarga)

- PAJAK O6-2027 NOPOL B DKI GANJIL
(Tangan Pertama Dari Baru Perorangan)

- BUKU SERVICE+MANUAL BOOK+SPARE KEY KOMPLIT!!

- 100% BEBAS BANJIR+TABRAK
(GARANSI 100% MONEY BACK WARRANTY)

MOBIL ASLI SEPERTI BARU,DATANG+CEK+BUKTIKAN

● Mobil Bekas Bergaransi Hanya disini

● Harga Spesial Khusus Kredit Paket 4+5 Tahun :

•OTR Rp.419.OOO.OOO,-

● Diluar Dp Paket/Dp Besar/Tenor Pendek : Harga OTR Menyesuaikan.

● Harga Cash Berbeda : By Call Only.

● Paket Kredit Via Adira Finance

•TDP. Rp.65.OOO.OOO,-NEGO HALUS

•Angsuran Rp.11.133.OOO x 47 bulan

•Angsuran Rp.  9.694.OOO x 59 bulan

Asuransi TLO

FREE LAYANAN ERA EMERGENCY 1 TAHUN

●Harga Cash : Nego Ditempat Sampai Deal Juragan

●Harga Masih Bisa Nego Setelah Lihat Unit di Showroom Kami

●Disarankan Datang,Nego Sampai Deal,Bonus Ngopi Gratis Juragan/Bosku

●BELI MOBIL BEKAS BERKWALITAS DISINI

●Semua Mobil Kita Bergaransi Money Back Warranty :

• Mobil Bukan Ex-Tabrak/Banjir

• Bukan Bekas Rental/Lelang

• Surat-surat Asli Tidak Bermasalah

• Odometer 100% ASLI

●Spesifikasi Kendaraan :

• Warna Hitam

• Panoramic Sunroof

• AC Nanoe-G

• Body Full Original Paint

• RSE (Rear Seat Entertainment)

• SRS Air Bag

• Interior Full Seperti Baru

• Velg R17 Original

• Spion Electric Mirror & Retractable

• Ambient Light Interior

• Speedometer Full TFT With Mid

• Start-Stop Engine Push Buton

• Keyless

• Parking Sensor Belakang

• Interior Full Original

• Jok Original Black Fabric
(Super Rapi Seperti Baru)

• Transmisi Automatic Smooth

• AC Dingin Ga Pake Alasan Ini Itu

• Ban Kondisi 8O% Siap Pakai
(BAN SEREP BELUM TURUN JURAGAN)

• Mesin 2.OL Hybrid Irit & Powerfull

• Irit BBM 1 : 17 KM / Liter

• Pajak Bulan O6-2O27 Nopol B DKI Ganjil
(Tangan Pertama Dari Baru)

• Mobil Fresh Tidak ada Masalah

• Barang Istimewa Terawat

• Ready to use

• Transmisi Garansi Tidak Ada Masalah
(Garansi 1 Tahun)

• Interior Full Original

• Mesin Kering No Rembes
(Garansi 1 Tahun)

• Exterior Mulus Abis

• Lihat Pasti Jatuh Cinta

●Silahkan Hubungi :

Wawan

Call/WA 24 Jam

●Kalau Telvon Tidak Terangkat,Boleh WA Ya Juragan,Kadang Sedang dijalan,Jangan Inbox Via OLX Ya Gan,WA atau Telvon langsung aja Gan,Konsultasi Bebas Sekalian Nambah Temen

""KING'S AUTO SUMARECON SERPONG""

Bursa Mobil Sumarecon Serpong Blok F3+F5 Gading Serpong Tangerang

(Sebrang Rs.Bethsaida Gading Serpong Tangerang)

Terimakasih OLX",Toyota,Lainnya,,Lainnya,35.000-40.000,419000000.0
947935691,DP RENDAH - Honda Brio 1.2 RS Bensin-AT 2021,".
DP RENDAH - Honda Brio 1.2 RS Bensin-AT 2021 Hitam 
.
Harga Cash : Hubungi Saya / Chat Me 
Harga Credit : Rp.  163,000,000 ,-
TDP :  16,000,000
Angsuran 4 Tahun : Rp. 5,100,000 ,-
Angsuran 5 Tahun silahkan hubungi untuk informasi lebih lanjut
.
Beli Mobil Terus Untung!!
Beli mobil dan dapatkan bonus saldo digital hingga Rp1.500.000!
*S&K berlaku
.
Keunggulan Unit
1. Pajak : January 2027
2. Odometer : 70.xxx 
3. Like New
4. Tangan Pertama
5. Atas nama  : Perorangan
6. Plat Genap
.
GRATIS HOME TEST DRIVE
.
Pembayaran Booking Fee / Pelunasan hanya melalui no rekening 2061/888/995 - BCA - an SERASI MITRA MOBIL PT

TDP promo hanya Berlaku jika:
- BI checking Bersih (tidak pernah ada keterlambatan pembayaran)
- Rumah Milik Pribadi
- Pemasukan/Gaji= 3x Angsuran.
*Bisa di bantu Rumah Kontrak dan BI checking bermasalah dengan TDP 30%* (S&K Berlaku)
.
Kunjungi kami di
OLXmobbi Bekasi
Jl. Jend. Sudirman No.1, Kranji, Kec. Bekasi Bar., Kota Bks, Jawa Barat KODE POS 84297
.
Rudi Hartono - Sales Advisor
OLXmobbi
Ahlinya Mobil Bekas Berkualitas",Honda,Lainnya,,Lainnya,70.000-75.000,163000000.0
947297976,Cash Yaris  bakpao A/T siap Pakai.,"Toyota Yaris E A/T Tahun 2012  facelift
Spesifikasi( milik sendiri)
• nik 2012 facelift
•A/N  tangan 1 dari baru
• Mesin halus kering
• Matic halus tidak jeduk
• Ac dingin
* odometer/km 116 xxx 
• Interior rapih dan bersih orisinil jok nya tidak ada yg sobek 
• Body mulus,  rapi  
• Manual book,  Buku service, , kunci serep lengkap.
•kunci ada 3 
• Toolkit P3K dan dongkrak lengkap
,* BPKB+ STNK+ faktur an pribadi bukan PT
• Pajak hidup
• Rawatan rutin
• Ban 4 PC Masih tebal
• BBM pertamax( barcode pertalite ada)
• Bensin sangat irit 
• Kaki kaki empuk tidak ada  bunyi ,
baru peremajaan kaki kaki
Harga nego tipis( jual hg cash bukan kridit)",Toyota,Lainnya,,Lainnya,110.000-115.000,119000000.0
948125359,LOW ODO ! MERCEDES BENZ MERCY GLC200 AMG NIGHT EDITION LIMITED 2022,"Mercedes Benz GLC200
AMG Facelift Night Edition X253 2022

NIK 2022
Pajak 05 2027
Odo 18rb miles 
Plat BM Ganjil 
Night Edition Packages
X253 Facelift (MBUX)
Mercedes Polar white on Black
Tangan Pertama

Mercedes-Benz Warranty:
StarService sd 03 2027

Spec:
2.0L Inline-4 M264 Turbo
9G-Tronic Transmission
AMG Night Edition Bodykits
AMG Night Edition Rims (Wider)
AMG Facelift Steering wheel
AMG Night Edition Overfenders
Mercedes MBUX System
Mercedes Multibeam LED
Lane-Keep Assist system
Premium Leather Seats
Panoramic Sunroof
Digital Speedometer
Premium leather seats
Paddle shift triptonic
Full electric seats
Power backdoor
Lane keep assist system
Brake Assist system
Automatic parallel parking
AMG Night Edition limited edition

KHUSUS Paket Kredit
DP Rendah:
OTR 700
TDP 179
Angs 15,211,000 (4th)
Angs 17,682,000 (5th)
Asuransi Kombinasi 

KHUSUS Promo
Bunga 0% (Limited offer)
TDP 529
Angs 26,000,000 (1th)
Asuransi TLO

*Bonus*:
1. Free Premium detailing interior exterior dan mesin.
2. Free fogging anti bacterial n virus.
3. Garansi mesin dan transmisi 1th by Otospector
4. ⁠Emergency Towing coverage.
5. ⁠Free Jasa Service seumur hidup.
6. Garansi sertifikat lulus Inspeksi by Otospector.

Promo Special:
1. *PROMO BUNGA 0%*
2. *PROMO BUNGA RENDAH BCAF*
3. *PROMO TDP RENDAH*

Cash 780

Lokasi: Garasi Bloko",Mercedes-Benz,Lainnya,,Lainnya,15.000-20.000,699999999.0
947935757,DP RENDAH - Chevrolet Trax 1.4 Premier Bensin-AT 2018,".
DP RENDAH - Chevrolet Trax 1.4 Premier Bensin-AT 2018 Coklat 
.
Harga Cash : Hubungi Saya / Chat Me 
Harga Credit : Rp.  129,000,000 ,-
TDP :  12,000,000
Angsuran 4 Tahun : Rp. 4,100,000 ,-
Angsuran 5 Tahun silahkan hubungi untuk informasi lebih lanjut
.
Beli Mobil Terus Untung!!
Beli mobil dan dapatkan bonus saldo digital hingga Rp1.500.000!
*S&K berlaku
.
Keunggulan Unit
1. Pajak : March 2027
2. Odometer : 86.xxx 
3. Like New
4. Tangan Pertama
5. Atas nama  : Perorangan
6. Plat Genap
.
GRATIS HOME TEST DRIVE
.
Pembayaran Booking Fee / Pelunasan hanya melalui no rekening 2061/888/995 - BCA - an SERASI MITRA MOBIL PT

TDP promo hanya Berlaku jika:
- BI checking Bersih (tidak pernah ada keterlambatan pembayaran)
- Rumah Milik Pribadi
- Pemasukan/Gaji= 3x Angsuran.
*Bisa di bantu Rumah Kontrak dan BI checking bermasalah dengan TDP 30%* (S&K Berlaku)
.
Kunjungi kami di
OLXmobbi Bekasi
Jl. Jend. Sudirman No.1, Kranji, Kec. Bekasi Bar., Kota Bks, Jawa Barat KODE POS 88274
.
Rudi Hartono - Sales Advisor
OLXmobbi
Ahlinya Mobil Bekas Berkualitas",Chevrolet,Lainnya,,Lainnya,85.000-90.000,129000000.0
947763358,[ LOW KM 24RB ] Hyundai Staria 2.2 Signature 7 Seater Diesel 2021/2022,"BELI MOBIL TANPA KHAWATIR BERGARANSI 5 TAHUN!

Hyundai Staria 2.2L 2WD Signature 7 Seater Diesel AT Hitam NIK 2021, PAJAK BULAN 1 (2026), ODOMETER LOW 24RB KM RECORD AUTHORIZED
-
Focus Motor Belanja Mobil 26 Tahun Membangun Kepercayaan.
Nikmati standar baru kepemilikan mobil bekas dengan garansi komprehensif hingga 5 TAHUN untuk 155 KOMPONEN. BERSERTIFIKAT, BERPOLIS, dan didukung layanan CUSTOMER SERVICE PERSONAL untuk pengalaman berkendara yang aman dan tanpa khawatir.

Belanja Mobil bukan hanya menjual mobil bekas. Kami jual mobil bekas dengan RASA AMAN seperti mobil baru.

5 BELANJA MOBIL PROMISE :
1. Mobil Terinspeksi 155 titik
2. ⁠TERGARANSI 5 tahun
3. ⁠Harga Transparan
4. ⁠Jaminan Trade-in/Buyback
5. ⁠After Sales yg baik (Mempunyai Customer Service Personal)

-UNIT 100% BEBAS TABRAK DAN BEBAS BANJIR (garansi uang kembali)
-Dokumen ABSAH
-BONUS! Free Detailing (pembersihan) 2x (1 tahun)
-
OTR KREDIT 450JT
OTR CASH BY CALL

Bunga Premium
Dp 95jt
Angs 14.545.500 x47 tlo

Dp 86jt
Angs 12.749.500 x59 tlo

DP Minim
Dp 83jt
Angs 15.194.000 x47 tlo

Dp 72jt
Angs 13.399.500 x59 tlo

UNTUK REQUEST DP / HITUNGAN LAIN, SILAKAN HUBUNGI KAMI

Harga kredit tertera adalah harga minimal kredit dengan tenor 4 & 5 tahun, diluar itu mengikuti harga Cash (karena kami mensubsidi refund bunga kepada anda)
-
Spesifikasi :
* Tangan Pertama Dari Baru, PT
* Sunroof & Moonroof
* BOSE Sound System
* Engine 2.200 cc 177 Hp (430 Nm) Turbo Diesel 8 Speed
* Interior Dan Eksterior ISTIMEWA
* Ambience Lighting
* Audio Steering Switch, Paddle Shift With Cruise Control
* Speedo Meter Hyundai Instrument Cluster
* 1 Headunit Infotainment System GPS, Multimedia, Phone Connection
* Smart Sliding Door (L/R)
* Electric Black Leather Seat With Cooler + Heater Seat
* Full LED Headleamp With DRL
* LED Tail Light
* SRS Airbags, ABS, EBD, BA, VSC, TRC, COMPLETE SAFETY CAR
* 360 View Parking Camera, Parking Censor
* Power Back Door (Smart Tailgate)
* Kunci Cadangan, Buku Service Tersedia


LOKASI : Bursa Otomotif Mangga Dua Square, Focus Motor, Jakarta Utara (DFJ) (B)",Hyundai,Lainnya,,Lainnya,20.000-25.000,450000000.0
947935703,DP RENDAH - Toyota Vellfire 2.5 G Bensin-AT 2015,".
DP RENDAH - Toyota Vellfire 2.5 G Bensin-AT 2015 Putih 
.
Harga Cash : Hubungi Saya / Chat Me 
Harga Credit : Rp.  358,000,000 ,-
TDP :  41,000,000
Angsuran 4 Tahun : Rp. 10,800,000 ,-
Angsuran 5 Tahun silahkan hubungi untuk informasi lebih lanjut
.
Beli Mobil Terus Untung!!
Beli mobil dan dapatkan bonus saldo digital hingga Rp1.500.000!
*S&K berlaku
.
Keunggulan Unit
1. Pajak : March 2026
2. Odometer : 90.xxx 
3. Like New
4. Tangan Pertama
5. Atas nama  : Perorangan
6. Plat Ganjil
.
GRATIS HOME TEST DRIVE
.
Pembayaran Booking Fee / Pelunasan hanya melalui no rekening 2061/888/995 - BCA - an SERASI MITRA MOBIL PT

TDP promo hanya Berlaku jika:
- BI checking Bersih (tidak pernah ada keterlambatan pembayaran)
- Rumah Milik Pribadi
- Pemasukan/Gaji= 3x Angsuran.
*Bisa di bantu Rumah Kontrak dan BI checking bermasalah dengan TDP 30%* (S&K Berlaku)
.
Kunjungi kami di
OLXmobbi Bekasi
Jl. Jend. Sudirman No.1, Kranji, Kec. Bekasi Bar., Kota Bks, Jawa Barat KODE POS 85825
.
Rudi Hartono - Sales Advisor
OLXmobbi
Ahlinya Mobil Bekas Berkualitas",Toyota,Lainnya,,Lainnya,90.000-95.000,358000000.0
948194205,[ GARANSI 5THN ] Toyota Alphard 2.5 G TSS Pilot Seat 2022/2023/2024,"BELI MOBIL TANPA KHAWATIR BERGARANSI 5 TAHUN!

Toyota Alphard 2.5 G TSS Pilot Seat AT White On Beige NIK 2023, PAJAK BULAN 10 (2026), ODOMETER 42RB KM RECORD AUTHORIZED
-
Focus Motor Belanja Mobil 26 Tahun Membangun Kepercayaan.
Nikmati standar baru kepemilikan mobil bekas dengan garansi komprehensif hingga 5 TAHUN untuk 155 KOMPONEN. BERSERTIFIKAT, BERPOLIS, dan didukung layanan CUSTOMER SERVICE PERSONAL untuk pengalaman berkendara yang aman dan tanpa khawatir.

Belanja Mobil bukan hanya menjual mobil bekas. Kami jual mobil bekas dengan RASA AMAN seperti mobil baru.

5 BELANJA MOBIL PROMISE :
1. Mobil Terinspeksi 155 titik
2. TERGARANSI 5 tahun
3. Harga Transparan
4. Jaminan Trade-in/Buyback
5. After Sales yg baik (Mempunyai Customer Service Personal)

-UNIT 100% BEBAS TABRAK DAN BEBAS BANJIR (garansi uang kembali)
-Dokumen ABSAH
-BONUS! Free Detailing (pembersihan) 2x (1 tahun)
-
OTR KREDIT 765JT
OTR CASH BY CALL

DP Minim
Dp 128jt
Angs 23,184,000 x47 tlo

Dp 113jt
Angs 20,426,000 x59 tlo

Bunga Premium
Dp 140jt
Angs 21,955,000 x47 tlo

Dp 127jt
Angs 19,225,000 x59 tlo

UNTUK REQUEST DP / HITUNGAN LAIN, SILAKAN HUBUNGI KAMI

Harga kredit tertera adalah harga minimal kredit dengan tenor 4 & 5 tahun, diluar itu mengikuti harga Cash (karena kami mensubsidi refund bunga kepada anda)
-
Spesifikasi :
* Tangan Pertama Dari Baru, Pribadi
* TOYOTA SAFETY SENSE (PCS, DRCC, LDA, AHB, PSB, TPMS, ICS)
* Dash Cam Video Recorder
* Electric Sunroof & Moonroof
* Engine 2.5L 2AR-FE Dual VVT-i
* Wireless Charging 
* AC Digital Triple Zone
* Electric Sliding Door (L/R)
* TV Roof Monitor
* Toyota Headunit LCD Touchscreen With Apple Carplay & Android Auto
* Electric Leather Seat (PILOT SEAT) With Memory Seat
* Heater & Cooler Seat With Lumbar Support
* LED Projector Headlamp With DRL, Foglamp LED
* LED Tail Light
* SRS Airbags, ABS, EBD, BA VSC, TRC, COMPLETE SAFETY CAR
* 360 View Parking Camera, Parking Sensor
* Power Back Door
* Kaca Film Vkool
* Buku Manual + Service, Kunci Cadangan Tersedia


LOKASI : Focus Motor Bintaro, Bursa Otomotif Bintaro, Tangerang Selatan (ROQ) (BNT)",Toyota,Lainnya,,Lainnya,40.000-45.000,765000000.0
948199145,[Km26RB] Mercedes-Benz GLA200 Progresive Line AT 2022,"Mercedes Benz GLA200 Progresive Line AT 2022

- Km 26.000 Antik (16.000 Miles)
- Warna Hitam
- Nopol B Ganjil
- Pajak 07-2026
- Atas Nama Perorangan
- Nik 2022
- Free Service 01-07-2027

OTR Kredit 525jt
Cash 565jt",Mercedes-Benz,Lainnya,,Lainnya,25.000-30.000,525000000.0
948194063,DP10% [Km11.000] GLA200 AMG 2023 Black / GLA 200 Reg 2022 #AUTOHIGH,"MERCEDES BENZ GLA200 AMG 2023/2024 BLACK ON BLACK
Km.11.000 Antik!! , Stnk Bulan 03 Register 2024 ( NIK.2023 )
- Monitor Screen Audio MBUX
- Rear Camera
- Speedometer Digital
- Electric Seat + Memory Seat
- Keyless + Engine Start Button 
- Bagasi Power Back Door
- ECO Mode Auto Start-Stop
- Warranty ISP ATPM Mercedes Benz 5 Starts ( 3 Thn Full Spareparts s/d Feb 2027 & 5 Thn Free Service s/d Feb 2029 )

OTR KREDIT : 620JT
OTR CASH : 695JT

Harga Negosiasi Setelah Datang Lihat Unit di Showroom Kami

Pembelian via cash / kredit.. Data luar kota bisa bantu proses, Tersedia jg Paket Total DP Ringan, Tenor hingga 6 tahun ( Proses 1 hari kerja saja )

Segera Rekomendasikan Keluarga / Teman / Kerabat Bapak & Ibu semua untuk membeli Mobil di AUTOHIGH dan dapatkan harga & kualitas terbaik dengan cara Share Link Iklan ini, Terima Kasih !!!

///AUTO HIGH BINTARO
** Bursa Mobil Bintaro A1 - A3
Bintaro Sektor 7, Tangerang Selatan
( Exit Tol Pondok Aren, samping Bank Permata Tower dan Dealer BMW Bestindo )

[[ GUNAKAN SELALU FITUR TELEPON & WHATS APP UNTUK KEAMANAN BERKOMUNIKASI, TERIMA KASIH ]]

Buka Setiap Hari : Pukul 9 Pagi s/d 6 Sore
( Sabtu / Minggu / Hari Libur Tetap Buka )

More Info, Please Call / SMS / Whats App : Pukul 8 Pagi s/d 11 Malam ( Setiap Hari )",Mercedes-Benz,Lainnya,,Lainnya,5.000-10.000,620000000.0
948194031,Honda Civic Turbo Hatchback E 1.5 AT 2017,"Dijual mobil ganteng dan cakep

+ Honda Civic turbo hatchback 1.5 E cvt 
2017 
+ LOW KM 43rb an
+ Service record resmi Honda
+ Plat Ganjil DKI Jakarta 
+ Putih mutiara
+ Jok elektrik kanan dan kiri
+ Mesin sehat
+ Metik responsif
+ AC dingin 
+ Kamera mundur
+ Kaki2 empuk
+ Surat2 lengkap
+ Kunci keyless 2
+ Buku servis dan manual lengkap
+ Faktur dll
+ Mobil siap pakai 
+ Garansi mesin dan metik 1 tahun 
+ Pajak hidup Agustus 2027

Harga cash 
Rp 340 jt

Harga kredit 
Rp 290 jt

DP 40jt
Angsuran 8 jt an x 5 thn

Cash, kredit, tuker tambah dengan mobil lain
Nego khusus ditempat sampai jadi

Wa dan tlp ada di profil

Lokasi Showroom 
Ridho Mobilindo 
Bursa Mobil 
Mall Blok M Square
Gedung Parkir Mall 
Lantai P5 AS Lot A7-A8 
Melawai X,  Kebayoran Baru
Jakarta Selatan",Honda,Lainnya,,Lainnya,40.000-45.000,290000000.0
948193959,[ GARANSI 5THN LOW KM 14RB ] Wuling Air EV Long Range 2022/2023/2024,"BELI MOBIL TANPA KHAWATIR BERGARANSI 5 TAHUN!

Wuling Air EV Long Range AT Pristine White NIK 2023, PAJAK BULAN 12 (2026), ODOMETER VERY LOW 14RB KM
-
Focus Motor Belanja Mobil 26 Tahun Membangun Kepercayaan.
Nikmati standar baru kepemilikan mobil bekas dengan garansi komprehensif hingga 5 TAHUN untuk 155 KOMPONEN. BERSERTIFIKAT, BERPOLIS, dan didukung layanan CUSTOMER SERVICE PERSONAL untuk pengalaman berkendara yang aman dan tanpa khawatir.

Belanja Mobil bukan hanya menjual mobil bekas. Kami jual mobil bekas dengan RASA AMAN seperti mobil baru.

5 BELANJA MOBIL PROMISE :
1. Mobil Terinspeksi 155 titik
2. ⁠TERGARANSI 5 tahun
3. ⁠Harga Transparan
4. ⁠Jaminan Trade-in/Buyback
5. ⁠After Sales yg baik (Mempunyai Customer Service Personal)

-UNIT 100% BEBAS TABRAK DAN BEBAS BANJIR (garansi uang kembali)
-Dokumen ABSAH
-BONUS! Free Detailing (pembersihan) 2x (1 tahun)
-
OTR KREDIT 120JT
OTR CASH BY CALL / WA

Bunga Premium
Dp 56jt
Angs 3.367.000 x47 tlo

Dp 54jt
Angs 2.925.000 x59 tlo

UNTUK REQUEST DP & SIMULASI KREDIT LAIN SILAKAN HUBUNGI KAMI

Harga kredit tertera adalah harga minimal kredit dengan tenor 4 & 5 tahun, diluar itu mengikuti harga Cash (karena kami mensubsidi refund bunga kepada anda)
-
Spesifikasi :
* Battery Type Lithium Ferro Phosphate IP67 rating
* Jarak Tempuh Batre Full Up To 300 Km
* Keyless Start Stop Engine
* Electric With Auto Mirror
* Tilt Steering
* WIND (Wuling Indonesia Voice Command), IoV (Internet Of Vehicle)
* Audio Steering Switch + Infotainment Steering Control
* MID Full Instrument Cluster
* 10.25 Inch Integrated Floating wide Screen And Smart Start System
* Full LED Headlamp, Foglamp LED
* 2 SRS Airbags, ABS, EBD, BA, VSC COMPLETE SAFETY CAR
* Electric Parking Brake, Electric Auto Hold
* Rear Parking Camera, Parking Sensor

LOKASI : Bursa Otomotif Mangga Dua Square, Focus Motor, Jakarta Utara (PNP) (B)",Wuling,Lainnya,,Lainnya,10.000-15.000,120000000.0
948193910,Toyota Innova Venturer Diesel Solar 2.4 AT 2021 KM rendah,"Permisi, saya mau jual mobil saya :

Toyota Kijang Innova Venturer 2.4 
Diesel 
AT 
Silver metalik
2021
Km 47.100 
Tangan PERTAMA
Pajak sampai Oktober 2026
Mesin sangat terawat
Servis rutin di bengkel resmi Astrido (bukti lengkap)
SRS Airbags
AC Double
Surat2 lengkap
Mobil standard dari beli sampai sekarang
Lokasi : Wisma BCA Pondok Indah, Jakarta Selatan

Terima kasih",Toyota,Lainnya,,Lainnya,45.000-50.000,410000000.0
948193882,LOW KM 18RB BMW 520I 2.0 AT SUNROOF 2013,"Bmw 520i 2.0 At 2013

Credit price 240jt

Rare item!!!

Well maitenance

Fast moving
Perorangan
Odo 18rb 
Pajak on bln 4-2027
Plat GENAP
Start stop engine
Sensor Parkir
Central Locking
Jok kulit
Electric seat
Keyless Entry
Panoramic sunroof
Camera
Eksterior mulus
Interior masih rapih
Mesin kering
Kaki kaki aman
Good condition
Mobil siap pakai


FULL SPECS
Dijamin Odomater asli dan bukan rekayasa. 

Tersedia proses credit yang mudah dan terpercaya. 
Untuk proses kredit kami bantu Samapi approve

Sangat cocok untuk yang cari mobil siap pakai dan bagus. 

SECOND RASA BARU!! 

#Jaminan BEBAS TABRAK & BANJIR
#Surat2 dijamin asli keabsahannya
#Garansi uang 100% kembali


Kami juga melayani
- jual beli
- tukar tambah
- cash dan kredit



Wtc mangga 2
Lantai 3a No 61 
ABBA CARS",BMW,Lainnya,,Lainnya,10.000-15.000,240000000.0
948193860,Toyota kijang innova zenix g non hybrid bensin 2023 pk 2024 hitam,"DIJUAL 

Toyota Kijang Innova Zenix 2.0 G Non Hybrid CVT Bensin AT Hitam Metalik Pemakaian 2024 NIK 2023, PAJAK BULAN 1 (2027), ODOMETER 52RB KM RECORD AUTHORIZED

OTR Kredit 294 JT
OTR CASH 337 JT NEGO

PLAT B GENAP ( foa ) 


Spesifikasi :
• Tangan Pertama Dari Baru, PT
• Engine M20A-FKS 2.0 cc 4-Silinder
• 6 Speed Transmission Automatic
• Keyless Start Stop Engine
• Electric Miror
• Audio Steering Switch
• AC Digital Single Zone With Blower
• MID Digital Cluster
• Infotainment System Touchscreen With Android Auto & Apple Carplay
• Jok Original Fabric
• LED Multireflector Headlamp
• SRS Airbags, ABS, EBD, BA, VSC, COMPLETE SAFETY CAR
• Rear Parking Camera, Parking Sensors
• Electric Park Brake, Traction Control System, Electric Hold Brake
• Kaca Film Llumar
• Buku Manual + Service, Kunci Cadangan Tersedia

proses kredit bisa dibantu( rumah sewa dll s&k)
ktp daerah bisa (daerah tertentu)..
Terima jual-beli ,tukar tambah ( cash / kredit )
Unit tidak bekas tabrakan dan banjir (boleh cek ke bengkel resmi dulu ) . 

Minat cepat hubungi 
Regina ( call / WA )",Toyota,Lainnya,,Lainnya,50.000-55.000,294000000.0
948193818,[ GARANSI 5THN ] Hyundai Santafe Santa Fe XG 2.4 Bensin 2018/2019/2020,"BELI MOBIL TANPA KHAWATIR BERGARANSI 5 TAHUN!

Hyundai Santafe Santa Fe XG 2.4 Bensin Panoramic AT Putih NIK 2019, PAJAK BULAN 10 (2026), ODOMETER VERY LOW 42RB KM
-
Focus Motor Belanja Mobil 26 Tahun Membangun Kepercayaan.
Nikmati standar baru kepemilikan mobil bekas dengan garansi komprehensif hingga 5 TAHUN untuk 155 KOMPONEN. BERSERTIFIKAT, BERPOLIS, dan didukung layanan CUSTOMER SERVICE PERSONAL untuk pengalaman berkendara yang aman dan tanpa khawatir.

Belanja Mobil bukan hanya menjual mobil bekas. Kami jual mobil bekas dengan RASA AMAN seperti mobil baru.

5 BELANJA MOBIL PROMISE :
1. Mobil Terinspeksi 155 titik
2. ⁠TERGARANSI 5 tahun
3. ⁠Harga Transparan
4. ⁠Jaminan Trade-in/Buyback
5. ⁠After Sales yg baik (Mempunyai Customer Service Personal)

-UNIT 100% BEBAS TABRAK DAN BEBAS BANJIR (garansi uang kembali)
-Dokumen ABSAH
-BONUS! Free Detailing (pembersihan) 2x (1 tahun)
-
OTR KREDIT 295JT
OTR CASH by call / wa

DP Minim
Dp 48jt
Angs 8.828.500x47 tlo

Dp 42jt
Angs 7.797.000 x59 tlo

Bunga Premium
Dp 58jt
Angs 8.210.000 x47 tlo

Dp 53jt
Angs 7.206.500 x59 tlo

UNTUK REQUEST DP & SIMULASI KREDIT LAIN SILAKAN HUBUNGI KAMI

Harga kredit tertera adalah harga minimal kredit dengan tenor 4 & 5 tahun, diluar itu mengikuti harga Cash (karena kami mensubsidi refund bunga kepada anda)
-
Spesifikasi :
* Electric Panoramic Sunroof
* Engine 2.4 Bensin Automatic
* Keyless Start Stop Engine
* Audio Steering Switch, Paddle Shift With Cruise Control
* AC Digital Dual Zone
* MID Digital
* Infotainment System Touchscreen With Phone Connection
* Electric Leather Seat
* LED Headlamp With DRL, Foglamp
* LED Stop Lamp
* SRS Airbags, ABS, EBD, BA COMPLETE SAFETY CAR
* Rear Parking Camera, Parking Sensor, Electric Park Brake, Traction Control
* Power Back Door
* Kaca Film Llumar
* Buku Manual, Buku Service, Kunci Cadangan Tersedia

LOKASI : Bursa Otomotif Mangga Dua Square, Focus Motor, Jakarta Utara. (WCS) (A)",Hyundai,Lainnya,,Lainnya,40.000-45.000,295000000.0
948193816,[ GARANSI 5THN ] Hyundai Santafe Santa Fe XG 2.4 Bensin 2018/2019/2020,"BELI MOBIL TANPA KHAWATIR BERGARANSI 5 TAHUN!

Hyundai Santafe Santa Fe XG 2.4 Bensin Panoramic AT Putih NIK 2019, PAJAK BULAN 10 (2026), ODOMETER VERY LOW 42RB KM
-
Focus Motor Belanja Mobil 26 Tahun Membangun Kepercayaan.
Nikmati standar baru kepemilikan mobil bekas dengan garansi komprehensif hingga 5 TAHUN untuk 155 KOMPONEN. BERSERTIFIKAT, BERPOLIS, dan didukung layanan CUSTOMER SERVICE PERSONAL untuk pengalaman berkendara yang aman dan tanpa khawatir.

Belanja Mobil bukan hanya menjual mobil bekas. Kami jual mobil bekas dengan RASA AMAN seperti mobil baru.

5 BELANJA MOBIL PROMISE :
1. Mobil Terinspeksi 155 titik
2. ⁠TERGARANSI 5 tahun
3. ⁠Harga Transparan
4. ⁠Jaminan Trade-in/Buyback
5. ⁠After Sales yg baik (Mempunyai Customer Service Personal)

-UNIT 100% BEBAS TABRAK DAN BEBAS BANJIR (garansi uang kembali)
-Dokumen ABSAH
-BONUS! Free Detailing (pembersihan) 2x (1 tahun)
-
OTR KREDIT 295JT
OTR CASH by call / wa

DP Minim
Dp 48jt
Angs 8.828.500x47 tlo

Dp 42jt
Angs 7.797.000 x59 tlo

Bunga Premium
Dp 58jt
Angs 8.210.000 x47 tlo

Dp 53jt
Angs 7.206.500 x59 tlo

UNTUK REQUEST DP & SIMULASI KREDIT LAIN SILAKAN HUBUNGI KAMI

Harga kredit tertera adalah harga minimal kredit dengan tenor 4 & 5 tahun, diluar itu mengikuti harga Cash (karena kami mensubsidi refund bunga kepada anda)
-
Spesifikasi :
* Electric Panoramic Sunroof
* Engine 2.4 Bensin Automatic
* Keyless Start Stop Engine
* Audio Steering Switch, Paddle Shift With Cruise Control
* AC Digital Dual Zone
* MID Digital
* Infotainment System Touchscreen With Phone Connection
* Electric Leather Seat
* LED Headlamp With DRL, Foglamp
* LED Stop Lamp
* SRS Airbags, ABS, EBD, BA COMPLETE SAFETY CAR
* Rear Parking Camera, Parking Sensor, Electric Park Brake, Traction Control
* Power Back Door
* Kaca Film Llumar
* Buku Manual, Buku Service, Kunci Cadangan Tersedia

LOKASI : Bursa Otomotif Mangga Dua Square, Focus Motor, Jakarta Utara. (WCS) (A)",Hyundai,Lainnya,,Lainnya,40.000-45.000,295000000.0
948193807,TOYOTA KIJANG INNOVA G AT BENSIN 2019 HITAM ISTIMEWA TT 2018 MATIC,"( Jual Mobil Berkualitas Dengan Harga Terbaik ) 

Toyota Innova G AT Bensin
Tangan Pertama Dari Baru
Warna Hitam
NIK 2019
KM 90.000an Asli ( Service Record Toyota )
Pajak Panjang 1 Tahun sd 08 - 2027

• Dual SRS AirBag, Rem ABS
• Audio Touchscreen, Steering Switch
• AC Double Blower, ECO / Power Mode
• Mobil Sangat Terawat
• Body Original, Interior Bersih
• Dijamin Bebas Tabrak / Banjir
• Kondisi Istimewa Siap Pakai

Harga Khusus Kredit  Rp. 215,000,000
( Paket Kredit Termurah )

PAKET DP RENDAH
DP           :   40,000,000
Cicilan   :      5,557,028 x47
Cicilan   :      4,868,122 x59

PAKET CICILAN RENDAH
DP          :   60,000,000
Cicilan  :      4,966,320 x47
Cicilan  :      4,350,644 x59

Harga Cash ( Telpon / Whatsapp )

• Terima Tukar Tambah 
• Simulasi Kredit Lain nya Bisa Via Chat
• Data Kredit Akan Dibantu Sampai Approve
• Khusus Kredit Garansi Mesin & Transmisi 2 Tahun

Wijaya Mobilindo
WTC Mangga Dua 
Lantai 7 Blok C21 & F21
Ancol - Jakarta Utara
( Buka Setiap Hari 10.00 - 17.30 )",Toyota,Lainnya,,Lainnya,85.000-90.000,215000000.0
947956067,2020 TOYOTA FORTUNER GR 2.8 2021 DIESEL 4X2 2022 HITAM METALIK,"TOYOTA FORTUNER GR 2.8 DIESEL 2022
.
Price:
KREDIT
425jt
Tdp 85jt
Angsuran 10.659.896 x 47 bulan
Angsuran 9.124.871 x 59 bulan
.
CASH
475jt NEGO
.
Nik 2022
Odo 65rb Km
Plat B Ganjil
Tax 02.2027
Service Record Toyota
.
Fitur Fitur Mobil :
.
* AC Digital Dual Zone
* 3 Row 7 Seater
* NFC Integrated
* Wireless Charging & Apple Carplay
* Tilt & Telescopic Steering
* Cruise Control
* Entertainment Roof TV & 360 Cameras
* Start/Stop Engine Push Button
* Keyless Access
* Paddle Shift
.
BPKB 
Stnk 
Faktur 
Nik 
Kunci Serep (total 2 kunci) 
.
GARANSI BEBAS TABRAK & BEBAS BANJIR
GARANSI MESIN DAN TRANSMISI",Toyota,Lainnya,,Lainnya,60.000-65.000,425000000.0
945596180,Ford Everest XLT TDCI Diesel AT 2009 FullOriginal Super Istimewa Antik,"(   BARCODE SOLAR READY  ) 
       
OTR118JT  EVEREST XLT TDCI DIESEL AT 2009 FULLORIGINAL SUPER ISTIMEWA ANTIKKKKKK
FORD EVEREST TDCI 2.5  XLT TDCI  AUTOMATIC DIESEL
 New Model All New 
TAHUN  2009  TDCI  DIESEL AUTOMATIC
  tipe paling komplit ( 2.5 XLT TDCI BIO SOLAR  )
JOK KULIT ASLI
FACE LIFT
Full orisinil 
AC DOUBEL
jok kulit Asli interior mewah 
Spoiler lengkap
FOGLAMP
SUPER ANTIK TIDAK ADA DUANYA SE INDONESIA 
VELG RACING  
SPION SEN
ELECTRIC MIRROR
KONDISI SEPERTI BARU 
TIDAK ADA DUANYA SE INDONESIA 
SILAHKAN LIHAT DAN BUKTIKAN

Harga CASH Super murah 
=   128     jt 

Harga CASH ONLY

- 1000% Full orisinil
- Mulus sekali tanpa cacat sedikitpun
- interior bersih lux masih wangi baru
-  Allnew TDCI XLT DIESEL AT Diesel
- AC DOUBEL  BLOWER + Doubel Airbag
Tidak Ada Duanya Se Indonesia
- Perfect Condition
- Km Rendah  Super Antik Gresssssss Masih Kaya Mobil Baru
- AUTOMATIC  DIESEL responsif dan
 bertenaga sekali
- tipe paling lengkap 
- kondisi sangat istimewa 
- tidak ada duanya
- barang sangat terawat sekali - interior asli mewah sekali
- AC DOUBEL Blower + TV DVD CD MP3 USB + electric mirror+foglaamp+ power window +power sterring+ velg racing + jok kulit  mewah lux + Sensor Parking 
- sangat terawat
- perfect condition
- sangat terawat sekali
- Nik  2008
- super istimewa
- lihat pasti suka 
- antik sekali
- siap pakai luar kota 
- barang super istimewa 
- kondisi seperti baru 
( MOBIL SUPER ISTIMEWA SILAHKAN LIHAT DAN BUKTIKAN )
TIDAK ADA DUANYA SE INDONESIA

Lebih cepat lebih bagus lihat unit mobilnya

Hubungi =    O .877-9467-2068

Wtc mangga Dua lantai 11  i 27 
( P 11 i 27 )  DI POJOK UJUNG Depan Parkir Biliard Ada Tangga Kecil Turun Kebawah 
Gunung Sahari raya depan ancol

 Segera hubungi untuk keterangan selanjutnya ( tidak menerima sms )",Ford,Lainnya,,Lainnya,85.000-90.000,118000000.0
947959156,[ AWD - BERGARANSI ] BYD Seal Performance 3.8s AT 2024/2025/2026,"BELI MOBIL TANPA KHAWATIR BERGARANSI 5 TAHUN!

BYD Seal Performance 3.8s AWD Fullspec AT Arctic Blue NIK 2024, PAJAK BULAN 8 (2027), ODOMETER 28RB KM RECORD AUTHORIZED

*GARANSI BYD 6 TAHUN ATAU 150.000 KM, GARANSI BATERAI 8 TAHUN*
-
Focus Motor Belanja Mobil 26 Tahun Membangun Kepercayaan.
Nikmati standar baru kepemilikan mobil bekas dengan garansi komprehensif hingga 5 TAHUN untuk 155 KOMPONEN. BERSERTIFIKAT, BERPOLIS, dan didukung layanan CUSTOMER SERVICE PERSONAL untuk pengalaman berkendara yang aman dan tanpa khawatir.
-

-UNIT 100% BEBAS TABRAK DAN BEBAS BANJIR (garansi uang kembali)
-Dokumen ABSAH
-Bonus!
Free Detailing (pembersihan) 2x (1 tahun)

-
OTR KREDIT 461 JT
OTR CASH BY CALL

Bunga Premium
Dp 167jt
Angs 10.815,000 x47 tlo

Dp 161jt
Angs 9.375,000 x59 tlo

UNTUK REQUEST DP / HITUNGAN LAIN, SILAKAN HUBUNGI KAMI

Harga kredit tertera adalah harga minimal kredit dengan tenor 4 & 5 tahun, diluar itu mengikuti harga Cash (karena kami mensubsidi refund bunga kepada anda)
-
Spesifikasi :
* Tangan Pertama Dari Baru, Pribadi
* Portable Charger Tersedia
* Panoramic Glass Roof
* Dynaudio Sound System With Subwoofer
* Kapasitas Batre 82.56 kWh 530 Hp (670 Nm) Blade Battery
* Jarak Tempuh Full Batre 580 KM
* Ambience Lighting, Flush Door Handle, Wireless Charging With NFC
* Audio Steering Switch, Paddle Shift With Adaptive Cruise Control
* Speedo Meter Instrument Cluster With Track Pad
* 15.6 Inch Infotainment System With Apple Carplay And Android Auto (bisa di putar Landscape/Potrait)
* Electric Black Leather Seat With Lumbar Support (L/R)
* Full LED Headlamp With DRL, Foglamp LED, Full LED Tail Light
* 360 View Parking Camera, Parking Sensor
* Power Back Door
* Kaca Film Vkool
* Buku Service, NFC Card, Kunci Cadangan Tersedia

LOKASI : Bursa Otomotif Mangga Dua Square, Focus Motor, Jakarta Utara. (PNP) (A)",BYD,Lainnya,,Lainnya,25.000-30.000,461000000.0
947811499,Lexus RX300 F-Sport 2018 72rb KM Record ATPM no minus body full ori,"Lexus RX300 F-Sport 2018

Odo 72,000 KM
Tax 12 2026
Plat B 999 TOP
NIK 2018
Service Record Lexus
Sonic Titanium on Black
Ban 4 Gondrong

*Specs:
2000cc Turbo 4-Cylinder
Engine Type 8AR-FTS
235HP @ 4,800-5,600 rpm
350Nm @ 1,650-4,000 rpm
6-Speed Automatic Transmission
Front-Wheel Drive (FWD)
0-100 km/h 9.2 seconds
Top Speed 200 km/h

F SPORT Exclusive:
F SPORT Grille
F SPORT Leather Semi-Bucket Seats
F SPORT Leather Interior
F SPORT Steering Wheel & Shift Knob
F SPORT Aluminum Interior Trim
Aluminum Sport Pedals
LFA-Inspired F SPORT Speedometer
20-Inch F SPORT Dark Metallic Wheels
Adaptive Variable Suspension (AVS)
Drive Mode Select: Normal, Eco, Sport S & Sport S+
G Sensor

Comfort & Interior:
Panoramic Roof
Power Adjustable Steering Wheel
8-Way Power Adjustable Front Seats
Front Seat Heater & Cooler
Rear Seat Heater
Dual-Zone Independent Climate Control
Auto Retractable Mirrors
Electrochromatic Rear View Mirror
Smart Keyless Entry & Push Start
Power Back Door with Kick Sensor
Illuminated Door Handles
Wireless Charger
Head-Up Display
Lexus Navigation System
Multi-Information Display
Analog Clock

Entertainment:
12.3-Inch Touchscreen Display
Mark Levinson Premium Audio with 15 Speakers
Apple CarPlay
Android Auto
Bluetooth Connectivity
USB / iPod Playback
AUX
AM/FM Tuner
DVD Player

Exterior & Lighting:
3-Projector LED Headlamps
LED DRL
Sequential Front Turn Signals
LED Rear Combination Lamps
Sequential Rear Turn Signals
LED Cornering Lamps
Headlamp Cleaner
Auto-Leveling Headlamps
F SPORT Exterior Styling

Safety:
10 SRS Airbags
ABS + Brake Assist
Electronic Parking Brake
Vehicle Stability Control (VSC)
Blind Spot Monitor (BSM)
Panoramic View Monitor (360° Camera)
Parking Assist Monitor
LED Cornering Lamps
High-Strength Collision-Absorbing Body Structure

Dimensions:
4890 x 1895 x 1690 mm
Wheelbase 2790 mm
Ground Clearance 200 mm
Fuel Tank 72 Liters
5-Seater

Wheels & Tires:
20-Inch F SPORT Wheels
235/55 R20 Tires

Mobil tidak bekas tabrakan / kebanjiran, siap general check up Lexus resmi.

Harga Khusus Paket Kredit 4-5th
Mitsui Leasing:

OTR 565jt
TDP 65jt
Angsuran 14,823,000 x59
Angsuran 16,336,000 x47
Asuransi TLO

Cash 610jt

Lokasi: Masbro Cars Showroom, Jalan Panjang no 2, Jakarta Barat, 11530

#lexusindonesia #juallexus #belilexus #jualanlexus #rx300",Lexus,Lainnya,,Lainnya,65.000-70.000,565000000.0
947907209,Mitsubishi Triton Double Cabin tahun 2021,"Mitsubishi Triton Double Cabin 
Tahun 2021
Bahan bakar diesel
Jarak tempuh 80 ribuan
Warna putih
Transmisi manual",Mitsubishi,Lainnya,,Lainnya,80.000-85.000,260000000.0
948075477,BMW 530i G30  Facelift LCI 2022 Putih Favorit DP Murah Terawat Mulus,"BMW 530i G30 
Facelift LCI 2022

NIK 2022
Odo 18rb Miles
Plat F Ganjil
Pajak 08 2027*
Adaptive Cruise control
G30 LCI Full Option
Tangan Pertama

BMW Indonesia Warranty:
BSI sd 06 2027

Specs:
2.0L Inline-4 B48 Engine
Twin-Scroll Turbocharger
ZF8 Transmission
RWD Drivetrain
BMW Adaptive cruise control
BMW i-Drive 7 Software
G30 LCI Original bodykits
G30 LCI Original Rims
G30 LCI Steering wheel
Premium Luxury leather
Apple carplay/Android auto
Multi-control leather seats
Paddle Shifter
BMW Adaptive LED
Ambient light interior
Harman Kardon Audio
BMW gesture control
Rear-View Camera
Park Assist
Sunroof

KHUSUS Paket Kredit
DP Rendah:
OTR 765
TDP 185
Angs 19,740,000 (4th)
Angs 16,556,000 (5th)
Asuransi Kombinasi 

KHUSUS Promo
Bunga 0% (Limited offer)
TDP 579
Angs 28,300,000 (1th)
Asuransi Allrisk

*Bonus*:
1. Free Premium detailing interior exterior dan mesin.
2. Free fogging anti bacterial n virus.
3. Garansi mesin dan transmisi 1th by Otospector
4. ⁠Emergency Towing coverage.
5. ⁠Free Jasa Service seumur hidup.
6. Garansi sertifikat lulus Inspeksi by Otospector.

Promo Special:
1. *PROMO BUNGA 0%*
2. *PROMO BUNGA RENDAH BCAF*
3. *PROMO TDP RENDAH*

Cash 849

Terima Tukar Tambah 

Lokasi: Garasi Bloko",BMW,Lainnya,,Lainnya,20.000-25.000,765000000.0
948193681,Mini Cooper S Countryman 2017 Bensin,"Merek mobil: Mini
Tahun pembuatan: 2017
Model mobil: Cooper S Countryman
Varian mobil: mini-cooper-s-countryman-2.0-bensin-at-AT
Jenis bahan bakar mobil: Bensin
Jarak tempuh mobil: 30000
Warna mobil: Silver
Transmisi mobil: Otomatis
Tipe penjual: Dealer",Mini,Lainnya,,Lainnya,25.000-30.000,385000000.0
948156803,HOT ITEMS ! Hyundai Ioniq 5 EV Signature Long Range 2023,"Hyundai Ioniq 5 EV
Signature Long Range 2023

NIK 2023 
Pajak 08 2027
Odo 33rb Kilometer
Plat B Ganjil
Signature Long Range
Optic White Metallic on Black
Whiteout cosmetics
Tangan Pertama

HMI Warranty:
EV Battery - Jun 2031

Spec:
72.6kWh Li-Ion Battery
Liquid Cooled Lithium-Ion
Single Speed Reduction Gear
EV Range 451KM+*
217ps 350Nm 
Shift-by-wire transmission
Regenerative braking
Drive modes
Apple Carplay / Android Auto
Hyundai SmartSense
Bose Premium Sound system
Premium Leather Seats
Panoramic roof
Hyundai Driving Assist
Active Radar System
Lane Keep Assist (LKA,LDW)
Blind spot monitoring
EV Energy monitor
Whiteout cosmetics
Blackout Rims

KHUSUS paket kredit
DP Rendah:
OTR 430
TDP 169
Angs 10,347,000 (4th)
Angs 8,731,000 (5th)
Asuransi Kombinasi 

KHUSUS Promo
Bunga 0% (Limited offer)
TDP 329
Angs 16,167,000 (1th)
Asuransi TLO

*Bonus*:
1. Free Premium detailing interior exterior dan mesin.
2. Free fogging anti bacterial n virus.
3. Garansi mesin dan transmisi 1th by Otospector
4. ⁠Emergency Towing coverage.
5. ⁠Free Jasa Service seumur hidup.
6. Garansi sertifikat lulus Inspeksi by Otospector.

Promo Special:
1. *PROMO BUNGA 0%*
2. *PROMO BUNGA RENDAH BCAF*
3. *PROMO TDP RENDAH*

Cash 485

Lokasi: Garasi Bloko",Hyundai,Lainnya,,Lainnya,30.000-35.000,430000000.0
945694874,2013 Porsche Cayman 981 terawat,"2013 Porsche Cayman 981
Odo 8000 miles
Full option
Atas nama sendiri
Modif bodykit ke GT4
Pajak on oktober 2026
Surat2 lengkap
Bebas banjir dan laka
No Fault
Langsung pemilik",Porsche,Lainnya,,Lainnya,5.000-10.000,1299000000.0
948193658,Toyota Rush S 1.5 AT 2013 3 Baris,"Deskripsi:
Type : Toyota Rush S TRD 1.5 AT 2013
* Bukan Bekas Laka, Kebanjiran, & Curanmor
* Km 109Rb
* Bodi Mulus
* Mesin Halus
* Ban 80%
* Garansi Mesin dan Transmisi 30hr dari tanggal pembelian
* Sudah Poles dan Detailing

Kelengkapan Surat-surat
* BPKB, STNK, & Faktur Ready (Dijamin Keabsahannya)
* Plat B Ganjil Tangsel
* Kunci 2 
* Pajak April 2027
* Plat 2028

Harga Cash : Rp. 122.000.000,-
Nego 

Otobest 
Jl.Dermaga Raya No.9A Duren sawit Jakarta Timur",Toyota,Lainnya,,Lainnya,105.000-110.000,122000000.0
948193602,Km 11rb honda hrv rs hybrid sensing 2025 coklat sand khaki,"DIJUAL

All New Honda HRV HR-V HR V 1.5 RS Hybrid e HEV Sensing CVT AT Sand Khaki Pearl NIK 2025, PAJAK BULAN 7 (2027), ODOMETER VERY LOW 11RB KM

GARANSI HONDA 3 TAHUN ATAU 100,000 KM

OTR Kredit 400 JT
OTR CASH 450 JT NEGO

PLAT B GANJIL ( hzg ) 


Spesifikasi :
• Tangan Pertama Dari Baru, Pribadi
• Honda SENSING (PCS, DRCC, LDA, AHB, PSB, TPMS, ICS)
• Panoramic Sunroof
• Engine 1.498 cc DOHC i-VTEC Hybrid 131 PS - 106 PS (253 Nm - 127 Nm)
• Keyless Start Stop Engine
• Reverse Auto-Tilt Side Door Mirror
• Wireless Charging
• Deceleration Paddle Selectors
• Tilt and Telescopic Steering
• Electric Mirror And Retract
• AC Digital Single Zone
• Audio Steering Switch, Paddle Shift
• 7 Inch Instrument Cluster
• Floating Headunit LCD Touchscreen With Apple Carplay And Android Auto
• Adjustable Leather Seat
• Full LED Headlamp With DRL, Foglamp LED
• Auto High-Beam with Adaptive Driving Beam
• Full LED Rear Light Strip
• SRS Airbags, ABS, BA, EBD, HSA, HDC, COMPLETE SAFETY CAR
• Rear Parking Camera With Honda Land Watch, Parking Sensor
• Electric Park Brake, Electric Brake Hold, Vehicle Stability Control
• Power Back Door
• Kaca Film Wincos
• Buku Service, Buku Manual, Buku Audio Tersedia


proses kredit bisa dibantu( rumah sewa dll s&k)
ktp daerah bisa (daerah tertentu)..
Terima jual-beli ,tukar tambah ( cash / kredit )
Unit tidak bekas tabrakan dan banjir (boleh cek ke bengkel resmi dulu ) . 

Minat cepat hubungi 
Regina ( call / WA )",Honda,Lainnya,,Lainnya,10.000-15.000,400000000.0
948193552,Suzuki Carry Tayo Pickup 1.5 MT 2021 Km low,"Bismillah
Deskripsi:
Type : Suzuki Carry “Tayo” 1.5 MT AC PS 2021
* Bukan Bekas Laka, Kebanjiran, & Curanmor
* Power Steering
* AC Dingin
* Km 21Rb
* Bodi Mulus
* Mesin Halus
* Ban 80%
* Garansi Mesin dan Transmisi 30hr dari tanggal pembelian
* Sudah Poles dan Detailing

Kelengkapan Surat-surat
* BPKB, STNK, & Faktur Ready (Dijamin Keabsahannya)
* Plat B Ganjil DKI
* Kunci 1
* Pajak Desember 2026
* Kir Panjang
* Plat 2026

Harga Cash
Rp. 117.000.000,-

Bisa/melayani Balik Nama atau Mutasi Keluar atau Perpanjangan Pajak

Unit Jelas, Harga Ikhlas, Dibeli Tenang, & Dipakai Nyaman

OTOBEST
Jl. Dermaga raya No.9A
RT.10/RW.8, Klender, Duren Sawit, Kota Jakarta Timur, Daerah Khusus Ibukota Jakarta 13470",Suzuki,Lainnya,,Lainnya,15.000-20.000,117000000.0
948193518,Jual Mobil Alphard 2012 (Second),"Alphard ANH20 2012 (regis 2013)
Kondisi istimewa
ODO 40rb KM (full record)
Pemakaian pribadi
Nomor ganjil
Interior mint condition

Harga Rp. 235JT",Toyota,Lainnya,,Lainnya,40.000-45.000,235000000.0
948193510,Mazda CX-5 2.5 GT 2020 Hitam CX5 GT Camera360 Powerbackdoor No LAKABjr,"Mazda CX-5 2.5 GT 2020
Warna            : Hitam
Transmisi      : Matic
Bahan Bakar : Bensin

Spesifikasi Kendaraan

2500 CC
KM 70Ribuan Record
TGN1
Upgrade Power Back Door
Kamera 360 
Plat Ganjil
Sunroof
Jok Kulit
Start Engine
interior terawat
Pajak bulan 06 2026
Ban masih bagus
eksterior mulus
elektrik masih normal semua
Surat2 Kendaraan dijamin lengkap dan asli
kalo liat pasti suka

Harga Paket Kredit 299 Juta

TDP 48Jt
Angsuran : 9.054000x 47
angsuran : 8.022.000 x 59

Cash by Phone / Wa

note  Dp sudah termasuk angsuran pertama

Harga Cash Bs Wa/Call

*A&S Auto Gallery (Susi)
Jl.Imam Bonjol no 8A ,Karawaci-Tangerang
# 100% Mesin Bukan Bekas Banjir /Major Accident
#Dokumen mobil dijamin kelengkapan dan keabsahannya
# Bukan Mobil Bekas Lelang/Tarikan Leasing
# Menerima Tukar Tambah Mobil, *SK berlaku",Mazda,Lainnya,,Lainnya,65.000-70.000,299000000.0
947403391,[GARANSI 5TH] Mercedes Benz Mercy C200 C 200 Avantgarde 2018/2019/2020,"BELI MOBIL TANPA KHAWATIR BERGARANSI 5 TAHUN!

Mercedes Benz Mercy C200 C 200 W205 Avantgarde Line Facelift AT White On Black NIK 2019, PAJAK BULAN 1 (2027), ODOMETER ANTIK VERY LOW 37RB KM
-
Focus Motor Belanja Mobil 26 Tahun Membangun Kepercayaan.
Nikmati standar baru kepemilikan mobil bekas dengan garansi komprehensif hingga 5 TAHUN untuk 155 KOMPONEN. BERSERTIFIKAT, BERPOLIS, dan didukung layanan CUSTOMER SERVICE PERSONAL untuk pengalaman berkendara yang aman dan tanpa khawatir.
-

-UNIT 100% BEBAS TABRAK DAN BEBAS BANJIR (garansi uang kembali)
-Dokumen ABSAH
-Bonus!
Free Detailing (pembersihan) 2x (1 tahun)

-
OTR KREDIT 389 JT
OTR CASH BY CALL

Bunga Premium
Dp 97jt
Angs 10.690,500 x47 tlo

Dp 91jt
Angs 9.263,500 x59 tlo

UNTUK REQUEST DP / HITUNGAN LAIN, SILAKAN HUBUNGI KAMI

Harga kredit tertera adalah harga minimal kredit dengan tenor 4 & 5 tahun, diluar itu mengikuti harga Cash (karena kami mensubsidi refund bunga kepada anda)
-
Spesifikasi :
* Engine 1.497 cc 181 Hp (280 Nm) Turbo
* 9 Speed G-Tronic Automatic
* Paddle Shift, Cruise Control
* AC Dual Zone
* MID Digital Cluster With Track Pad
* 12,3 Inch Infotainment System Navigasi, Multimedia, Phone Connection With Command Control
* Electric Leather Seat With Memory Seat (L/R)
* High Performance LED Headlamp
* LED Tail Light
* SRS Airbags, ABS, EBD, BA, VSC, COMPLETE SAFETY CAR
* Rear Parking Camera, Parking Censor
* Kaca Film Llumar
* Buku Manual, Kunci Cadangan Tersedia

LOKASI : Bursa Otomotif Mangga Dua Square, Focus Motor, Jakarta Utara. (NIA) (A)",Mercedes-Benz,Lainnya,,Lainnya,35.000-40.000,389000000.0
948193488,Km 62rb mazda cx5 gt 2017 sunroof silver audio bose pajak panjang,"DIJUAL 

Mazda CX-5 CX5 CX 5 2.5 GT BOSE Sunroof AT Silver NIK 2017, PAJAK BULAN 7 (2027), ODOMETER 62RB KM RECORD AUTHORIZED


OTR Kredit 225 JT
OTR CASH 270 JT NEGO

PLAT B GANJIL ( ttb ) 


Spesifikasi :
• Electric Sunroof
• BOSE Sound System
• Engine 2.5 Skyactive-G Technology
• Keyless Start Stop Engine
• AC Digital Dual Zone
• Audio Steering Switch, Cruise Control
• Headunit LCD Touchsreen Navigasi, Multimedia With Command Control
• Electric Leather Seat
• Adaptive LED Headlight With DRL, Fog Lamp LED
• SRS Airbags ABS, VSC, EBD, BA, COMPLETE SAFETY CAR
• Rear Parking Camera, Parking Sensor
• Electric Park Brake, Auto Hold Brake, i-Stop System, Traction Control
• Power Back Door
• Kaca Film 3M
• Buku Manual, Buku Service, Kunci Cadangan Tersedia

proses kredit bisa dibantu( rumah sewa dll s&k)
ktp daerah bisa (daerah tertentu)..
Terima jual-beli ,tukar tambah ( cash / kredit )
Unit tidak bekas tabrakan dan banjir (boleh cek ke bengkel resmi dulu ) . 

Minat cepat hubungi 
Regina ( call / WA )",Mazda,Lainnya,,Lainnya,60.000-65.000,225000000.0
948193456,Toyota Voxy 2018,"Toyota Voxy 2.0 CVT 2018 Warna Hitam

Pemakaian 2019 
Penjual Individu
Mobil terawat
Elektrikal, kaki- kaki, dan transmisi baik
Service terakhir auto 2000 
Lokasi Bintaro Pesanggrahan Jakarta Selatan
Jarak tempuh 171.915 on going
Pajak hidup sd Januari 2027
Plat genap Tangerang Selatan
Asuransi TAP all risk perluasan sampai 22 Oktober 2026",Toyota,Lainnya,,Lainnya,170.000-175.000,220000000.0
948131822,Mitsubishi Pajero Dakar 2.4 AT Tahun 2025 Km 9Rb Antik,"Mitsubishi Pajero Sport Dakar 2.4 AT
Th 2025 (Nik 2025)
Km 9rb (record)
Pajak 10 - 2027
Hitam

-
Kredit paket 540 jt (dp minim)

Paket A
Tdp 65jt,ang 12.130 x 59

Paket B 
tdp 110jt,ang 13.077 x 47
tdp 110jt,ang 11.194 x 59 

Paket C
tdp 202jt,ang 10.615 x 47 
tdp 203jt,ang 9.087 x 59

Mobil Ready 
Untuk Nego Dan Harga Paket Kredit Murah Silahkan Hubungi 
SEGERA !!! Telpon / Wa KOKO KT88 CARS

*SHOWROOM KT88CARS*
Bursa Mobil Mega Glodok Kemayoran MGK lantai 3 blok S no 50, RT.5/RW.10, Gn. Sahari Sel., Kec. Kemayoran, Kota Jakarta Pusat, Daerah Khusus Ibukota Jakarta 10610",Mitsubishi,Lainnya,,Lainnya,0-5.000,540000000.0
948077632,Kia Sonet 1.5 Dynamic Matic 2021,"Kia Sonet Dynamic 1.5 Matic 2021
- Kilometer 57.xxx Service Record Full Kia
- Pajak Hidup Bulan November 2026
- Tangan Pertama Dari Baru
- Mobil Full Original
- Fullset Lengkap
- Mesin, Transmisi, Kaki2, Elektrikal, Sunroof, AC Aman Semuanya
- Bebas Tabrak & Bebas Banjir
- Garansi Mesin & Transmisi Selama 1 Tahun By Otospector

Harga Kredit 180 Juta
Harga Cash 205 Juta 

Harga Nego Sampai Jadi Di Depan Mobil",Kia,Lainnya,,Lainnya,55.000-60.000,180000000.0
947699201,DP10% [Km13.000] GLA200 AMG 2024 Black / GLA 200 Reg 2023 #AUTOHIGH,"MERCEDES BENZ GLA200 AMG 2024 FACELIFT BLACK ON BLACK
Km.13.000 Antik!! , Stnk Bulan 10 ( NIK.2024 )
- Monitor Screen Audio MBUX
- Rear Camera
- Speedometer Digital
- ⁠Panoramic Sunroof
- Electric Seat + Memory Seat
- Keyless + Engine Start Button 
- Bagasi Power Back Door
- ECO Mode Auto Start-Stop
- Warranty ISP ATPM Mercedes Benz 5 Starts ( 3 Thn Full Spareparts s/d Sept 2027 & 5 Thn Free Service s/d Sept 2029 )

OTR KREDIT : 720JT
OTR CASH : 795JT

Harga Negosiasi Setelah Datang Lihat Unit di Showroom Kami

Pembelian via cash / kredit.. Data luar kota bisa bantu proses, Tersedia jg Paket Total DP Ringan, Tenor hingga 6 tahun ( Proses 1 hari kerja saja )

Segera Rekomendasikan Keluarga / Teman / Kerabat Bapak & Ibu semua untuk membeli Mobil di AUTOHIGH dan dapatkan harga & kualitas terbaik dengan cara Share Link Iklan ini, Terima Kasih !!!

///AUTO HIGH BINTARO
** Bursa Mobil Bintaro A1 - A3
Bintaro Sektor 7, Tangerang Selatan
( Exit Tol Pondok Aren, samping Bank Permata Tower dan Dealer BMW Bestindo )

[[ GUNAKAN SELALU FITUR TELEPON & WHATS APP UNTUK KEAMANAN BERKOMUNIKASI, TERIMA KASIH ]]

Buka Setiap Hari : Pukul 9 Pagi s/d 6 Sore
( Sabtu / Minggu / Hari Libur Tetap Buka )

More Info, Please Call / SMS / Whats App : Pukul 8 Pagi s/d 11 Malam ( Setiap Hari )",Mercedes-Benz,Lainnya,,Lainnya,5.000-10.000,720000000.0
948114376,Bunga 0% DP50% LowOdo4rb LM 350 H 4X2 2025/2024 LM350H LM35O LM 350 LM,"Paket Smart Cashflow. Bunga 0% DP 50%. Sisa Flat 12x
Instant Approval Test Drive Hari ini Besok Delivery
Garansi Otospector sd 2027. Siap Gencheck

LEXUS LM350H HYBRID

NIK 2024
Graphite Black Glass Flake
Engine 2.500 CC
ODO 4.XXX KM 
Tax Februari 2027

Additional Information:
- 7 Seater
- Audio System by Mark Levinson
- Power Back Door & Sliding Door
- Electric Hybrid Powertrain
- Lexus Integrated Multimedia System
- Adaptive Cruise Control
- Rear Seat Table
- Rear Roof Monitor (Entertainment System)
- Electric Pilot Seat with Tabs
- Cabin Shades
- Ventilated Seat
- Lexus Safety System+ 3.0
- Memory Seat, Massage Seat

Harga Kredit 1.945 M
Harga Cash 2.035 M

PROMO
Paket Smart Cashflow
Bunga 0% Murni
Cukup Tdp 50%
Sisanya Flat Prorate 12x
Tenor Fixed 1 Tahun
Bebas Admin, Fiducia & Provisi

Untuk janjian test drive/kirim orang untuk inspeksi
Contact : Steve 0878/1112/2010

*GARANSI Uang Kembali 1000%*
Lulus inspeksi @otospector
Bebas Banjir & Bebas Major Accident
Record mobil sesuai odometer
Dokumen mobil asli keabsahannya

Cek variasi stok unit di Instagram 
@chrisauto_garage
@chrisauto_official

Chris Auto Garage | CAG
Bursa Otomotif Sunter 
Blok D2-D3 | Blok C1A- 1B
(Masuk Pintu 5 Lurus Paling Ujung) 
Jl. Yos Sudarso Kav 87-88
Jakarta Utara
(Search Google Map -> Ketik Chris Auto Garage) 

Operational Hour
(Minggu / Tanggal Merah TETAP BUKA)
Senin - Sabtu 08.00-17.30
Minggu 10.00-16.00
Diluar jam operasional tetap kami layani by appointment",Lexus,Lainnya,,Lainnya,0-5.000,1945000000.0
948181020,DP10% [Km17.000] 520i Luxury 2019 White Reg 2021 #AUTOHIGH,"BMW 520i LUXURY 2019/2020 NEW PROFILE G30 WHITE ON BLACK
Km.17.000 Antik!! , Stnk Bulan 02 Register 2020 ( NIK.2019 ) 
- Monitor Screen
- Rear Camera
- GPS Indonesia
- Sunroof
- Engine Start Button
- ECO Mode Auto Start Stop
- Electric Seat Kiri-Kanan
- Velg Smoke Chrome Black
- Full List Chrome Body
- Bagasi Power Back Doors
- Service Record BMW Indonesia

OTR KREDIT : 485JT
OTR CASH : 535JT

Harga Negosiasi Setelah Datang Lihat Unit di Showroom Kami

Pembelian via cash / kredit.. Data luar kota bisa bantu proses, Tersedia jg Paket Total DP Ringan, Tenor hingga 6 tahun ( Proses 1 hari kerja saja )

Segera Rekomendasikan Keluarga / Teman / Kerabat Bapak & Ibu semua untuk membeli Mobil di AUTOHIGH dan dapatkan harga & kualitas terbaik dengan cara Share Link Iklan ini, Terima Kasih !!!

///AUTO HIGH BINTARO
** Bursa Mobil Bintaro A1 - A3
Bintaro Sektor 7, Tangerang Selatan
( Exit Tol Pondok Aren, samping Bank Permata Tower dan Dealer BMW Bestindo )

[[ GUNAKAN SELALU FITUR TELEPON & WHATS APP UNTUK KEAMANAN BERKOMUNIKASI, TERIMA KASIH ]]

Buka Setiap Hari : Pukul 9 Pagi s/d 6 Sore
( Sabtu / Minggu / Hari Libur Tetap Buka )

More Info, Please Call / SMS / Whats App : Pukul 8 Pagi s/d 11 Malam ( Setiap Hari )",BMW,Lainnya,,Lainnya,5.000-10.000,485000000.0
948193446,Mitsubishi Mirage Exceed 1.2 AT 2016 Keyless,"Bismillah
Deskripsi:
Type : Mitsubishi Mirage Exceed 1.2 AT 2016
* Bukan Bekas Laka, Kebanjiran, & Curanmor
* Km 136Rb
* Bodi Mulus
* Mesin Halus
* Ban 70%
* Garansi Mesin dan Transmisi 30hr dari tanggal pembelian
* Sudah Poles dan Detailing

Kelengkapan Surat-surat
* BPKB, STNK, & Faktur Ready (Dijamin Keabsahannya)
* Plat B DKI
* Kunci Keyless 2, Buku Manual & Service
* Pajak April 2027
* Plat 2031

*Estimasi Perhitungan*
_Kredit Mobil Syariah By BFI Syariah MyCars_

*Mitsubishi Mirage Exceed 1.2 AT 2016*
*Jabodetabek*

*Harga Cash ( Harga Beli )*
Rp. 99.000.000,-

*Tenor* 36 Bulan
*Angsuran* Rp. 3.471.100,-/bulan
*Tenor* 48 Bulan
*Angsuran* Rp. 2.894.700,-/bulan
*Tenor* 60 Bulan
*Angsuran* Rp. 2.562.400,-/bulan

*UANG MUKA* Rp. 11.950.000,-

Keterangan :
Akad Murabahah Murni 
Tanpa Denda Keterlambatan
Tanpa Pinalti pelunasan
Tanpa Biaya Provisi 
Tanpa Sita 

Bisa/melayani Balik Nama atau Mutasi Keluar atau Perpanjang Pajak

Otobest
Jl.Dermaga Raya No.9A Duren sawit Jakarta Timur",Mitsubishi,Lainnya,,Lainnya,125.000-130.000,99000000.0
947936020,Bunga 0% DP50% LowOdo 24rb LandCruiser LC300 2024/2023 VXR 300  VXR200,"Paket Smart Cashflow. Bunga 0% DP 50%. Sisa Flat 12x
Instant Approval Test Drive Hari ini Besok Delivery
Garansi Otospector sd 2027. Siap Gencheck

Please welcome
*TOYOTA LAND CRUISER VXR 300 4X4*

NIK 2023
Attitude Black Mica
Engine 3.300 CC
V6 Turbo Diesel 10 Speed
ODO 24.XXX KM
Tax okt

Additional Information:
- Toyota Safety Sense with DRCC & LDA
- Electric & Memory seat
- Sunroof
- Wireless Charging
- JBL Premium Sound
- Head Unit Touchscreen
- Cool Box
- AC 4 Zone
- 2 Rear Entertainment System

Harga cash 2.135 M
Harga cash 2.050 M

PROMO
Paket Smart Cashflow
Bunga 0% Murni
Cukup Tdp 50%
Sisanya Flat Prorate 12x
Tenor Fixed 1 Tahun
Bebas Admin, Fiducia & Provisi


Untuk janjian test drive/kirim orang untuk inspeksi
Contact : Steve 0878/1112/2010

*GARANSI Uang Kembali 1000%*
Lulus inspeksi @otospector
Bebas Banjir & Bebas Major Accident
Record mobil sesuai odometer
Dokumen mobil asli keabsahannya

Cek variasi stok unit di Instagram 
@chrisauto_garage
@chrisauto_official

Chris Auto Garage | CAG
Bursa Otomotif Sunter 
Blok D2-D3 | Blok C1A- 1B
(Masuk Pintu 5 Lurus Paling Ujung) 
Jl. Yos Sudarso Kav 87-88
Jakarta Utara
(Search Google Map -> Ketik Chris Auto Garage) 

Operational Hour
(Minggu / Tanggal Merah TETAP BUKA)
Senin - Sabtu 08.00-17.30
Minggu 10.00-16.00
Diluar jam operasional tetap kami layani by appointment",Toyota,Lainnya,,Lainnya,20.000-25.000,2050000000.0
948193432,Wuling Binguo EV 410KM Premium Range (Tipe Tertinggi) Galaxy Blue On B,"Bonus!!
-Free Towing selama 1tahun
-Autofame siap (General Check Up) ke bengkel resmi untuk membuktikan mobil kita berkualitas
Term and Condition
.
Wuling Binguo EV 410KM Premium Range (Tipe Tertinggi) Galaxy Blue On Black NIK 2024 Tgn 1 Dr Br Full Original

Galaxy Blue On Black, Tangan Pertama Dari Baru, Tipe Tertinggi Premium Range, Jarak Tempuh 410KM, NIK 2024, Pajak Panjang Sampai Bulan 03 2027, KM 30.000, Pemakaian Pribadi, Kondisi Bersih dan Terawat, LED DRL Headlamp, LED Stoplamp, Interior Rapih, Electric Seat, Original Black Leather Seat, Digital Speedometer, Electric Handbrake, Black Piano Consule Instrument, Tinggal Pakai.
.
For Cash : Rp 195 Juta
For Credit : Rp 175 Juta
.
3 Tahun
TDP : Rp. 57.792.128 Juta
Ang : Rp. 5.087.444 Juta x 35
.
4 Tahun
TDP : Rp 58.869.181 Juta
Ang : Rp. 4.061.750 Juta x 47
.
.
Harga Bisa Nego Langsung Di Tempat
.
AUTOFAME MENERIMA
•Menerima Jual Beli dan Tukar Tambah
•Pembayaran bisa dengan (Cash / Kredit)
•Autofame siap (General Check Up) ke bengkel resmi untuk membuktikan mobil kita berkualitas
.
Search google : Autofame
Search waze : Autofame
.
Buka Setiap Hari: 09:00 - 18.00
(Sabtu / Minggu / Tanggal Merah tetap buka yaaa!!)
-QUALITY IS OUR PRIORITY-
.
AUTOFame Cibubur
Kota Wisata Somerset N 8 no. 5
Jalan Transyogie Km.6 Cibubur
.
AUTOFame Mangga dua square)
Bursa otomotif Mangga dua square (BOM's) Lot L18-23
Jalan Gunung Sahari No. 1 Jakarta utara",Wuling,Lainnya,,Lainnya,25.000-30.000,175000000.0
948193340,,,Lexus,Lainnya,,Lainnya,50.000-55.000,3900000000.0
948193293,,,Lexus,Lainnya,,Lainnya,50.000-55.000,3900000000.0
947530438,Toyota Kijang super 6speed long thn 96,"Toyota kijang super 6speed long thn 96 dasboard sedan AC dingin mesin sehat kondisi interior msh full orisinil body lempeng mulus talang,dek2 kolong aman no kropos mbl siap pakai srt lkp pjk hdp bln 12 plat 2029 BDKI bs TT MTR",Toyota,Lainnya,,Lainnya,115.000-120.000,35000000.0
948193155,TOYOTA Fortuner VRZ TRD Tahun 2020,"For Sale :

Toyota Fortuner VRZ 2.5 TRD 
* Perorangan
* km80rb an 
* Pajak bln 7 2027 
* Engine 2.5 Diesel Automatic 4x2
* Drive Mode : Power Mode, ECO Mode, Normal Mode
* Keyless Start Stop Engine
* Eksterior & Interior SUPER TERAWAT
* Wireless Charging
* AC Digital Dual Zone
* Audio Steering Switch, Cruise Control With Paddle Shift
* TV Roof Multimedia
* MID Digital
* Toyota Headunit LCD Touchscreen With Apple Carplay & Android Auto
* Electric Black Leather Seat
* LED Projector Headlamp With DRL, LED Foglamp
* LED Stop Lamp
* SRS Airbags, ABS, EBD, BA, VSC, HSA, COMPLETE SAFETY CAR
* Power Back Door 
* Bebas Laka Dan Banjir

Paket Kredit 
Otr 375jt 
Tdp 27,9 jt
Ang 11.546.xxx x 47tlo
Ang 10.069.xxx  x 59tlo



OTR Cash 
Berbeda dgn Kredit

MORE INFO:
Mata Cars
Bursa mobil Bintaro",Toyota,Lainnya,,Lainnya,80.000-85.000,375000000.0
947388268,Toyota Alphard 2015,"Dijual Toyota Alphard SC 2.5 AT Tahun 2015

Untuk harga Net 330 jt

Type SC Upgrade modelista 2020
Sparepart ori masih komplit
Asuransi all risk
Stnk off 12 09 2025
Pajak off 12 09 2024",Toyota,Lainnya,,Lainnya,145.000-150.000,330000000.0
948193107,km 17 ribu TOYOTA VOXY 2.0 TSS AT 2024,"TOYOTA VOXY 2.0 TSS AT 2024
*Tangan 1 dari baru 
*Atas nama perorangan 
*Service record 
*Km 17 ribu
*Kondisi istimewa 
*Terawat 
*Kamera 360
*Blind spot 
*Power backdoor 
*Garansi tidak bekas nabrak 
*Garansi tidak bekas banjir 
*Plat genap 
*Pajak bln 10 2026
*Garansi resmi Toyota 
Mobil tinggal pakai saja 

OTR 425 juta khusus kredit 4 dan 5 TAHUN TDP MINIM 
BCA FINANCE 
4 tahun 
Angsuran 10,331,000x47
As kombinasi 
TDP 91 juta

5 tahun 
Angsuran 8,843,000x59
As kombinasi 
TDP 93 juta

Respon cepat TLP ATAU WA 
Kunjungi showroom mobil kami.
BANYAK PILIHAN  COCOK BUAT YANG SUKA CARI MOBIL ANTIK DAN ISTIMEWA LOW KILOMETER SIAP PAKAI.
Lokasi 
WTC MANGGA DUA 
Lantai 3 no 17 dan 20 
Gosyen cars",Toyota,Lainnya,,Lainnya,15.000-20.000,425000000.0
948192899,Km 18 ribu toyota voxy cvt tss 2023 ungu pajak panjang,"DIJUAL 

Toyota Voxy 2.0 CVT TSS Camera360 AT Ungu Tua Metalik NIK 2023, PAJAK BULAN 6 (2027), ODOMETER 18RB KM Low RECORD AUTHORIZED

OTR Kredit 390 JT
OTR CASH 445 JT NEGO

PLAT B GENAP ( smm ) 



Spesifikasi :
• TSS TOYOTA SAFETY SENSE (PCS, DRCC, LDA, AHB, PSB, TPMS, ICS)
• Engine CVT 2.0L DOHC Automatic
• Keyless Start Stop Engine
• Wireless Charging
• T-Intouch System
• Audio Steering Switch
• AC Digital Triple Zone With Blower
• Electric Sliding Doors (L/R)
• 11.6 Inch TV Roof Entertainment
• Toyota Headunit LCD Touchscreen With Apple Carplay & Android Auto
• Adjustable Beige Leather Captain Seat
• New Design LED Headlamp With DRL, Foglamp LED
• New Combination Stop Lamp
• SRS Airbags, ABS, EBD, BA, VSC, COMPLETE SAFETY CAR
• 360 View Parking Camera, Parking Sensor
• Electric Park Brake, Auto Brake Hold, Traction Control System, Blind Spot Monitor
• Buku Manual + Service Tersedia


proses kredit bisa dibantu( rumah sewa dll s&k)
ktp daerah bisa (daerah tertentu)..
Terima jual-beli ,tukar tambah ( cash / kredit )
Unit tidak bekas tabrakan dan banjir (boleh cek ke bengkel resmi dulu ) . 

Minat cepat hubungi 
Regina ( call / WA )",Toyota,Lainnya,,Lainnya,15.000-20.000,390000000.0
948192857,(CASH) Hyundai Ioniq 5 Signature Long Range EV 2023,"418jt Nett (Cash) 
Hyundai Ioniq 5 Signature Long Range EV 2023

NIK 2023
Odo 20rb
Pajak Jan 2027
Service Record Hyundai
Magnetic Silver Metallic On Black
Panoramic Sunroof
Hyundai Smart Sense
BOSE Audio System

Lokasi Modernland, Tangerang

WA Only (No Call)

Direct Buyer Only 
Thank You",Hyundai,Lainnya,,Lainnya,20.000-25.000,418000000.0
948040783,[ GARANSI 5THN ] KIA Carens Premiere 1.5 Sunroof BOSE 2023/2024/2025,"BELI MOBIL TANPA KHAWATIR BERGARANSI 5 TAHUN!

KIA Carens Premiere 1.5 7 Seater Sunroof BOSE AT Merah Metalik NIK 2024, PAJAK BULAN 12 (2026), ODOMETER 25RB KM RECORD AUTHORIZED
-
Focus Motor Belanja Mobil 26 Tahun Membangun Kepercayaan.
Nikmati standar baru kepemilikan mobil bekas dengan garansi komprehensif hingga 5 TAHUN untuk 155 KOMPONEN. BERSERTIFIKAT, BERPOLIS, dan didukung layanan CUSTOMER SERVICE PERSONAL untuk pengalaman berkendara yang aman dan tanpa khawatir.

Belanja Mobil bukan hanya menjual mobil bekas. Kami jual mobil bekas dengan RASA AMAN seperti mobil baru.

5 BELANJA MOBIL PROMISE :
1. Mobil Terinspeksi 155 titik
2. ⁠TERGARANSI 5 tahun
3. ⁠Harga Transparan
4. ⁠Jaminan Trade-in/Buyback
5. ⁠After Sales yg baik (Mempunyai Customer Service Personal)

-UNIT 100% BEBAS TABRAK DAN BEBAS BANJIR (garansi uang kembali)
-Dokumen ABSAH
-BONUS! Free Detailing (pembersihan) 2x (1 tahun)
-
OTR KREDIT 259JT
OTR CASH by call / wa

DP Minim
Dp 43jt
Angs 7.945.000 x47 tlo

Dp 38jt
Angs 7.017.000 x59 tlo

Bunga Premium
Dp 53jt
Angs 7.364.500 x47 tlo

Dp 48jt
Angs 6.464.500 x59 tlo

UNTUK REQUEST DP / HITUNGAN LAIN, SILAKAN HUBUNGI KAMI

Harga kredit tertera adalah harga minimal kredit dengan tenor 4 & 5 tahun, diluar itu mengikuti harga Cash (karena kami mensubsidi refund bunga kepada anda)
-
Spesifikasi :
* Tangan Pertama Dari Baru, Pribadi
* BOSE Sound System
* Electric Sunroof
* Engine 1.5 cc Automatic
* Drive Mode Selection : ECO, Comfort, Sport
* Keyless Start Stop Engine
* Electric And Retract Mirror
* Audio Steering Switch, Cruise Control
* Ambience Lighting, Wireless Charging, Foldable Table
* AC Digital Triple Blower
* 4,2 Inch MID Digital Cluster
* 8 Inch Headunit Touchscreen With Phone Connection
* Adjustable Leather Seat
* LED Multireflector Headlamp With DRL
* Safety Features : SRS Airbags, HTPM System, All Rem Cakram, ABS, EBD, BA, Hill Assist & Brake, Stability Control, Tyre Pressure System
* Rear Parking Camera, Parking Sensor, Auto Start Stop, Traction Control System
* Kaca Film Solar Gard

LOKASI : Bursa Otomotif Mangga Dua Square, Focus Motor, Jakarta Utara (RZQ) (A)",Kia,Lainnya,,Lainnya,25.000-30.000,259000000.0
947569846,Km 47rb mitsubishi outlander phev hybrid 4x4 awd 2019 hitam,"DIJUAL 

Mitsubishi Outlander 2.4 PHEV Hybrid 4x4 AWD AT Hitam NIK 2019 
PAJAK BULAN 6 (2026)
ODOMETER 47 RB KM RECORD AUTHORIZED


OTR Kredit 319 JT
OTR CASH 360 JT NEGO

PLAT B GANJIL ( qk ) 


Spesifikasi :
* Tangan Pertama Dari Baru, PT
* Electric Sunroof
* Engine 2.4 cc Plug In Hybrid 4x4
* Keyless Start Stop Engine
* Electric Retract Mirror
* Tilt & Telescopic Steering
* Audio Steering Switch, Paddle Shift
* MID Digital
* Headunit Touchscreen Multimedia GPS, Multimedia, Phone Connection
* Electric Leather Seat With Heater & Cooler Seat
* Dual LED Projector Headlamp With DRL
* LED Stop Lamp
* SRS Airbags, BA, ABS, HSA, VSC, COMPLETE SAFETY CAR
* 360 View Parking Camera, Parking Sensors
* Electric Park Brake, Auto Hold Brake, Traction Control
* Power Back Door
* Kaca Film Vkool
* Kunci Cadangan, Buku Manual, Buku Service, Tersedia


proses kredit bisa dibantu( rumah sewa dll s&k)
ktp daerah bisa (daerah tertentu)..
Terima jual-beli ,tukar tambah ( cash / kredit )
Unit tidak bekas tabrakan dan banjir (boleh cek ke bengkel resmi dulu ) . 

Minat cepat hubungi 
Regina ( call / WA )",Mitsubishi,Lainnya,,Lainnya,45.000-50.000,319000000.0
948188587,[GARANSI 5THN] Honda HRV HR-V HR V 1.5 RS Hybrid e HEV 2024/2025/2026,"BELI MOBIL TANPA KHAWATIR BERGARANSI 5 TAHUN!

All New Honda HRV HR-V HR V 1.5 RS Hybrid e HEV Sensing CVT AT Sand Khaki Pearl NIK 2025, PAJAK BULAN 7 (2027), ODOMETER VERY LOW 11RB KM

GARANSI HONDA 3 TAHUN ATAU 100,000 KM
-
Focus Motor Belanja Mobil 26 Tahun Membangun Kepercayaan.
Nikmati standar baru kepemilikan mobil bekas dengan garansi komprehensif hingga 5 TAHUN untuk 155 KOMPONEN. BERSERTIFIKAT, BERPOLIS, dan didukung layanan CUSTOMER SERVICE PERSONAL untuk pengalaman berkendara yang aman dan tanpa khawatir.

Belanja Mobil bukan hanya menjual mobil bekas. Kami jual mobil bekas dengan RASA AMAN seperti mobil baru.

5 BELANJA MOBIL PROMISE :
1. Mobil Terinspeksi 155 titik
2. ⁠TERGARANSI 5 tahun
3. ⁠Harga Transparan
4. ⁠Jaminan Trade-in/Buyback
5. ⁠After Sales yg baik (Mempunyai Customer Service Personal)

-UNIT 100% BEBAS TABRAK DAN BEBAS BANJIR (garansi uang kembali)
-Dokumen ABSAH
-BONUS! Free Detailing (pembersihan) 2x (1 tahun)
-
OTR KREDIT 400JT
OTR CASH BY CALL

DP Minim
Dp 64jt
Angs 11.928.000 x47 tlo

Dp 58jt
Angs 10.520.000 x59 tlo

Bunga Premium
Dp 75jt
Angs 11.179.000 x47 tlo

Dp 69jt
Angs 9.798.500 x59 tlo

UNTUK REQUEST DP / HITUNGAN LAIN, SILAKAN HUBUNGI KAMI

Harga kredit tertera adalah harga minimal kredit dengan tenor 4 & 5 tahun, diluar itu mengikuti harga Cash (karena kami mensubsidi refund bunga kepada anda)
-
Spesifikasi :
* Tangan Pertama Dari Baru, Pribadi
* Honda SENSING (PCS, DRCC, LDA, AHB, PSB, TPMS, ICS)
* Panoramic Sunroof
* Engine 1.498 cc DOHC i-VTEC Hybrid 131 PS - 106 PS (253 Nm - 127 Nm)
* Keyless Start Stop Engine
* Reverse Auto-Tilt Side Door Mirror
* Wireless Charging
* Deceleration Paddle Selectors
* Tilt and Telescopic Steering
* Electric Mirror And Retract
* AC Digital Single Zone
* Audio Steering Switch, Paddle Shift
* 7 Inch Instrument Cluster
* Floating Headunit LCD Touchscreen With Apple Carplay And Android Auto
* Adjustable Leather Seat
* Full LED Headlamp With DRL, Foglamp LED
* Auto High-Beam with Adaptive Driving Beam
* Full LED Rear Light Strip
* SRS Airbags, ABS, BA, EBD, HSA, HDC, COMPLETE SAFETY CAR
* Rear Parking Camera With Honda Land Watch, Parking Sensor
* Electric Park Brake, Electric Brake Hold, Vehicle Stability Control
* Power Back Door
* Kaca Film Wincos
* Buku Service, Buku Manual, Buku Audio Tersedia


LOKASI : Bursa Otomotif Mangga Dua Square, Focus Motor, Jakarta Utara. (HZG) (A)",Honda,Lainnya,,Lainnya,10.000-15.000,400000000.0
946280351,Subaru Impreza WRX STI Hatchback 2012,"Subaru Impreza WRX STI Hatchback 2012
* KM 37.XXX
* Pajak 11-2027
* Kaleng 11-2029
* Plat B Ganjil
* Stir Carbon
* ⁠Knalpot Fullsys
* Velg Work Kiwami
* AWD
* SI Drive
* Kunci 2
* ⁠Buku manual dan Service ada
* Surat2 BPKB, STNK dijamin aman dan lengkap
* Bebas laka dan banjir
* Garansi mesin dan transmisi 1 tahun by @otospector

* OTR Cash (Cash by WA)
* OTR Kredit 470 JT

-TDP 144jt angs 21.062 x 23bln
-TDP 128jt angs 15.276 x 35bln
-TDP 200jt angs 12.234 x 35bln
-TDP 200jt angs 10.030 x 47bln
-TDP 200jt angs 8.744 x 59bln

BEZ Auto Center Blok A No. 57, Gading Serpong

Instagram & Tiktok: @markasmobilserpong
#jualsubaruwrxsti #jualwrxsti",Subaru,Lainnya,,Lainnya,30.000-35.000,470000000.0
947700676,DP10% [Km18.000] C200 AMG 2018 White Reg 2017 #AUTOHIGH,"MERCEDES BENZ C200 AMG 2018 WHITE ON BLACK
Km.18.000 Antik!! , Stnk Bulan 06 ( NIK.2018 )
- Monitor + Mouse Control 
- Electric Seat + Memory Seat
- Engine Start Button
- ECO Mode Start Stop
- Engine Mode : Eco, Comfort, Sport, Sport Plus
- Gril Model AMG
- Full Bodykit AMG 
- Perseneling di Setir
- Service Record ATPM Mercedes Benz

OTR KREDIT : 385JT
OTR CASH : 435JT

Harga Negosiasi Setelah Datang Lihat Unit di Showroom Kami

Pembelian via cash / kredit.. Data luar kota bisa bantu proses, Tersedia jg Paket Total DP Ringan, Tenor hingga 6 tahun ( Proses 1 hari kerja saja )

Segera Rekomendasikan Keluarga / Teman / Kerabat Bapak & Ibu semua untuk membeli Mobil di AUTOHIGH dan dapatkan harga & kualitas terbaik dengan cara Share Link Iklan ini, Terima Kasih !!!

///AUTO HIGH BINTARO
** Bursa Mobil Bintaro A1 - A3
Bintaro Sektor 7, Tangerang Selatan
( Exit Tol Pondok Aren, samping Bank Permata Tower dan Dealer BMW Bestindo )

[[ GUNAKAN SELALU FITUR TELEPON & WHATS APP UNTUK KEAMANAN BERKOMUNIKASI, TERIMA KASIH ]]

Buka Setiap Hari : Pukul 9 Pagi s/d 6 Sore
( Sabtu / Minggu / Hari Libur Tetap Buka )

More Info, Please Call / SMS / Whats App : Pukul 8 Pagi s/d 11 Malam ( Setiap Hari )",Mercedes-Benz,Lainnya,,Lainnya,5.000-10.000,385000000.0
946466171,BYD Sealion 7 Performance AWD 4.5s Cosmos Black 2025 Like New Low Km,"[ B GENAP ENR ]

BYD Sealion 7 Performance AWD 4.5s AT Cosmos Black NIK 2025, PAJAK BULAN 6 (2027), ODOMETER VERY LOW 2RB PERAK KM

WALL & PORTABLE CHARGER TERSEDIA
GARANSI BYD 6 TAHUN ATAU 150.000 KM, GARANSI BATERAI 8 TAHUN

OTR KREDIT 645 JT
OTR CASH 720 JT

Spesifikasi :
* Tangan Pertama Dari Baru, Pribadi
* ADAS (DRCC, RCTA, RCTB, LCW, BSD, LDW, AEB)
* Panoramic Glass Roof
* Dynaudio 12 Speaker
* Kapasitas Batre 82,56 kWh 390 kW Power (690 Nm) Blade Battery
* Akselerasi 0-100 km/jam Dalam 4,5 Detik
* Top Speed 215 KM/h
* Jarak Tempuh Full Batre 542 KM
* Voice Command Hi BYD
* Ambience Lighting Multi Colour, Flush Door Handle, 50W Wireless Charging With NFC
* Paddle Shift
* 10,2 Inch MID With HUD
* 15.6 inch Infotainment System With Apple Carplay & Android Auto (Rotatable/Bisa Di Putar Landscape/Potrait)
* Electric Semi Bucket Full Leather Seat With Lumbar Support (L/R)
* Dual U-LED Headlights
* Full Width Tail Lights
* 360 View Parking Camera, Parking Sensor
* Power Back Door
* Kaca Film Profilm
* Buku Service, NFC Card, Kunci Cadangan Tersedia

Menerima Jual, Beli dan Tukar Tambah
Proses Kredit Bisa Dibantu ( Rumah Sewa dll S&K )
KTP Daerah Bisa Proses
Dijamin Tidak Bekas Banjir dan Tabrakan (General Check-Up Bengkel Resmi)

Minat Hubungi
Dede Focus Motor ( Call / WA )",BYD,Lainnya,,Lainnya,0-5.000,645000000.0
947919217,Tdp 37jt LowOdo 4rb/thn Facelift GLE450 AMG 2022 2021 GLE 450 X5,"Paket Flexing Tdp 37jt & Angs 23,504jt Tenor 5th
Mercedes Benz GLE450 AMG LowOdo 18rb Pajak On
Siap General Check Bengkel Resmi

please welcome
*MERCEDES BENZ GLE450 AMG 4 MATIC*

*NIK 2021*
Polar White
Engine 3.000 CC
ODO 36.XXX MLS 
Tax September 2026

*Additional Information:*
- 9G-Tronic Automatic Transmision
- Airmatic Suspension
- Power Back Door
- Electric & Memory Seat
- Camera 360
- Panoramic Sunroof
- Audio Burmester

*Harga Kredit 925 JT*
*Harga Cash 974 JT*

Kredit Special Promo
Paket Flexing
Tdp 37jt 
Angsuran 23,504jt 
Tenor 5 th

For Unit Information / Instant Approval Test Drive Hari Ini Besok Delivery
Contact : Steve 0878/1112/2010

*GARANSI Uang Kembali 1000%*
Mobil Lulus inspeksi @otospector
Mobil Bebas Banjir & Bebas Major Accident
Record mobil sesuai odometer
Dokumen mobil asli keabsahannya

Cek variasi stok unit di instagram
@chrisauto_garage
@chrisauto_official

Chris Auto Garage | CAG
Bursa Otomotif Sunter 
Blok D2-D3 | Blok C1A- 1B
(Masuk Pintu 5 Lurus Paling Ujung) 
Jl. Yos Sudarso Kav 87-88
Jakarta Utara
(Search Google Map -> Ketik Chris Auto Garage) 

Operational Hour
( Minggu / Tanggal Merah TETAP BUKA )
Senin - Sabtu 08.00 - 17.30
Minggu 10.00 - 16.00
Diluar jam operasional tetap kami layani by appointment",Mercedes-Benz,Lainnya,,Lainnya,15.000-20.000,925000000.0
948192804,Honda HRV HR-V 1.5L SE Sensing 2024,"Honda HRV HR-V 1.5L SE Sensing 2024

Service Record Honda 
Sand Khaki Pearl on Black
Odo (24rb)

Harga 335jt ( KREDIT )
Harga cash pleese call

DOCUMENT :

Faktur 2024
Perakitan 2024
Plat B ( Genap )
Pajak 05/2027
An Pribadi
Tangan 1

ENGINE : 

1.5L i-VTEC DOHC Petrol Engine (121Ps/145Nm)
CVT AT with Manual Mode

SPEC :

Honda Sensing
Honda Lane Watch
Walk-Away Auto Lock
Panoramic Roof
Adaptive Cruise Control
Multifunction Steering with Paddle Shift
8"" Touchscreen Multimedia Head Unit
Apple Car Play & Android Auto
Rear Parking Camera
ECON Mode
Electric Parking Brake with AutoHOLD
18"" Original Honda HRV SE Wheels

Garansi Bebas Bekas Tabrak dan Banjir by @otospector

Location : Morten Auto",Honda,Lainnya,,Lainnya,20.000-25.000,335000000.0
947500907,BYD Seal Performance 3.8s AWD Fullspec Arctic Blue 2024 Like New,"[ B GENAP UDO ] [ SIPOL ]

BYD Seal Performance 3.8s AWD Fullspec AT Arctic Blue NIK 2024, PAJAK BULAN 1 (2026), ODOMETER 19RB KM RECORD AUTHORIZED

WALL & PORTABLE CHARGER TERSEDIA
GARANSI BYD 6 TAHUN ATAU 150.000 KM, GARANSI BATERAI 8 TAHUN

OTR KREDIT 479JT
OTR CASH 540JT 

Spesifikasi :
* Panoramic Glass Roof
* Dynaudio Sound System With Subwoofer
* Kapasitas Batre 82.56 kWh 530 Hp (670 Nm) Blade Battery
* Jarak Tempuh Full Batre 580 KM
* Ambience Lighting, Flush Door Handle, Wireless Charging With NFC
* Audio Steering Switch, Paddle Shift With Adaptive Cruise Control
* Speedo Meter Instrument Cluster With Track Pad
* 15.6 Inch Infotainment System With Apple Carplay And Android Auto (bisa di putar Landscape/Potrait)
* Electric Black Leather Seat With Lumbar Support (L/R)
* Full LED Headlamp With DRL, Foglamp LED, Full LED Tail Light
* 360 View Parking Camera, Parking Sensor
* Power Back Door
* Kaca Film Vkool
* Buku Service, NFC Card, Kunci Cadangan Tersedia

Menerima Jual, Beli dan Tukar Tambah
Proses Kredit Bisa Dibantu ( Rumah Sewa dll S&K )
KTP Daerah Bisa Proses
Dijamin Tidak Bekas Banjir dan Tabrakan (General Check-Up Bengkel Resmi)

Minat Hubungi
Dede Focus Motor ( Call / WA )",BYD,Lainnya,,Lainnya,15.000-20.000,479000000.0
948192785,TERMURAH Honda CRV 1.5 TURBO PRESTIGE 2018,"TEMUKAN MOBIL IMPIANMU DI GARASI AHA x GARAGE 88  PUSATNYA MOBIL BEKAS BERKUALITAS BEBAS TABRAK BEBAS BANJIR, HARGA TERJANGKAU

Honda CRV 1.5 TURBO PRESTIGE 2018 


- Km 85RB
- Atas Nama Perorangan
- Pajak 07.2027
- Mesin 1.5L Turbo bertenaga, responsif, dan efisien.
- Interior premium dengan jok kulit
- Panoramic sunroof
- Head unit layar sentuh
- Kamera parkir
- Sistem audio premium.
- Velg alloy 18 inci dengan desain sporty
- Mesin kering tidak rembes
- Bukan kendaraan operasional
- Interior terawat juga wangi
- Eksterior mulus cakep
- Bebas asap roko
- Surat surat di jamin ke absahannya
- Kondisi mobil terawat dan siap pakai


OTR 270jt CASH 290JT

Paket A

TDP 70jt cicilan 8.479.000 x 35
TDP 70jt cicilan 6.747.500 x 47
TDP 70jt cicilan 5.837.000 x 59

Paket B

TDP 20jt cicilan 10.139.000 x 36
TDP 20jt cicilan 8.345.000 x 48
TDP 20jt cicilan 7.257.00 x 60

Paket C

TDP 10jt cicilan 11.425.000 x 35
TDP 10jt cicilan 9.369.000 x 47
TDP 10jt cicilan 8.247.000 x 59

TDP dan angsuran bisa disesuaikan
Terima Tukar tambah dengan harga terbaik
Free Emergency Road Assistance 1 th
Ayoo jangan sampai keduluan lagi ya gaess

For fast response hub by call or wa 
Dita Anistia 

Untuk test drive dapat dilakukan dikantor ataupun dirumah Anda #dirumahaja.",Honda,Lainnya,,Lainnya,80.000-85.000,270000000.0
948192742,Mercedes-Benz CLS350 2012 Bensin,"Merek mobil: Mercedes-Benz
Tahun pembuatan: 2012
Model mobil: CLS350
Varian mobil: mercedes-benz-cls350-3.5-amg-bensin-at-AT
Jenis bahan bakar mobil: Bensin
Jarak tempuh mobil: 20000
Warna mobil: Hitam
Transmisi mobil: Otomatis
Tipe penjual: Dealer",Mercedes-Benz,Lainnya,,Lainnya,15.000-20.000,325000000.0
948192599,TOYOTA INNOVA TIPE G TAHUN 2019,"Keterangan		:
1. Kondisi fisik bagus, mulus & terawat
2. Tenaga mesin terawat dengan baik
3. Service rutin dilakukan sesuai jadwal atau saat kilometer tercapai
4. Pajak STNK berlaku sampai dengan November 2026
5. BPKB tersedia
6. Mobil keluarga siap pakai",Toyota,Lainnya,,Lainnya,210.000-215.000,235000000.0
948192506,Hyundai Ioniq 5 Signature Long Range EV AT Hitam 2023 Like New Record,"[ B GANJIL PCO ]

Hyundai Ioniq 5 Signature Long Range EV AT Hitam NIK 2023, PAJAK BULAN 9 (2027), ODOMETER 37RB KM RECORD AUTHORIZED

OTR KREDIT 395JT
OTR CASH 440JT 

Spesifikasi :
* Tangan Pertama Dari Baru, Pribadi
* Panoramic Sunroof
* BOSE Sound System
* Kapasitas Batre 72.6 kWh 214 Hp (350 Nm)
* Jarak Tempuh Full Batre 451 KM
* Vehicle To Load Adapted (3.600 Watt)
* Ambience Lighting, Flush Door Handle
* Paddle Shift With Adaptive Cruise Control
* MID Digital Cluster
* 12.6 Inch Infotainment System With Apple Carplay And Android Auto
* Electric Leather Seat With Memory Seat + Lumbar Support (L/R)
* Cooler Seat & Heater Seat
* Full LED Headlamp With DRL, Foglamp LED
* LED Tail Light
* SRS Airbags, ABS, EBD, BA, VSC, HSA, COMPLETE SAFETY CAR
* 360 View Parking Camera, Parking Sensor
* Power Back Door
* Kaca Film Vkool
* Buku Service, Buku Manual, Buku Audio Tersedia

Menerima Jual, Beli dan Tukar Tambah
Proses Kredit Bisa Dibantu ( Rumah Sewa dll S&K )
KTP Daerah Bisa Proses
Dijamin Tidak Bekas Banjir dan Tabrakan (General Check-Up Bengkel Resmi)

Minat Hubungi
Dede Focus Motor ( Call / WA )",Hyundai,Lainnya,,Lainnya,35.000-40.000,395000000.0
948192495,Toyota Yaris Cross GR hybrid 2024,"Yaris Cross GR Hybrid
NIK 2024
Hitam met
Tangan ke 1 pribadi
Stnk oktober 2026

Kondisi sangat baik
Full original
Like new

Kilometer 24rb Record rutin
Bebas tabrakan dan banjir 

Harga 337.5jt Cash
Nego dikit ya didepan mobil

Fast respon boleh chat

Nol lapan satu tujuh, nol-nol, 
tiga satu, lapan-lapan-lapan

Terima kasih",Toyota,Lainnya,,Lainnya,15.000-20.000,337500000.0
948192483,Toyota Camry 2010 Bensin,"Di jual mobil kesayangan pemakaian pribadi low kilometer 

HARGA CASH 120,000,000,- NEGO 
(BUKAN HARGA TIPUAN SEPERTI PEDAGANG SHOWROOM)

Merek mobil: Toyota
Tahun pembuatan / NIK: 2010
Pemakaian: 2011
Model mobil: Camry
Varian mobil: 2.4 V Bensin-AT
Jenis bahan bakar mobil: Bensin
Jarak tempuh mobil: 140000
Warna mobil: Hitam
Transmisi mobil: Otomatis
Tipe penjual: PEMAKAI SENDIRI

Keunggulan :
~ Pajak on februari 2026
~ Plat panjang 2030
~ Ganti oli bulan juli 2025 
~ Dashboard SOFT TOUCH aman tidak retak
~ Jok kulit original 
~ Elektrik berfungsi normal semua
~ Sensor 4 titik berfungsi normal 
~ Mesin, matic, kelistrikan normal
~ BPKB ASLI, DOKUMEN LENGKAP

Lokasi mobil di mampang prapatan, jakarta selatan",Toyota,Lainnya,,Lainnya,140.000-145.000,120000000.0
948192424,Mazda CX-8 2.5 Elite 2019 Hitam TGN1 No LAKA BANJIR CX8 CX9 CX-9,"Mazda CX-8 Elite 2019

Warna : Hitam
Transmisi : Matic
Bahan Bakar : Bensin

Spesifikasi Kendaraan
2500 CC
KM 72ribuan Record
TGN1
Plat Ganjil
Jok Kulit
Electric Seat Kanan Kiri
Captain seat
Start Engine
interior terawat
Pajak bulan Feb 2027
Ban masih bagus Ring 19
FWD
BOSE Sound system
Sunshade
Dual zone Ac
Power Backdoor
eksterior mulus
elektrik masih normal semua
Surat2 Kendaraan dijamin lengkap dan asli
kalo liat pasti suka

Harga Paket Kredit 319 juta

TDP 20Jt
Angsuran 10.090.000x 47
angsuran : 8.705.000 x 59

note Dp sudah termasuk angsuran pertama

Harga Cash Bs Wa/Call

*A&S Auto Gallery (Susi)
Jl.Imam Bonjol no 8A ,Karawaci-Tangerang

# 100% Mesin Bukan Bekas Banjir /Major Accident
#Dokumen mobil dijamin kelengkapan dan keabsahannya
# Bukan Mobil Bekas Lelang/Tarikan Leasing
# Menerima Tukar Tambah Mobil, *SK berlaku",Mazda,Lainnya,,Lainnya,65.000-70.000,319000000.0
948038177,Km 15rb mg 5 gt ignite 2024 pakai 2025 merah sunroof,"DIJUAL 

MG Morris Garage 5 GT 5GT Ignite 1.5 Sunroof Camera360 AT Merah Pemakaian 2025 NIK 2024, PAJAK BULAN 1 (2027), ODOMETER VERY LOW 15 RB KM


OTR Kredit 225 JT
OTR CASH 260 JT NEGO

PLAT B GENAP ( kad ) 


Spesifikasi :
• Tangan Pertama Dari Baru, Pribadi
• Electric Sunroof
• Engine 1.5L Turbocharged 173 PS (250 Nm)
• 7-speed DCT (Dual-Clutch Transmission)
• Keyless Start Stop Engine
• Audio Steering Switch
• AC Climate Control
• MID 7 Inch Digital Cluster
• 10 Inch Infotainment With Apple Carplay & Android Auto
• Adjustable Leather Seat
• LED Projector Headlamp With DRL
• LED Tail Light
• SRS Airbags, ABS, EBD, BA, VSC COMPLETE SAFETY CAR
• 360 View Parking Camera, Parking Censor, Electric Park Brake, Auto Hold Brake
• Kaca Film IceU
• Buku Manual, Buku Service, Kunci Serep Tersedia


proses kredit bisa dibantu( rumah sewa dll s&k)
ktp daerah bisa (daerah tertentu)..
Terima jual-beli ,tukar tambah ( cash / kredit )
Unit tidak bekas tabrakan dan banjir (boleh cek ke bengkel resmi dulu ) . 

Minat cepat hubungi 
Regina ( call / WA )",MG,Lainnya,,Lainnya,10.000-15.000,225000000.0
947935833,DP RENDAH - Mazda CX-3 2.0 Bensin-AT 2019,".
DP RENDAH - Mazda CX-3 2.0 Bensin-AT 2019 Putih 
.
Harga Cash : Hubungi Saya / Chat Me 
Harga Credit : Rp.  224,000,000 ,-
TDP :  24,000,000
Angsuran 4 Tahun : Rp. 6,900,000 ,-
Angsuran 5 Tahun silahkan hubungi untuk informasi lebih lanjut
.
Beli Mobil Terus Untung!!
Beli mobil dan dapatkan bonus saldo digital hingga Rp1.500.000!
*S&K berlaku
.
Keunggulan Unit
1. Pajak : July 2026
2. Odometer : 107.xxx 
3. Like New
4. Tangan Pertama
5. Atas nama  : Perorangan
6. Plat Ganjil
.
GRATIS HOME TEST DRIVE
.
Pembayaran Booking Fee / Pelunasan hanya melalui no rekening 2061/888/995 - BCA - an SERASI MITRA MOBIL PT

TDP promo hanya Berlaku jika:
- BI checking Bersih (tidak pernah ada keterlambatan pembayaran)
- Rumah Milik Pribadi
- Pemasukan/Gaji= 3x Angsuran.
*Bisa di bantu Rumah Kontrak dan BI checking bermasalah dengan TDP 30%* (S&K Berlaku)
.
Kunjungi kami di
OLXmobbi Bekasi
Jl. Jend. Sudirman No.1, Kranji, Kec. Bekasi Bar., Kota Bks, Jawa Barat KODE POS 34530
.
Rudi Hartono - Sales Advisor
OLXmobbi
Ahlinya Mobil Bekas Berkualitas",Mazda,Lainnya,,Lainnya,105.000-110.000,224000000.0
948166577,[ GARANSI 5THN ] Honda CRV CR-V CR V 2.0 Non Prestige 2020/2021/2022,"BELI MOBIL TANPA KHAWATIR BERGARANSI 5 TAHUN!

Honda CRV CR-V CR V 2.0 Non Prestige AT Hitam NIK 2021, PAJAK BULAN 10 (2027), ODOMETER 36RB KM RECORD AUTHORIZED
-
Focus Motor Belanja Mobil 26 Tahun Membangun Kepercayaan.
Nikmati standar baru kepemilikan mobil bekas dengan garansi komprehensif hingga 5 TAHUN untuk 155 KOMPONEN. BERSERTIFIKAT, BERPOLIS, dan didukung layanan CUSTOMER SERVICE PERSONAL untuk pengalaman berkendara yang aman dan tanpa khawatir.

Belanja Mobil bukan hanya menjual mobil bekas. Kami jual mobil bekas dengan RASA AMAN seperti mobil baru.

5 BELANJA MOBIL PROMISE :
1. Mobil Terinspeksi 155 titik
2. ⁠TERGARANSI 5 tahun
3. ⁠Harga Transparan
4. ⁠Jaminan Trade-in/Buyback
5. ⁠After Sales yg baik (Mempunyai Customer Service Personal)

-UNIT 100% BEBAS TABRAK DAN BEBAS BANJIR (garansi uang kembali)
-Dokumen ABSAH
-BONUS! Free Detailing (pembersihan) 2x (1 tahun)
-
OTR KREDIT 280JT
OTR CASH BY CALL

DP Minim
Tdp 44 jt
Ang 8.334,500 x47 tlo

Tdp 40 jt
Ang 7.318,000 x59 tlo

Bunga Premium
Tdp 55 jt
Ang 7.703,500 x47 tlo

Tdp 51 jt
Ang 6.752,000 x 59 tlo

UNTUK REQUEST DP / HITUNGAN LAIN, SILAKAN HUBUNGI KAMI

Harga kredit tertera adalah harga minimal kredit dengan tenor 4 & 5 tahun, diluar itu mengikuti harga Cash (karena kami mensubsidi refund bunga kepada anda)
-
Spesifikasi :
* Tangan Pertama Dari Baru, PT
* Engine 2.0L SOHC i-VTEC Automatic
* Keyless Start Stop Engine
* Electric & Retract Mirror
* Tilt Steering
* Audio Steering Switch, Paddle Shift
* AC Digital Single Zone With Blower
* MID Digital Cluster
* Headunit LCD Touchscreen Multimedia With Phone Connection
* Adjustable Combination Seat
* LED Multireflector Headlamp With DRL
* SRS Airbags, ABS, BA, EBD, VSC COMPLETE SAFETY CAR
* Rear Parking Camera, Parking Sensors
* Electric Park Brake, Electric Brake Hold, Vehicle Stability Control
* Kaca Film 3M
* Buku Manual, Buku Service, Kunci Cadangan Tersedia


LOKASI : Bursa Otomotif Mangga Dua Square, Focus Motor, Jakarta Utara (TJV) (B)",Honda,Lainnya,,Lainnya,35.000-40.000,280000000.0
947935830,DP RENDAH - Nissan Kicks 1.2 Bensin-AT 2023,".
DP RENDAH - Nissan Kicks 1.2 Bensin-AT 2023 Hitam 
.
Harga Cash : Hubungi Saya / Chat Me 
Harga Credit : Rp.  260,000,000 ,-
TDP :  28,000,000
Angsuran 4 Tahun : Rp. 7,900,000 ,-
Angsuran 5 Tahun silahkan hubungi untuk informasi lebih lanjut
.
Beli Mobil Terus Untung!!
Beli mobil dan dapatkan bonus saldo digital hingga Rp1.500.000!
*S&K berlaku
.
Keunggulan Unit
1. Pajak : January 2026
2. Odometer : 52.xxx 
3. Like New
4. Tangan Pertama
5. Atas nama  : Perorangan
6. Plat Ganjil
.
GRATIS HOME TEST DRIVE
.
Pembayaran Booking Fee / Pelunasan hanya melalui no rekening 2061/888/995 - BCA - an SERASI MITRA MOBIL PT

TDP promo hanya Berlaku jika:
- BI checking Bersih (tidak pernah ada keterlambatan pembayaran)
- Rumah Milik Pribadi
- Pemasukan/Gaji= 3x Angsuran.
*Bisa di bantu Rumah Kontrak dan BI checking bermasalah dengan TDP 30%* (S&K Berlaku)
.
Kunjungi kami di
OLXmobbi Bekasi
Jl. Jend. Sudirman No.1, Kranji, Kec. Bekasi Bar., Kota Bks, Jawa Barat KODE POS 39559
.
Rudi Hartono - Sales Advisor
OLXmobbi
Ahlinya Mobil Bekas Berkualitas",Nissan,Lainnya,,Lainnya,50.000-55.000,260000000.0
948063377,[ 4x4 - KM 8RB ] GWM Tank 500 HEV Hybrid 2.0 AWD AT 2024/2025,"BELI MOBIL TANPA KHAWATIR BERGARANSI 5 TAHUN!

GWM Tank 500 HEV Hybrid 2.0 4x4 AWD AT Hitam Metalik NIK 2024, PAJAK BULAN 12 (2026), ODOMETER 8RB Perak KM Low !!
-
Focus Motor Belanja Mobil 26 Tahun Membangun Kepercayaan.
Nikmati standar baru kepemilikan mobil bekas dengan garansi komprehensif hingga 5 TAHUN untuk 155 KOMPONEN. BERSERTIFIKAT, BERPOLIS, dan didukung layanan CUSTOMER SERVICE PERSONAL untuk pengalaman berkendara yang aman dan tanpa khawatir.

Belanja Mobil bukan hanya menjual mobil bekas. Kami jual mobil bekas dengan RASA AMAN seperti mobil baru.

5 BELANJA MOBIL PROMISE : 
1. Mobil Terinspeksi 155 titik 
2. TERGARANSI 5 tahun 
3. Harga Transparan 
4. Jaminan Trade-in/Buyback 
5. After Sales yg baik (Mempunyai Customer Service Personal)

-UNIT 100% BEBAS TABRAK DAN BEBAS BANJIR (garansi uang kembali)
-Dokumen ABSAH
-BONUS! Free Detailing (pembersihan) 2x (1 tahun)
-
OTR KREDIT 790JT
OTR CASH BY CALL

Bunga Premium
Dp 176jt
Angs 19,954,500 x47 tlo

Dp 165jt
Angs 17,272,000 x59 tlo

UNTUK REQUEST DP & SIMULASI KREDIT LAIN SILAKAN HUBUNGI KAMI

Harga kredit tertera adalah harga minimal kredit dengan tenor 4 & 5 tahun, diluar itu mengikuti harga Cash (karena kami mensubsidi refund bunga kepada anda)
-
Spesifikasi :
* Tangan Pertama dari Baru, Pribadi
* ADAS: ACC, AEB, FCW, LDW, LKA, LCK
* Electric Panoramic Sunroof
* Infinity Sound System
* Engine 2.0L Turbo Hybrid 342Hp (648Nm)
* Acceleration 0-100 KM On 7.9 seconds
* 9Speed Auto Transmission
* Paddle Shift
* Integrated Intelligent Parking
* Automatic Electric Side Step
* AC Digital Triple Zone
* 12.3 Inch Digital Information Display
* 14.6 Inch Touchscreen Multimedia Display With Apple Carplay & Android Auto
* Electric Seat with 3 Memory Function + Massage
* Intelligent LED Headlamp With DRL
* LED Tail Light
* 360 View Parking Camera, Parking Sensor, Traction Control System
* SRS Airbags, ABS, BA, VSC, EBD COMPLETE SAFETY CAR


LOKASI : Focus Motor Bintaro, Bursa Otomotif Bintaro, Tangerang Selatan. (CJH) (B)",GWM,Lainnya,,Lainnya,5.000-10.000,790000000.0
948094353,Mercedes Benz C200 W205 Facelift AMG Final Edition 2020 / 2021,"Mercedes Benz C200 W205 Facelift 
AMG Final Edition 2020 / 2021

NIK 2020 Faktur 2021
Pajak 06 2027
Odo 33rb miles
Plat B Genap
Mojave Silver Metallic on Black
M264 Turbocharged 2.0
AMG Final Edition M264
Tangan Pertama

Spec:
2.0L M264-AMG Turbo
9G-Tronic Transmission
AMG Full Bodykits
AMG Rims
AMG Big Brake Kits
AMG 2.0 M264 Engine (limited on C200)
Mercedes MBUX 
Multicolor Ambient lights
Parking Assist
G-Force Accelerometer
Start stop engine
Paddle shift triptonic
Electric seats
Service Record Mercy

KHUSUS Paket Kredit
DP Rendah:
OTR 479
TDP 79
Angs 14,026,000 (4th)
Angs 12,066,000 (5th)
Asuransi kombinasi

KHUSUS Promo
Bunga 0% (Limited offer)
TDP 379
Angs 18,334,000 (1th)
Asuransi TLO

Promo Special:
 1.PROMO BUNGA 0%
 2.PROMO BUNGA RENDAH BCAF
 3.PROMO TDP RENDAH

Cash 550

Lokasi: Garasi Bloko",Mercedes-Benz,Lainnya,,Lainnya,30.000-35.000,479000000.0
947935818,Pajak Panjang - Honda CR-V 2.4 RS Bensin-AT 2017,".
Pajak Panjang - Honda CR-V 2.4 RS Bensin-AT 2017 Putih 
.
Harga Cash : Hubungi Saya / Chat Me 
Harga Credit : Rp.  205,000,000 ,-
TDP :  21,000,000
Angsuran 4 Tahun : Rp. 6,300,000 ,-
Angsuran 5 Tahun silahkan hubungi untuk informasi lebih lanjut
.
Beli Mobil Terus Untung!!
Beli mobil dan dapatkan bonus saldo digital hingga Rp1.500.000!
*S&K berlaku
.
Keunggulan Unit
1. Pajak : December 2025
2. Odometer : 109.xxx 
3. Like New
4. Tangan Pertama
5. Atas nama  : Perorangan
6. Plat Ganjil
.
GRATIS HOME TEST DRIVE
.
Pembayaran Booking Fee / Pelunasan hanya melalui no rekening 2061/888/995 - BCA - an SERASI MITRA MOBIL PT

TDP promo hanya Berlaku jika:
- BI checking Bersih (tidak pernah ada keterlambatan pembayaran)
- Rumah Milik Pribadi
- Pemasukan/Gaji= 3x Angsuran.
*Bisa di bantu Rumah Kontrak dan BI checking bermasalah dengan TDP 30%* (S&K Berlaku)
.
Kunjungi kami di
OLXmobbi Bekasi
Jl. Jend. Sudirman No.1, Kranji, Kec. Bekasi Bar., Kota Bks, Jawa Barat KODE POS 86192
.
Rudi Hartono - Sales Advisor
OLXmobbi
Ahlinya Mobil Bekas Berkualitas",Honda,Lainnya,,Lainnya,105.000-110.000,205000000.0
948075046,DP10% [Km11.000] 330i M-Sport 2021 White Reg 2023 #AUTOHIGH,"BMW 330i M-SPORT 2021/2022 NEW PROFILE WHITE ON SADDLE TAN
Km.11.000 Antik!! , Stnk Bulan 01 Register 2022 ( NIK.2021 ) 
- Monitor + GPS Indonesia (3D)
- Speedometer Digital
- i-Drive Control with Touchpad
- Engine Start Button + Keyless
- ECO Mode Auto Start-Stop
- Sunroof
- Electric Seat + Memory Seat
- Adaptive Suspension ( Comfort & Sport )
- Engine 2.0cc with 258Hp ( 0-100 km/h : 5.0 second )
- Velg Smoke Chrome Black
- Service Record ATPM BMW Indonesia

OTR KREDIT : 675JT
OTR CASH : 750JT

Harga Negosiasi Setelah Datang Lihat Unit di Showroom Kami

Pembelian via cash / kredit.. Data luar kota bisa bantu proses, Tersedia jg Paket Total DP Ringan, Tenor hingga 6 tahun ( Proses 1 hari kerja saja )

Segera Rekomendasikan Keluarga / Teman / Kerabat Bapak & Ibu semua untuk membeli Mobil di AUTOHIGH dan dapatkan harga & kualitas terbaik dengan cara Share Link Iklan ini, Terima Kasih !!!

///AUTO HIGH BINTARO
** Bursa Mobil Bintaro A1 - A3
Bintaro Sektor 7, Tangerang Selatan
( Exit Tol Pondok Aren, samping Bank Permata Tower dan Dealer BMW Bestindo )

[[ GUNAKAN SELALU FITUR TELEPON & WHATS APP UNTUK KEAMANAN BERKOMUNIKASI, TERIMA KASIH ]]

Buka Setiap Hari : Pukul 9 Pagi s/d 6 Sore
( Sabtu / Minggu / Hari Libur Tetap Buka )

More Info, Please Call / SMS / Whats App : Pukul 8 Pagi s/d 11 Malam ( Setiap Hari )",BMW,Lainnya,,Lainnya,5.000-10.000,675000000.0
947935847,DP RENDAH - Hyundai Santa Fe 2.4 Bensin-AT 2017,".
DP RENDAH - Hyundai Santa Fe 2.4 Bensin-AT 2017 Putih 
.
Harga Cash : Hubungi Saya / Chat Me 
Harga Credit : Rp.  170,000,000 ,-
TDP :  17,000,000
Angsuran 4 Tahun : Rp. 5,300,000 ,-
Angsuran 5 Tahun silahkan hubungi untuk informasi lebih lanjut
.
Beli Mobil Terus Untung!!
Beli mobil dan dapatkan bonus saldo digital hingga Rp1.500.000!
*S&K berlaku
.
Keunggulan Unit
1. Pajak : May 2026
2. Odometer : 143.xxx 
3. Like New
4. Tangan Pertama
5. Atas nama  : Perorangan
6. Plat Genap
.
GRATIS HOME TEST DRIVE
.
Pembayaran Booking Fee / Pelunasan hanya melalui no rekening 2061/888/995 - BCA - an SERASI MITRA MOBIL PT

TDP promo hanya Berlaku jika:
- BI checking Bersih (tidak pernah ada keterlambatan pembayaran)
- Rumah Milik Pribadi
- Pemasukan/Gaji= 3x Angsuran.
*Bisa di bantu Rumah Kontrak dan BI checking bermasalah dengan TDP 30%* (S&K Berlaku)
.
Kunjungi kami di
OLXmobbi Bekasi
Jl. Jend. Sudirman No.1, Kranji, Kec. Bekasi Bar., Kota Bks, Jawa Barat KODE POS 47913
.
Rudi Hartono - Sales Advisor
OLXmobbi
Ahlinya Mobil Bekas Berkualitas",Hyundai,Lainnya,,Lainnya,140.000-145.000,170000000.0
948192371,Hyundai Creta Style 1.5 AT 2022 Putih,"Hyundai Creta style At ( bluelink )
Th 2022 nik 2022
Putih ,pjk 05 - 2027
Km low 27rb ( record hyundai )


Harga Khusus Kredit 
OTR 217jt, (Paket Kredit 5thn)

Paket A
Tdp 28jt
Ang 6.044 x 47
Ang 5.173 x 59

Paket B
Tdp 35jt 
Ang 5.824 x 47
Ang 4.985 x 59

Paket C
Tdp 67jt
Ang 4.945 x 47
Ang 4.237 x 59

Mobil mulus, interior bersih, terawat
-Dijamin tidak bekas tabrak dan banjir
-Surat surat asli, lengkap dan terjamin keabsahan nya

Kendaraan ini lulus inspeksi & garansi mesin hingga 1 tahun
-Free layanan emergency call 24 jam selama 1th
-Free garansi mesin dan transmisi 1th via kredit
-Free salon dan detailing

●Harga yg tertera harga OTR kredit TDP rendah tenor panjang 
●Untuk simulasi kredit tdp dan tenor lain by wa, tdp bisa disesuaikan dengan budget anda
●HARGA CASH  Silahkan WA atau TLP 
●Data bisa di bantu, proses kredit cepat
●Bisa bantu proses kredit dan pengiriman untuk luar kota
●Bisa bawa leasing sendiri (sesuai harga cash)
●Terima tukar tambah atau jual saja

Fast respon WA / TLP 24 JAM 
Silahkan datang langsung cek unitnya dan nego sampai deal!

IMEL 

- CABANG PIK 2
- WTC MANGGA DUA
- CABANG BINTARO
- CABANG BEKASI
- MEGA GLODOK KEMAYORAN",Hyundai,Lainnya,,Lainnya,20.000-25.000,217000000.0
947894637,Lexus LX600 AT 7-Seater 2024 Hitam Km17rb B1774WJI,"Lexus LX600 AT 7-Seater 2024

- New Model
- 7-Seater
- Sunroof
- 3TV
- GPS Navigation
- Hidrolic
- Audio Mark Levinson
- Black On Black
- Power Back Door
- Km 17.000 Antik
- Warna Hitam
- Nopol B Genap
- Pajak 07-2027
- Tangan 1 Dari Baru
- Atas Nama Perorangan
- Nik 2024
- Warranty ATPM 05-04-2027
- Free Service 05-04-2029
- Perlengkapan Kendaraan Komplit
- Dijamin Kondisi Istimewa

GARANSI :
1. Keabsahan Dokumen Kendaraan
2. Mobil tidak bekas tabrakan & tidak bekas banjir
3. Bisa di cek mesin, electrical, dan history service sebelumnya di bengkel resmi / ATPM

Harga Kredit 3.000
Harga Cash 3.150

Silakan cek stok dan follow IG kami :
@lbautosunter
@lbauto_official


LB AUTO BINTARO
Bursa Mobil Bintaro Blok A28 dan A29

LB AUTO SUNTER
(Masuk dari pintu 1)
Bursa Otomotif Sunter
Blok J8-10 & Blok KA2-8
Jl Yos Sudarso Kav 87-88, Jakarta Utara",Lexus,Lainnya,,Lainnya,15.000-20.000,3000000000.0
948192329,BUNGA 4% PAJAK AGUSTUS 2027 WARANTY BMW 2028 BMW 330i M SPORT PRO 2023,"KHUSUS yang ingin barang BAGUS
KHUSUS yang ingin bunga MURAH dan BISA BERHITUNG
KHUSUS untuk orang yang tidak terpukau dengan HARGA MURAH tapi Angsuran lebih MAHAL daripada HITUNGAN KAMI.
.
Harga khusus Tunai Rp CALL
Harga khusus kredit Rp 845,000,000 NEGO
*
Paket kredit dp mumer dan bunga murah
.
Total pembayaran pertama Rp 226,000,000
Angsuran 23 bulan rp 30,500,000 BUNGA HANYA 4.25%
.
Total pembayaran pertama Rp 220,000,000
Angsuran 35 bulan rp 21,100,000 BUNGA HANYA 4.25%
Angsuran 47 bulan rp 16,700,000 BUNGA HANYA 4.75%
Angsuran 59 bulan rp 14,200,000 BUNGA HANYA 5.25%
.
TDP sudah termasuk :
- Down Payment
- angsuran 1
- administrasi
- Asuransi 1 Tahun ALL RISK
- asuransi tahun selanjutnya TLO ( Total Lost Only )
- PROVISI HANYA 1%
- 
Yuk mari berhitung, kenapa harus beli mobil di PASKAH Mobil, karena kami MENGEMBALIKAN CASH BACK semua yang di berikan leasing KEPADA ANDA, terima kasih
.	 
Harga tersebut masih bisa di Negosiasi Hanya Setelah Datang Lihat Unit di Showroom Kami..
.
Keterangan Unit Kendaraan :
*
BMW 330i M-Sport Pro
Engine Twin Power Turbo 2.0L
8 speed sport Strip tonic
Tahun Pembuatan / NIK 2023
Pemakaian 2024
STNK, BPKB, FAKTUR Tangan Pertama dari Baru atas nama PRIBADI
*
Pajak terbayar 10 Agustus 2027
pajak terbayar 1 tahun
Nilai pajak yang terbayar Rp 14.780.000
Nomor Polisi B 1492 PAK / GENAP
B dari Jakarta PUSAT
- 
ODO 30K Mill Service record BMW 
LAST SERVICE 29 APRIL 2026 
BMW WARANTY 24 JULI 2028 
BMW SERVICE FREE 6 AGUSTUS 2028
- 
Perbedaan yang Menonjol antara BMW 330i M-Sport dengan type Sport dan 320 : 
- Sunroof 
- Speakers by Harman/Kardon 
- Velg Original BMW 330i M-Sport R19 
- Disc brake M-Sport 
- 
Spec Eksterior : 
- Grill Black Chrome 
- BMW actived kidney grill 
- BMW LED Laser Light 
- Day Running Light (DRL) 
- LED Stop lamps 
- Sensor Parking 
- Rain Sensor 
- Camera Parking 
- Double Muffler 
- Power Back door 
- Duck tail 
- 
Spec Interior : 
- M Sport Package Pro 
- M Aero dynamic Package 
- Brooklyn Gery on Black Alcantara 
- Black Dash board 
- Adaptive cruise control 
- Adaptive M suspension 
- M-Sport multi function steering with paddle shift 
- 12,3"" digital instrument cluster
- BMW curved head unit with iDrive OS8
- BMW Gesture control and Voice Command
- Apple Car play and Android auto
- Anti-Collision Brake System
- Ambient Light
- Wireless Charger
- Key less Button and Engine Start Stop
- Rotarry Command
- Mini Double Blower
- M-Sport Wheel
- Leather Wheel
- 2 electric seats
- 1 Memory Seat
- SPORT / COMFORT / ECO PRO Mode
- 
etc, Standart BMW 330i M-Sport Pro 2023 NIK 2024
*
Outlet :
Paskah Mobil Mangga Dua Square
Jl. Gunung sahari raya no 1
Mangga Dua Square
Lantai LG Lot M15-16
Jakarta Utara.
.
ingin melihat stock mobil kami yang lain. silahkan klik VIEW PROFILE di akhir DISKRIPSI ini.
Tolong di favoritkan dan di follow ya teman2...
.
Terima Tukar Tambah Dan Berani Beli Mobil Yang Berkwalitas Istimewa
*
Terima Titip Jual beli Mobil. dengan surat surat Lengkap
.
SALAM 
PASKAH MOBIL",BMW,Lainnya,,Lainnya,10.000-15.000,845000000.0
947497557,KM 21 RIBU RECORD! TOYOTA ALPHARD G BENSIN NEW MODEL NIK 2023/2024,"Harga Untuk Kredit 
Harga Tunai Beda Lagi 

( Tdp lebih dari 30% otr kredit beda lagi ) 

TOYOTA ALPHARD 2.5 G BENSIN 
NIK 2023
Low KM 21 RIBU
PLAT B JAKARTA PUSAT
Interior dan Eksterior Istimewa dan terawat
Tangan pertama dari baru 
Nama PERORANGAN
Pajak bulan 11 2026
Plat GENAP BLANK
Record Resmi 
Kunci serep lengkap 
Surat surat lengkap 
Mesin kering 
Kaki kaki tidak ada bunyi 
Kondisi siap pakai 

Garansi uang kembali full apabila unit permah terjadi accident 
Garansi mobil bukan bekas tabrak dan banjir 
Boleh chek unit ke bengkel resmi 

- GARANSI MESIN DAN TRANSMISI 1 BULAN s/d 2 TAHUN s&k BERLAKU!
- CUSTOMER SERVICE 24 JAM 
- TOWING FREE SAAT MOBIL BERMASALAH DI SELURUH INDONESIA
- MEKANIK SIAP DATANG SAAT KUNCI MOBIL TERTINGGAL DI DALAM
- FREE JUMPER AKI, JIKA AKI MOBIL LEMAH 
- FREE PEMERIKSAAN DI JALAN SAAT MOBIL ADA PERMASALAHAN
- FREE LAYANAN BENSIN 5 LITER JIKA MOBIL HABIS BENSIN DI PERJALANAN
-  FREE LAYANAN PENGGANTIAN BAN SEREP 

LOKASI WTC MANGGA DUA LANTAI 3A NO 80 KETEMU DENGAN ABDUL GCR AUTOHarga Untuk Kredit 
Harga Tunai Beda Lagi",Toyota,Lainnya,,Lainnya,20.000-25.000,1062999000.0
947497413,KM 21 RIBUAN RECORD! TOYOTA ALPHARD G BENSIN NEW MODEL NIK 2023/2024,"Harga Untuk Kredit 
Harga Tunai Beda Lagi 

( Tdp lebih dari 30% otr kredit beda lagi ) 

TOYOTA ALPHARD 2.5 G BENSIN 
NIK 2023
Low KM 21 RIBU
PLAT B JAKARTA PUSAT
Interior dan Eksterior Istimewa dan terawat
Tangan pertama dari baru 
Nama PERORANGAN
Pajak bulan 11 2026
Plat GENAP BLANK
Record Resmi 
Kunci serep lengkap 
Surat surat lengkap 
Mesin kering 
Kaki kaki tidak ada bunyi 
Kondisi siap pakai 

Garansi uang kembali full apabila unit permah terjadi accident 
Garansi mobil bukan bekas tabrak dan banjir 
Boleh chek unit ke bengkel resmi 

- GARANSI MESIN DAN TRANSMISI 1 BULAN s/d 2 TAHUN s&k BERLAKU!
- CUSTOMER SERVICE 24 JAM 
- TOWING FREE SAAT MOBIL BERMASALAH DI SELURUH INDONESIA
- MEKANIK SIAP DATANG SAAT KUNCI MOBIL TERTINGGAL DI DALAM
- FREE JUMPER AKI, JIKA AKI MOBIL LEMAH 
- FREE PEMERIKSAAN DI JALAN SAAT MOBIL ADA PERMASALAHAN
- FREE LAYANAN BENSIN 5 LITER JIKA MOBIL HABIS BENSIN DI PERJALANAN
-  FREE LAYANAN PENGGANTIAN BAN SEREP 

LOKASI WTC MANGGA DUA LANTAI 3A NO 80 KETEMU DENGAN ABDUL GCR AUTOHarga Untuk Kredit 
Harga Tunai Beda Lagi",Toyota,Lainnya,,Lainnya,20.000-25.000,1062999000.0
948192303,2017 Toyota Camry V 2.5 New Model AT Facelift TDP35jt,"2017 Toyota Camry V 2.5 New Model AT Facelift TDP35jt

spesifikasi:
- NIK2017
- Electric Seat
- Kamera mundur
- AIRBAG
- SRS
- Steering Switch
- HID Headlamp
- Triptronic
- Leather Seat
- New Model
- Plat B Ganjil (bisa Req Ganjil/ Genap)
- Interior rapih
- Sangat terawat sekali
- Surat dijamin
- Bisa tuker tambah
- Kredit dibantu

Harga Special Khusus Paket Kredit

TDP ringan Rp35jt bawa pulang mobil
Angsuran 5.959.000x47

Estimasi Hitungan TDP dan Angsuran lain bisa disesuaikan kebutuhan
FREE WARANTY MESIN & TRANSMISI (Paket kredit included)
Proses kredit dapat dibantu

Cash harga Berbeda Silakan Hubungi

Janji temu Cabang terdekat kami

Daryls Auto  Gedung WTC mangga dua  lantai 3A No 37 No 50 No 75-79 No 102 , lantai 6 no 630A Jakarta Utara

Daryls Auto  Bintaro JAYA Bintaro sektor 7 No B09, Pd. Aren, Kota Tangerang Selatan, Banten

IG&TIKTOK : @darylsauto

Kami Siap Melayani Anda Sampai Harga Termurah & Terbaik
Untuk Info Paket DP & Harga Sesuai Iklan Hub Bisa Call / WA
Info Jual / Beli Mobil Second Anda, Silahkan Hub Kami, Mobil Berkualitas Dengan Harga Bersaing",Toyota,Lainnya,,Lainnya,85.000-90.000,204000000.0
948192210,BMW X3 xdrive Diesel 2012 Km 91k,"Superb condition :

BMW X3 Diesel 2012 hitam
Full spec
Tangan pertama dari baru
Atas nama PT bukan rental
Stnk panjang baru bayar

Kilometer sangat rendah 91rb (bukan miles) servis record 

Surat2 lengkap dan asli
Dijamin bebas tabrakan dan banjir

Harga 165jt Cash nego sampai jadi dilokasi

Respon cepat silakan chat:

Nol lapan satu tujuh, nol-nol, tiga satu, lapan-lapan-lapan",BMW,Lainnya,,Lainnya,85.000-90.000,165000000.0
948192201,Kia Carnival 2024 Diesel,"Merek mobil: Kia
Tahun pembuatan: 2024
Model mobil: Carnival
Varian mobil: mobil-bekas-kia-carnival-2.2-premiere-solar-at-AT
Jenis bahan bakar mobil: Diesel
Jarak tempuh mobil: 50000
Warna mobil: Putih
Transmisi mobil: Otomatis
Tipe penjual: Dealer",Kia,Lainnya,,Lainnya,45.000-50.000,575000000.0
948192156,[ ODO 25RB ] Merc Benz GLE450 4Matic 2021,"Mercedes Benz GLE450 4Matic 2021
Odo 25rb
Service Record Mercedes 
Black on Black
3.0L M256 Engine with EQBOOST (367Hp/500Nm)
9G-Tronic AT with Manual Mode
Panoramic Sunroof
Multibeam LED Headlamp
Engine Start Stop with Idling Start Stop
Cruise Control
Paddle Shift
Multifunction Steering with Touchpad
Full TFT Digital Instrument Cluster
4 Zone Auto Climate Control
11,5"" MBUX Widescreen Multimedia Head Unit
Apple Car Play & Android Auto
Burmester Premium Audio
Ambient Light
Leather Seat
Heated Seat
Electric Seat with 3 Preset Memory
Electric Side Sunshade Mirror
GPS Indonesia
360 Camera
Airmatic Suspension
Lane Departure Warning
Blind Spot Monitoring
Electric Parking Brake
Power Back Door with Kick Sensor
20"" Original Mercedes GLE 450 AMG Wheels
Faktur 2021
Perakitan 2021
Plat B ( Ganjil )
Pajak 04/2027
An Pribadi

Garansi Bersertifikat Tidak bekas tabrakan dan Banjir ( by @otospector ) 

Garansi 12 Bulan untuk Mesin dan Transmisi

Full detailing Exterior dan Interior

HARGA 9xx Jt KHUSUS KREDIT ( Negotiable )

Harga Cash Nego Setelah liat Unit",Mercedes-Benz,Lainnya,,Lainnya,20.000-25.000,999000000.0
945269468,PAJAK OKTOBER GANJIL Odo 8k BUNGA 4% MERCY A35 AMG 2023 A 35 AMG 2023,"KHUSUS yang ingin barang BAGUS
KHUSUS yang ingin bunga MURAH dan BISA BERHITUNG
KHUSUS untuk orang yang tidak terpukau dengan HARGA MURAH tapi Angsuran lebih MAHAL daripada HITUNGAN KAMI.
.
Lulus Inspeksi Dan Sertifikasi OTOSPECTOR, Mobil bebas Tabrakan dan Banjir.
MOBIL BERGARANSI MESIN DAN TRANSMISI SELAMA 2 TAHUN
.
Harga khusus Tunai Rp 730,000,000 
Harga khusus kredit Rp 675,000,000 
*
Paket kredit dp mumer dan bunga murah
.
Total pembayaran pertama Rp 195,000,000
Angsuran 23 bulan rp 26,800,000 BUNGA HANYA 4.25%
.
Total pembayaran pertama Rp 207,000,000
Angsuran 35 bulan rp 18,000,000 BUNGA HANYA 4.25%
.
Total pembayaran pertama rp 177,000,000
Angsuran 47 bulan rp  15,000,000 BUNGA HANYA 4.75%
.
Total pembayaran pertama rp 212,000,000
Angsuran 59 bulan rp 12,000,000 BUNGA HANYA 5.25%
.
TDP sudah termasuk :
- Down Payment
- angsuran 1
- administrasi
- Asuransi 1 Tahun ALL RISK
- asuransi tahun selanjutnya TLO ( Total Lost Only )
- PROVISI HANYA 1%
- 
Yuk mari berhitung, kenapa harus beli mobil di PASKAH Mobil, karena kami MENGEMBALIKAN CASH BACK semua yang di berikan leasing KEPADA ANDA, terima kasih
.	 
Harga tersebut masih bisa di Negosiasi Hanya Setelah Datang Lihat Unit di Showroom Kami..
*
Keterangan Unit Kendaraan :
.
Mercedes Benz A35 AMG
Engine 2.0L Mild Hybird 4MATIC AMG
speedshift DCT sedan 
all wheel drive
Tahun Pembuatan / NIK 2023
Faktur 2023
.
- Pajak Terbayar 21 Oktober 
- Nomor Polisi B 1645 NDY / GANJIL
- 
- ODO 8K
- KM 14k Service record secara berkala mercedes
-  FREE SERVICE 14 Juni 2028 
- 
- Spec Eksterior :
- Grill AMG
- LED High Performance headlamp Projector
- Day Running Light (DRL)
- LED Stop lamps
- Camera Parking & Sensor Parking
- Double Exhaust
- Velg AMG original mercedes benz R19""
- Active Parking Assist with PARK TRONIC
- Active Brake Assist
- Cruise Control
- Tyre pressure monitoring system
- 
- Spec Interior :
- Sport seat nappa leather
- Dual 10.25-inch full digital display with Odometer Digital Apple Car Play TM / Android Auto / MBUX multimedia system Supp Hdmi, Ipod, Aux, USB, Radio, BT Phone
- Trim in dark carbon-fibre look
- Ambient Light Cabin
- Eco / Sport / Comfort / Individual Mode
- Artico Leather Seats
- 2 electric seats with 2 Memory Seat
- Automatic Hand brake
- Steering Audio Control
- Paddle Shift
- Touchpad Command
- 
etc, Standart Mercedes Benz A35 AMG 2.0L Turbo 2023 Nik 2023
.
Outlet :
PASKAH MOBIL SERPONG
Belakang Rumah Sakit Bethsaida
Bursa Mobil Paramount
BEZ Auto Centre Blok A no 7
Gading Serpong
Tangerang
.
ingin melihat stock mobil kami yang lain. silahkan klik VIEW
PROFILE di akhir DISKRIPSI ini.
Tolong di favoritkan dan di follow ya teman2...
.
Terima Tukar Tambah Dan Berani Beli Mobil Yang Berkwalitas
Istimewa
*
Terima Titip Jual beli Mobil. dengan surat surat Lengkap
.
SALAM 
PASKAH MOBIL",Mercedes-Benz,Lainnya,,Lainnya,5.000-10.000,675000000.0
948192049,Mobil di jual land cruiser,Land cruiser vx 200 di jual,Toyota,Lainnya,,Lainnya,65.000-70.000,755000000.0
947762662,DP10% [Km7.000] X1 X-Line 2024 White Reg 2025 #AUTOHIGH,"BMW X1 X-LINE 2024 NEW MODEL WHITE ON BLACK
Km.7.000 Antik!! , Stnk Bulan 10 ( NIK.2024 )
- Monitor + Rear Camera
- GPS Indonesia
- Speedometer Digital
- Electric Seat + Memory Seat
- Panoramic + Sunroof
- Bagasi Power Back Door
- Engine Start Stop
- Warranty Full Spare Parts BRI ( 5 Thn s/d July 2029 ) & Warranty Free Service BSI ( 5 Thn s/d July 2029 )

OTR KREDIT : 710JT
OTR CASH : 785JT

Harga Negosiasi Setelah Datang Lihat Unit di Showroom Kami

Pembelian via cash / kredit.. Data luar kota bisa bantu proses, Tersedia jg Paket Total DP Ringan, Tenor hingga 6 tahun ( Proses 1 hari kerja saja )

Segera Rekomendasikan Keluarga / Teman / Kerabat Bapak & Ibu semua untuk membeli Mobil di AUTOHIGH dan dapatkan harga & kualitas terbaik dengan cara Share Link Iklan ini, Terima Kasih !!!

///AUTO HIGH BINTARO
** Bursa Mobil Bintaro A1 - A3
Bintaro Sektor 7, Tangerang Selatan
( Exit Tol Pondok Aren, samping Bank Permata Tower dan Dealer BMW Bestindo )

[[ GUNAKAN SELALU FITUR TELEPON & WHATS APP UNTUK KEAMANAN BERKOMUNIKASI, TERIMA KASIH ]]

Buka Setiap Hari : Pukul 9 Pagi s/d 6 Sore
( Sabtu / Minggu / Hari Libur Tetap Buka )

More Info, Please Call / SMS / Whats App : Pukul 8 Pagi s/d 11 Malam ( Setiap Hari )",BMW,Lainnya,,Lainnya,0-5.000,710000000.0
947935836,DP RENDAH - Toyota Camry 2.5 Hybrid-AT 2021,".
DP RENDAH - Toyota Camry 2.5 Hybrid-AT 2021 Hitam 
.
Harga Cash : Hubungi Saya / Chat Me 
Harga Credit : Rp.  359,000,000 ,-
TDP :  41,000,000
Angsuran 4 Tahun : Rp. 10,900,000 ,-
Angsuran 5 Tahun silahkan hubungi untuk informasi lebih lanjut
.
Beli Mobil Terus Untung!!
Beli mobil dan dapatkan bonus saldo digital hingga Rp1.500.000!
*S&K berlaku
.
Keunggulan Unit
1. Pajak : July 2024
2. Odometer : 99.xxx 
3. Like New
4. Tangan Pertama
5. Atas nama  : Perorangan
6. Plat Genap
.
GRATIS HOME TEST DRIVE
.
Pembayaran Booking Fee / Pelunasan hanya melalui no rekening 2061/888/995 - BCA - an SERASI MITRA MOBIL PT

TDP promo hanya Berlaku jika:
- BI checking Bersih (tidak pernah ada keterlambatan pembayaran)
- Rumah Milik Pribadi
- Pemasukan/Gaji= 3x Angsuran.
*Bisa di bantu Rumah Kontrak dan BI checking bermasalah dengan TDP 30%* (S&K Berlaku)
.
Kunjungi kami di
OLXmobbi Bekasi
Jl. Jend. Sudirman No.1, Kranji, Kec. Bekasi Bar., Kota Bks, Jawa Barat KODE POS 40442
.
Rudi Hartono - Sales Advisor
OLXmobbi
Ahlinya Mobil Bekas Berkualitas",Toyota,Lainnya,,Lainnya,95.000-100.000,359000000.0
947383050,DP10% [Km24.000] GLC200 AMG 2019 White / GLC 200 Reg 2021 #AUTOHIGH,"MERCEDES BENZ GLC200 AMG 2019/2020 FACELIFT WHITE ON BLACK
Km.24.000 Antik!! , Stnk Bulan 02 Register 2020 ( NIK.2019 )
- Monitor Screen Audio
- Rear Camera
- Speedometer Digital
- GPS Indonesia
- Electric Seat + Memory Seat
- Electric Tilt Steering 
- Keyless + Engine Start Button
- Sunroof + Panoramic 
- Audio Burnsmester
- Mouse Control Pad
- Bagasi Power Back Door
- Service Record ATPM Mercedes Benz

OTR KREDIT : 595JT 
OTR CASH : 670JT 

Harga Negosiasi Setelah Datang Lihat Unit di Showroom Kami

Pembelian via cash / kredit.. Data luar kota bisa bantu proses, Tersedia jg Paket Total DP Ringan, Tenor hingga 6 tahun ( Proses 1 hari kerja saja )

Segera Rekomendasikan Keluarga / Teman / Kerabat Bapak & Ibu semua untuk membeli Mobil di AUTOHIGH dan dapatkan harga & kualitas terbaik dengan cara Share Link Iklan ini, Terima Kasih !!!

///AUTO HIGH BINTARO
** Bursa Mobil Bintaro A1 - A3
Bintaro Sektor 7, Tangerang Selatan
( Exit Tol Pondok Aren, samping Bank Permata Tower dan Dealer BMW Bestindo )

[[ GUNAKAN SELALU FITUR TELEPON & WHATS APP UNTUK KEAMANAN BERKOMUNIKASI, TERIMA KASIH ]]

Buka Setiap Hari : Pukul 9 Pagi s/d 6 Sore
( Sabtu / Minggu / Hari Libur Tetap Buka )

More Info, Please Call / SMS / Whats App : Pukul 8 Pagi s/d 11 Malam ( Setiap Hari )",Mercedes-Benz,Lainnya,,Lainnya,15.000-20.000,595000000.0
947935861,DP RENDAH - Honda Jazz 1.5 S Bensin-AT 2017,".
DP RENDAH - Honda Jazz 1.5 S Bensin-AT 2017 Hitam 
.
Harga Cash : Hubungi Saya / Chat Me 
Harga Credit : Rp.  158,000,000 ,-
TDP :  15,000,000
Angsuran 4 Tahun : Rp. 5,000,000 ,-
Angsuran 5 Tahun silahkan hubungi untuk informasi lebih lanjut
.
Beli Mobil Terus Untung!!
Beli mobil dan dapatkan bonus saldo digital hingga Rp1.500.000!
*S&K berlaku
.
Keunggulan Unit
1. Pajak : January 2027
2. Odometer : 117.xxx 
3. Like New
4. Tangan Pertama
5. Atas nama  : Perorangan
6. Plat Ganjil
.
GRATIS HOME TEST DRIVE
.
Pembayaran Booking Fee / Pelunasan hanya melalui no rekening 2061/888/995 - BCA - an SERASI MITRA MOBIL PT

TDP promo hanya Berlaku jika:
- BI checking Bersih (tidak pernah ada keterlambatan pembayaran)
- Rumah Milik Pribadi
- Pemasukan/Gaji= 3x Angsuran.
*Bisa di bantu Rumah Kontrak dan BI checking bermasalah dengan TDP 30%* (S&K Berlaku)
.
Kunjungi kami di
OLXmobbi Bekasi
Jl. Jend. Sudirman No.1, Kranji, Kec. Bekasi Bar., Kota Bks, Jawa Barat KODE POS 72959
.
Rudi Hartono - Sales Advisor
OLXmobbi
Ahlinya Mobil Bekas Berkualitas",Honda,Lainnya,,Lainnya,115.000-120.000,158000000.0
947869460,[ LOW 8RB KM ] Hyundai Creta 1.5 N-Line Non Turbo AT 2025/2026,"BELI MOBIL TANPA KHAWATIR BERGARANSI 5 TAHUN!

Hyundai Creta 1.5 N-Line Non Turbo AT Black Matte NIK 2025, PAJAK BULAN 2 (2027), ODOMETER VERY LOW 8RB PERAK KM

GARANSI HYUNDAI 3+1 TAHUN ATAU 100,000 KM
-
Focus Motor Belanja Mobil 26 Tahun Membangun Kepercayaan.
Nikmati standar baru kepemilikan mobil bekas dengan garansi komprehensif hingga 5 TAHUN untuk 155 KOMPONEN. BERSERTIFIKAT, BERPOLIS, dan didukung layanan CUSTOMER SERVICE PERSONAL untuk pengalaman berkendara yang aman dan tanpa khawatir.

Belanja Mobil bukan hanya menjual mobil bekas. Kami jual mobil bekas dengan RASA AMAN seperti mobil baru.

5 BELANJA MOBIL PROMISE :
1. Mobil Terinspeksi 155 titik
2. ⁠TERGARANSI 5 tahun
3. ⁠Harga Transparan
4. ⁠Jaminan Trade-in/Buyback
5. ⁠After Sales yg baik (Mempunyai Customer Service Personal)

-UNIT 100% BEBAS TABRAK DAN BEBAS BANJIR (garansi uang kembali)
-Dokumen ABSAH
-BONUS! Free Detailing (pembersihan) 2x (1 tahun)
-
OTR KREDIT 380JT
OTR CASH by call

DP Minim
Tdp 61 jt
Ang 11.333 x47 tlo

Tdp 55 jt
Ang 9.966x 59 tlo

Bunga Premium
Tdp 71 jt
Ang 10.766x4thn  tlo

Tdp 66 jt
Ang 9.430 x 5thn tlo

UNTUK REQUEST DP / HITUNGAN LAIN, SILAKAN HUBUNGI KAMI

Harga kredit tertera adalah harga minimal kredit dengan tenor 4 & 5 tahun, diluar itu mengikuti harga Cash (karena kami mensubsidi refund bunga kepada anda)
-
Spesifikasi :
* Tangan Pertama Dari Baru, PT
* Hyundai Smart Sense : FCA, LKA, LFA, BCA, RCCA, HBA
* Panoramic Sunroof
* BOSE Sound System
* Engine 1.5 cc 
* 7 Speed Transmission DCT
* Hyundai BlueLink Connectivity Technology
* Console Armrest with Air Purifier
* Audio Steering Switch, Paddle Shift
* AC Digital Single Zone
* MID Digital Cluster
* Headunit Touchscreen With Apple Carplay & Android Auto
* Electric Black Leather Seat
* LED Headlamp With DRL, Foglamp
* LED Rear Combination Lamp
* Airbags, FCA, LFA, LKA, HAC, BCA, RCCA, TPMS COMPLETE SAFETY CAR
* 360 View Parking Camera, Parking Sensors
* Electric Park Brake With Auto Hold, Traction Control
* Power Back Door
* Kunci Cadangan, Buku Manual, Buku Service Tersedia

LOKASI : Bursa Otomotif Mangga Dua Square, Focus Motor, Jakarta Utara. (FOM) (B)",Hyundai,Lainnya,,Lainnya,5.000-10.000,380000000.0
948143699,Bunga 0% DP50% LowOdo 28rb Facelift GLC200 AMG 2022 2021 MERCEDES X3,"Paket Smart Cashflow. Bunga 0% DP 50%. Sisa Flat 12x
Instant Approval Test Drive Hari ini Besok Delivery
Garansi Otospector sd 2027. Siap Gencheck

Please welcome
*MERCEDES BENZ GLC200 AMG FACELIFT*

*NIK 2021*
Polar White
Engine 2.000 CC
ODO 28.XXX MLS
Tax Februari 2027

*Additional Information:*
- Panoramic Sunroof
- Burmester Audio System
- 9G-Tronic Transmission
- Ambient Light
- MID Instrument Cluster with Trackpad
- Power Backdoor
- Memory Seat & Electric Seat

*Harga Kredit 655 Juta*
*Harga Cash 688 Juta*

PROMO
Paket Smart Cashflow
Bunga 0% Murni
Cukup Tdp 50%
Sisanya Flat Prorate 12x
Tenor Fixed 1 Tahun
Bebas Admin, Fiducia & Provisi

Untuk janjian test drive/kirim orang untuk inspeksi
Contact : Steve 0878/1112/2010

*GARANSI Uang Kembali 1000%*
Lulus inspeksi @otospector
Bebas Banjir & Bebas Major Accident
Record mobil sesuai odometer
Dokumen mobil asli keabsahannya

Cek variasi stok unit di Instagram 
@chrisauto_garage
@chrisauto_official

Chris Auto Garage | CAG
Bursa Otomotif Sunter 
Blok D2-D3 | Blok C1A- 1B
(Masuk Pintu 5 Lurus Paling Ujung) 
Jl. Yos Sudarso Kav 87-88
Jakarta Utara
(Search Google Map -> Ketik Chris Auto Garage) 

Operational Hour
(Minggu / Tanggal Merah TETAP BUKA)
Senin - Sabtu 08.00-17.30
Minggu 10.00-16.00
Diluar jam operasional tetap kami layani by appointment",Mercedes-Benz,Lainnya,,Lainnya,25.000-30.000,655000000.0
947935854,DP RENDAH - Mercedes-Benz E250 2.0 Bensin-AT 2016,".
DP RENDAH - Mercedes-Benz E250 2.0 Bensin-AT 2016 Hitam 
.
Harga Cash : Hubungi Saya / Chat Me 
Harga Credit : Rp.  291,000,000 ,-
TDP :  33,000,000
Angsuran 4 Tahun : Rp. 8,900,000 ,-
Angsuran 5 Tahun silahkan hubungi untuk informasi lebih lanjut
.
Beli Mobil Terus Untung!!
Beli mobil dan dapatkan bonus saldo digital hingga Rp1.500.000!
*S&K berlaku
.
Keunggulan Unit
1. Pajak : February 2027
2. Odometer : 81.xxx 
3. Like New
4. Tangan Pertama
5. Atas nama  : Perorangan
6. Plat Ganjil
.
GRATIS HOME TEST DRIVE
.
Pembayaran Booking Fee / Pelunasan hanya melalui no rekening 2061/888/995 - BCA - an SERASI MITRA MOBIL PT

TDP promo hanya Berlaku jika:
- BI checking Bersih (tidak pernah ada keterlambatan pembayaran)
- Rumah Milik Pribadi
- Pemasukan/Gaji= 3x Angsuran.
*Bisa di bantu Rumah Kontrak dan BI checking bermasalah dengan TDP 30%* (S&K Berlaku)
.
Kunjungi kami di
OLXmobbi Bekasi
Jl. Jend. Sudirman No.1, Kranji, Kec. Bekasi Bar., Kota Bks, Jawa Barat KODE POS 53481
.
Rudi Hartono - Sales Advisor
OLXmobbi
Ahlinya Mobil Bekas Berkualitas",Mercedes-Benz,Lainnya,,Lainnya,80.000-85.000,291000000.0
941627801,TOYOTA CAMRY V 2.5 AT TAHUN 2015,"Toyota Camry V 2.5 AT 
2.5 cc
NIK 2015
Black on black
Automatic Transmission
Km 142.xxx asli record
Facelift
Mesin kering Sangat Sehat Terawat Bensin Irit 
Matic Smooth Masih Sangat Responsif Bantingan Empuk Khas Camry
Ac Dingin
Exterior dan Interior bersih terawat
Dijamin Tidak bekas tabrak dan banjir
Siap Pakai
Kondisi mbl Bagus
Harga Nego
Jual cepat!

Harga kredit 170jt min 3th. akan kami bantu proses sampai approve

MINAT? CEK UNIT LANGSUNG KE
SHOWROOM DJAKARTA MOTOR
RADIO DALAM JAKSEL",Toyota,Lainnya,,Lainnya,140.000-145.000,170000000.0
947935881,DP RENDAH - Toyota Sienta 1.5 V Bensin-AT 2017,".
DP RENDAH - Toyota Sienta 1.5 V Bensin-AT 2017 Silver 
.
Harga Cash : Hubungi Saya / Chat Me 
Harga Credit : Rp.  146,000,000 ,-
TDP :  14,000,000
Angsuran 4 Tahun : Rp. 4,600,000 ,-
Angsuran 5 Tahun silahkan hubungi untuk informasi lebih lanjut
.
Beli Mobil Terus Untung!!
Beli mobil dan dapatkan bonus saldo digital hingga Rp1.500.000!
*S&K berlaku
.
Keunggulan Unit
1. Pajak : January 2027
2. Odometer : 106.xxx 
3. Like New
4. Tangan Pertama
5. Atas nama  : Perorangan
6. Plat Genap
.
GRATIS HOME TEST DRIVE
.
Pembayaran Booking Fee / Pelunasan hanya melalui no rekening 2061/888/995 - BCA - an SERASI MITRA MOBIL PT

TDP promo hanya Berlaku jika:
- BI checking Bersih (tidak pernah ada keterlambatan pembayaran)
- Rumah Milik Pribadi
- Pemasukan/Gaji= 3x Angsuran.
*Bisa di bantu Rumah Kontrak dan BI checking bermasalah dengan TDP 30%* (S&K Berlaku)
.
Kunjungi kami di
OLXmobbi Bekasi
Jl. Jend. Sudirman No.1, Kranji, Kec. Bekasi Bar., Kota Bks, Jawa Barat KODE POS 82844
.
Rudi Hartono - Sales Advisor
OLXmobbi
Ahlinya Mobil Bekas Berkualitas",Toyota,Lainnya,,Lainnya,105.000-110.000,146000000.0
948191966,Toyota Avanza 1.5 G Manual 2022,"TOYOTA ALLNEW AVANZA 1.5 G MANUAL 2022
B dki, pajak bln 06 2027
Kilometer 70rban Kunci Serep lengkap
AC Dingin, tangan pertama siap pakai

Bergaransi Mesin,AC, Elektrikal dan transmisi 1th
Bonus Karpet Dasar, karpet karet baru

Nava Sukses Motor
Jalan madrasah fatmawati jaksel
Atau bisa japri dinomor WA ini

HARGA CASH 185 JUTA

PAKET KREDIT LANJUT PROSES ;

TDP 5 JUTA angsuran 4,680 x 60

Setiap pembelian unit akan mendapatkan ;
1. Towing darurat seluruh indonesia
2. Pengisian bahan bakar darurat (free 5 liter)
3. Pemeriksaan mobil ditempat
4. Pergantian ban serep
5. Jumper Aki

Yuk buruan cek unitnya segera",Toyota,Lainnya,,Lainnya,70.000-75.000,185000000.0
947982843,toyota land cruiser vxr 300 vxr300 2025 km16rb tgn1!a.n pribadi!ppf!,"Fitur VXR 300 2025

* Toyota Safety Sense
* Dynamic Radar Cruise Control
* Pre-Collision System
* Lane Departure Alert
* Blind Spot Monitor
* Adaptive High Beam
* Multi-Terrain Select
* Crawl Control
* Multi-Terrain Monitor
* Power back door dengan kick sensor
* Interior leather
* 7-seater
* Full-time 4WD

km16.000
pajak 7/2027
warranty/garansi servis 3 tahun s.d 2028
full ppf
black on black
pajak baru bayar 1 thn 
kondisi spt baru 
like new!
like new!
like new condition!
perfect no comment..
pristine condition..
liat pasti suka..

harga kredit 2.250m
harga kas nego ditempat ya...

AutoLine
bursa mobil bintaro
jl boulevard raya sektor 7 blok A no.31",Toyota,Lainnya,,Lainnya,15.000-20.000,2250000000.0
948191943,Dijual Wuling Air ev pro long range,"Bismillah
Dijual milik sendiri
Wuling air ev pro long range (type tertinggi)
Nik 2025
Km 6rb perak
Pajak panjang 10/2027
Full set
Full ori
Kondisi sperti baru
Siap pakai",Wuling,Lainnya,,Lainnya,5.000-10.000,135000000.0
948191930,Honda CRV 1.5 Turbo Prestige Sensing Pakai 2022,"Honda CRV 1.5 Turbo Prestige SENSING 2021

Sunroof, jok kulit, full spec


Pemakaian 2022
Perakitan (NIK) 2021

Warna Putih Mutiara. 
Tangan pertama dari baru, atas nama PT bukan rental. 
Kilometer 34rb Servis Record Honda resmi, rutin tanpa bolong.

Full original seperti baru
Interior seperti baru

Stnk panjang, surat2 lengkap dan asli.
Dijamin bebas tabrakan dan banjir.
Full orisinil

Antik, jarang ada, kilometer rendah banget dan asli

Harga 408juta cash nego sampai jadi dilokasi 

Bisa bantu kredit

Fast respon silakan chat wa

Nol lapan satu tujuh, nol nol, tiga satu, lapan-lapan-lapan",Honda,Lainnya,,Lainnya,25.000-30.000,408000000.0
948191871,Km 22rb byd m6 superior 7 seater 2024 hitam,"DIJUAL 


BYD M6 M 6 Superior 7 Seater EV AT Cosmos Black NIK 2024, PAJAK BULAN 2 (2027), ODOMETER 22RB KM RECORD AUTHORIZED

GARANSI BYD 6 TAHUN ATAU 150.000 KM, GARANSI BATERAI 8 TAHUN


OTR Kredit 295 JT
OTR CASH 335 JT NEGO

PLAT B GENAP ( snw ) 


Spesifikasi :
• Tangan Pertama Dari Baru, CV
• Portable Charger Tersedia
• Panoramic Roof
• BYD Blade Battery 71,8 kWh 150 kW (310 Nm)
• Pure Electric Range NEDC 530 KM
• Keyless Start Stop Engine
• Audio Steering Switch, Cruise Control
• AC Digital Single Zone With Blower
• MID Digital Cluster
• 12,8 Inch Intelligent Rotating Touchscreen With Apple Carplay
• Electric Leather Seat
• Full LED Headlamp With DRL
• LED Tail Light
• SRS Airbags, TPMS, ABS, EPB, ESC, TCS, EBD COMPLETE SAFETY CARS
• 360 View Parking Camera, Parking Sensor, Auto Park Brake, Traction Control
• Power Back Door
• Kaca Film CPF1
• Buku Service, NFC Card, Kunci Cadangan Tersedia


proses kredit bisa dibantu( rumah sewa dll s&k)
ktp daerah bisa (daerah tertentu)..
Terima jual-beli ,tukar tambah ( cash / kredit )
Unit tidak bekas tabrakan dan banjir (boleh cek ke bengkel resmi dulu ) . 

Minat cepat hubungi 
Regina ( call / WA )",BYD,Lainnya,,Lainnya,20.000-25.000,295000000.0
938902420,GMC DENALI YUKON 8 seather nik 2025 hitam dalam hitam GMC Yukon Denali,"GMC Yukon Denali 6.2 V8 4WD

* NIK 2025 - BRAND NEW
* Odo Delivery Millage

Performance :
* 6.2L Naturally Aspirated V8
* 420 Hp, 624 Nm
* 10-Speed Automatic Transmission
* Four-Wheel Drive

Exterior :
* Titanium Rush Metallic
* 24” Machined/Painted Pearl Nickel Wheels
* Bright Chrome Exterior Accents
* Denali Badging
* Adaptive Air Ride Suspension
* Magnetic Ride Control
* Bright Chrome Exterior Accents
* Power Retractable Side Steps
* Power Panoramic Sunroof
* Front & Rear Park Assist
* 360 View HD Camera

Interior :
* Jet Black Perforated Leather Seating Surfaces
* 12-Way Heated & Ventilated Front Seats w/ Driver Memory
* Heated Split-Folding 2nd Row Bench Seat
* Foldable 3rd Row Bench Seat
* Heated Multifunction Leather Steering Wheel
* 11” Digital Instrument Display
* GMC Premium Infotainment System w/ 16.8” Touchscreen Display
* Dual 12.6” Rear Seat Entertainment Touch Display
* Wireless Apple CarPlay & Android Auto
* BOSE 10-Speaker Surround Sound System

Car is in a Good Condition, Never been on Crash or Flooded",GMC,Lainnya,,Lainnya,0-5.000,5200000000.0
947209714,bmw x3 2022 sdrive like new,"bmw x3 sdrive 2022
like new condition
full original exterior interior
100% original paint tidak ada spet
service record bmw astra BSD
full record dari baru
open 645jt soft nego",BMW,Lainnya,,Lainnya,60.000-65.000,645000000.0
948191679,2020 BMW 320i F30 LCI FACELIFT Sport Shadow tdp20jt,"2020 BMW 320i F30 LCI FACELIFT Sport Shadow tdp20jt 

Spesifikasi :
- Nik2019pakai2020
- Facelift LCI
- Tipe sport shadow
- Spedometer Digital
- F30 LAST SERIES
- Kondisi Istimewa
- Bensin
- Engine Start
- GPS Indonesia
- ECO Mode Start-Stop Engine
- Mode : Sport & Sport Plus
- Electric Seat + Memory Seat
- Odometer Reading miles
- Interior rapih
- Sangat terawat sekali
- Interior rapih
- Surat dijamin
- Bisa tuker tambah
- Kredit dibantu

Harga Special Khusus Paket Kredit

TDP ringan Rp20jt bawa pulang mobil
Angsuran 10.804.000x47

Estimasi Hitungan TDP dan Angsuran lain bisa disesuaikan kebutuhan
FREE WARANTY MESIN & TRANSMISI (Paket kredit included)
Proses kredit dapat dibantu

Cash harga Berbeda Silakan Hubungi

Janji temu Cabang terdekat kami

Daryls Auto  Gedung WTC mangga dua  lantai 3A No 37 No 50 No 75-79 No 102 , lantai 6 no 630A Jakarta Utara

Daryls Auto  Bintaro JAYA Bintaro sektor 7 No B09, Pd. Aren, Kota Tangerang Selatan, Banten

IG&TIKTOK : @darylsauto

Kami Siap Melayani Anda Sampai Harga Termurah & Terbaik
Untuk Info Paket DP & Harga Sesuai Iklan Hub Bisa Call / WA
Info Jual / Beli Mobil Second Anda, Silahkan Hub Kami, Mobil Berkualitas Dengan Harga Bersaing",BMW,Lainnya,,Lainnya,5.000-10.000,356000000.0
948191673,Hyundai Palisade Signature Facelift 2023,"Kode RE

Hyundai Palisade Signature Facelift 2023
NIK 2023
Hitam

Odo 34rb
Warranty  03/2027
Free Service  03/2028

Pajak 07/2027
Tangan 1
An Pribadi

Cash 715
Kredit 675 (4th)
Kredit 655 (5th)",Hyundai,Lainnya,,Lainnya,30.000-35.000,655000000.0
948191633,Hyundai Palisade Signature Facelift 2023 NIK 2023 Hitam,"Hyundai Palisade Signature Facelift 2023
DELETED CHROME FULL BLACK
Low Odo
Service Record Hyundai 
Abbys Black on Navy Warm Grey 
2.2L CRDi 16V Diesel Engine (200Hp/440Nm)
8 Speed AT with Manual Mode
NEW Design Grille
Engine Start Stop Button
Multifunction Steering with Paddle Shift
3 Zone Automatic Climate Control
12.3” TFT Digital Instrument Cluster
12,3” Multimedia Screen Display
Apple Car Play & Android Auto
Dual Sunroof
Wireless Charging
Electric Seat With Memory
Nappa Leather Seat
Ventilated Seat & Heated Seat
Captain Seat
Side Sunshade Mirror
360 Camera
Blind Spot Monitor
Power Back Door
Electric Parking Brake with AutoHOLD
Hyundai SmartSense
20” Original Hyundai Palisade Wheels
Faktur 2023
Perakitan 2023
Plat (Genap)
Pajak 07/2027
Tangan 1
An Pribadi
Warranty  03/2027
Free Service  03/2028

Garansi Bersertifikat Tidak bekas tabrakan dan Banjir (by @otospector )

Full Detailing Exterior dan Interior

HARGA 655 Jt KHUSUS KREDIT (negotiable)

Harga Cash Nego Setelah liat Unit

#palisade2023hitam
#jualpalisade2023 #jualhyundaipalisade2022 #jualhyundaipalisade2023 #elitemotorid",Hyundai,Lainnya,,Lainnya,30.000-35.000,655000000.0
948191628,Odo 8rb WarrON-BMW M4 Competition Coupè S58 G82 2022,"BMW M4 Competition
Coupè S58 G82 2022

NIK 2022
Odo 8rb Miles
Pajak 12 2026
Plat D Genap
PPF Body Protection
Black on Black-Alcantara 
Carbon Fiber Aero kits

• BMW Warranty •
BSI sd Aug 2027

Bonus:
Free Premium Detailing interior, exterior dan engine.
Free Fogging anti bacterial dan virus 
Garansi mesin dan transmisi by Otospector
Sertifikat Otospector bebas tabrakan dan banjir.

Specs:
S58-B30A 3.0L Inline-6 Turbo
Twin-Turbocharging 
510hp 650nm
ZF8 Transmission (M Config)
Carbon Fiber lightweight roof
M-Mode Drive (M1,M2)
M1, M2 Hotkeys
M Head-Up Display
M iDrive-7 System
Paddle shifter
Digital Speedometer
BMW Adaptive Laser Light
M4 Comp Rims
M4 Comp Big brake kits
M4 Comp HUD w/ M Modes
Harman Kardon Sound System
Black on Black/Alcantara
Ambient light interior
Park Assist system
2+2 Seats configuration
CJ-Euro Carbon Fiber oil cooler scoop
CJ-Euro Carbon Fiber Diffuser
CJ-Euro Carbon Fiber rear wing
PPF Body Protection

KHUSUS Paket Kredit
DP Rendah:
OTR 1,8M
TDP 429
Angs 47,881,000 (4th)
Angs 40,399,000 (5th)
Asuransi Kombinasi 

KHUSUS Promo
Bunga 0% (Limited offer)
TDP 1,349M
Angs 66,500,000 (1th)
Asuransi Allrisk

*Bonus*:
1. Free Premium detailing interior exterior dan mesin.
2. Free fogging anti bacterial n virus.
3. Garansi mesin dan transmisi 1th by Otospector
4. ⁠Emergency Towing coverage.
5. ⁠Free Jasa Service seumur hidup.
6. Garansi sertifikat lulus Inspeksi by Otospector.

Promo Special:
1. *PROMO BUNGA 0%*
2. *PROMO BUNGA RENDAH BCAF*
3. *PROMO TDP RENDAH*

Cash 1,995M

Terima Tukar Tambah 

Lokasi: Garasi Bloko",BMW,Lainnya,,Lainnya,0-5.000,1800000000.0
948004143,Km 29rb chery tiggo 8 premium 2024 pakai 2025 biru,"DIJUAL 

Chery Tiggo 8 Premium 290 T 1.6 Panoramic AT Biru Pemakaian 2025 NIK 2024, PAJAK BULAN 1 (2027), ODOMETER 29 RB KM RECORD AUTHORIZED

GARANSI CHERY 6 TAHUN ATAU 150,000 KM


OTR Kredit 275 JT
OTR CASH 315 JT NEGO

PLAT B GANJIL ( hoz ) 


Spesifikasi :
• Tangan Pertama Dari Baru, Pribadi
• ADAS (LDW, BSD, FCW, AEB, ICA, HAC, HDC)
• Electric Panoramic Roof
• Sony Sound System
• Engine 1.598 cc Turbo 183 hp (290 Nm)
• Keyless Start Stop Engine
• Ambience Light
• Audio Steering Switch
• LCD Display AC Dual Zone
• LCD Display Master Cluster
• Infotainment System Touchscreen With Apple Carplay And Android Auto
• Electric Leather Seat With Memory Seat
• Full LED Headlamp With DRL, Foglamp
• LED Stop Lamp
• SRS Airbags, ABS, BA, EBD, HSA, HDC, COMPLETE SAFETY CAR
• 360 View Parking Camera, Parking Sensor
• Electric Park Brake, Electric Brake Hold, Vehicle Stability Control, Auto Start Stop
• Power Back Door
• Kaca Film And Hybrid


proses kredit bisa dibantu( rumah sewa dll s&k)
ktp daerah bisa (daerah tertentu)..
Terima jual-beli ,tukar tambah ( cash / kredit )
Unit tidak bekas tabrakan dan banjir (boleh cek ke bengkel resmi dulu ) . 

Minat cepat hubungi 
Regina ( call / WA )",Chery,Lainnya,,Lainnya,25.000-30.000,275000000.0
947938007,Aston Martin Vanquish GT 2014 Nik 2013  supercar grand tourer mewah,"Aston Martin Vanquish GT 2014 Nik 2013  supercar grand tourer mewah 

Harga 2,575m jual apa ada nya 
Pajak mati 11th nunggu pemutihan selebih ny aman
 desain terinspirasi dari One-77 dan sasis VH yang ringan dengan bodi serat karbon. Model ini ditenagai oleh mesin V12 5,9 liter yang menghasilkan 573 tenaga kuda dan dipasangkan dengan transmisi otomatis Touchtronic 2 enam percepatan, menawarkan performa GT yang unik dengan akselerasi 0-100 km/jam dalam sekitar 4 detik. 

Spesifikasi dan Fitur
Mesin:
V12 5,9 liter yang lebih bertenaga dari pendahulunya, mampu menghasilkan 573 hp dan 620 Nm torsi. 
Desain:
Menggunakan arsitektur VH Aston Martin yang baru dan bodi serba serat karbon, dengan elemen desain yang terinspirasi dari One-77 hypercar seperti lampu belakang dan AeroBridge di bagasi. 

Interior:
Warna Red Full Leather, dan sistem infotainment AMI2. 

Transmisi:
Transmisi otomatis enam percepatan Touchtronic 2 yang memberikan karakter berkendara yang nyaman. 

Performa:
Akselerasi 0-100 km/jam sekitar 4,0 detik dan kecepatan tertinggi 183 mph (sekitar 295 km/jam). 

Karakter GT:
Meskipun cepat, Vanquish lebih fokus pada karakter grand tourer yang nyaman dan mewah, bukan performa lintasan murni. 

Suara Mesin:
Suara mesin V12 yang dihasilkan sangat ikonik dan menjadi salah satu daya tarik utama mobil ini. 

Mode Sport:
Penggunaan mode ""S"" pada mobil mengaktifkan respons throttle yang lebih tajam dan membuka katup knalpot, memberikan pengalaman berkendara yang lebih responsif.

*INDRA*
Shava Auto Car
Blok m square Lt. P5S",Aston Martin,Lainnya,,Lainnya,10.000-15.000,2575000000.0
947178402,(Km 9rb) Jeep Rubicon JL 2023 2.0L Turbo ATPM (#2024 #2022 #2021),"(Km 9rb) Jeep Rubicon JL 2023 2.0L Turbo ATPM

NIK 2023
ATPM
2000cc Turbo
4x4
Automatic (8 Speed)
Black on Black
Km9rb Service Record
Pajak bln 12-2026
ADD ON:
-Electric Footstep 
-Knalpot Borla (Standard ada)
-Cover HeadLamp & Tail Light
•
4x4 Command-Trac & Rock-Trac
Swaybar & Axle lock
Leather Seat
Engine Start Stop Button
Monitor 8,4 inch & kamera mundur
GPS / Navigasi Indonesia
Bluetooth audio, Apple CarPlay & Android Auto
Audio Subwoofer Alpine
Headlamp LED DRL
•
Full Ori
Kondisi mulus spt baru
Dijamin tidak pernah dipakai untuk Off Road
•
Garansi:
-Dokumen Asli
-Odometer Asli
-Kendaraan bebas tabrak & banjir
•
OTR KREDIT 1,775M
OTR CASH by Call / WA

Buy - Sell - Trade - Consign – Imports

HS Motor
Bursa Otomotif Sunter Blok C3 No.1",Jeep,Lainnya,,Lainnya,5.000-10.000,1775000000.0
947935582,Bunga 0% DP50% LowOdo 10rb Facelift GLE450 AMG 2024 2023 GLE 450 X5,"Paket Smart Cashflow. Bunga 0% DP 50%. Sisa Flat 12x
Instant Approval Test Drive Hari ini Besok Delivery
Garansi Mercedes sd 2028. Unit siap Gencheck

Please welcome 
*MERCEDES BENZ GLE450 AMG*

*NIK 2023*
Registrasi 2024
Obsidian Black Metallic
Engine 3.000 CC
ODO 10.XXX MLS
Tax Mei 2027
Body Full PPF

*Additional Information:*
- Facelift
- Vacuum Door
- Panoramic Sunroof
- 3 Row Seater
- Electric & Memory Seat
- Burmester Audio System
- Air Suspension
- Power Back Door
- Warranty on 1 April 2027
- Free Service 1 April 2029

*Harga kredit 1.470 M*
*Harga cash 1.545 M*

PROMO
Paket Smart Cashflow
Bunga 0% Murni
Cukup Tdp 50%
Sisanya Flat Prorate 12x
Tenor Fixed 1 Tahun
Bebas Admin, Fiducia & Provisi

Untuk janjian test drive/kirim orang untuk inspeksi
Contact : Steve 0878/1112/2010

*GARANSI Uang Kembali 1000%*
Lulus inspeksi @otospector
Bebas Banjir & Bebas Major Accident
Record mobil sesuai odometer
Dokumen mobil asli keabsahannya

Cek variasi stok unit di Instagram 
@chrisauto_garage
@chrisauto_official

Chris Auto Garage | CAG
Bursa Otomotif Sunter 
Blok D2-D3 | Blok C1A- 1B
(Masuk Pintu 5 Lurus Paling Ujung) 
Jl. Yos Sudarso Kav 87-88
Jakarta Utara
(Search Google Map -> Ketik Chris Auto Garage) 

Operational Hour
(Minggu / Tanggal Merah TETAP BUKA)
Senin - Sabtu 08.00-17.30
Minggu 10.00-16.00
Diluar jam operasional tetap kami layani by appointment",Mercedes-Benz,Lainnya,,Lainnya,5.000-10.000,1470000000.0
948169245,[ GARANSI 5THN ] Toyota Camry 2.5 V Sunroof AT 2019/2020/2021,"BELI MOBIL TANPA KHAWATIR BERGARANSI 5 TAHUN!

Toyota Camry 2.5 V Sunroof AT Hitam Metalik NIK 2020, PAJAK BULAN 10 (2026), ODOMETER 63RB KM Record AUTHORIZED !!
-
Focus Motor Belanja Mobil 26 Tahun Membangun Kepercayaan.
Nikmati standar baru kepemilikan mobil bekas dengan garansi komprehensif hingga 5 TAHUN untuk 155 KOMPONEN. BERSERTIFIKAT, BERPOLIS, dan didukung layanan CUSTOMER SERVICE PERSONAL untuk pengalaman berkendara yang aman dan tanpa khawatir.

Belanja Mobil bukan hanya menjual mobil bekas. Kami jual mobil bekas dengan RASA AMAN seperti mobil baru.

5 BELANJA MOBIL PROMISE :
1. Mobil Terinspeksi 155 titik
2. ⁠TERGARANSI 5 tahun
3. ⁠Harga Transparan
4. ⁠Jaminan Trade-in/Buyback
5. ⁠After Sales yg baik (Mempunyai Customer Service Personal)

-UNIT 100% BEBAS TABRAK DAN BEBAS BANJIR (garansi uang kembali)
-Dokumen ABSAH
-BONUS! Free Detailing (pembersihan) 2x (1 tahun)
-
OTR KREDIT 270JT
OTR CASH ASK

DP Minim
Tdp 43 jt
Ang 8.208.000 x47 tlo

Tdp 40 jt
Ang 7.207.000 x59 tlo

Bunga Premium
Tdp 54 jt
Ang 7.583.000 x47 tlo

Tdp 50 jt
Ang 6.646.500 x 59 tlo

UNTUK REQUEST DP / HITUNGAN LAIN, SILAKAN HUBUNGI KAMI

Harga kredit tertera adalah harga minimal kredit dengan tenor 4 & 5 tahun, diluar itu mengikuti harga Cash (karena kami mensubsidi refund bunga kepada anda)
-
Spesifikasi :
* Tangan Pertama Dari Baru, PT
* Electric Sunroof
* Engine 2.5cc Automatic
* Wireless Charging
* Audio Steering, Cruise Control
* MID Digital
* Headunit Touchscreen Navigasi GPS, Multimedia With Phone Connection
* Electric Leather Seat
* LED Projector Headlamp, Foglamp
* LED Stop Lamp
* SRS Airbags, ABS, EBD, BA, VSC, HSA, COMPLETE SAFETY CAR
* Rear Parking Camera, Parking Sensor
* Buku Service, Kunci Serep Tersedia

LOKASI : Bez Auto Center, Focus Motor No. A66-A70, Curug Sangereng, Kec. Klp. Dua, Kabupaten Tangerang, Banten 15810 (TAH) (A)",Toyota,Lainnya,,Lainnya,60.000-65.000,270000000.0
947917410,Tdp 25jt Odo 2.4rb/thn Avantgarde V250 2022/2021 V 250 W447,"Paket Flexing Tdp 25 jt & Angs 20,4jt Tenor 5th
Mercedes Benz V250 Odo Low 12rb Pajak Jun 27
Siap General Check Bengkel Resmi

Please Welcome

Mercedes Benz V250 AVG Pilot Seat 2022 / 2021

Nik 2021, Reg 2022
Obsidian Black on Black 
2000cc Turbo, Gasoline Engine 
Odo 11.XXX Mls (Full Service Record Mercedes Benz)
Tax June (Genap) Jaksel
Free Service on

Panoramic Sunroof
Audio by Burmester
Headunit Mbux
Electric Sliding Door
Electric VIP Pilot Seat + Memory

Cash 859jt
Kredit 818jt

Kredit Special Promo
Paket Flexing
Tdp 25 juta
Angsuran 20.4 juta
Tenor 5 th

For Unit Information / Instant Approval Test Drive Hari Ini Besok Delivery
Contact : Steve 0878/1112/2010

*GARANSI Uang Kembali 1000%*
Mobil Lulus inspeksi @otospector
Mobil Bebas Banjir & Bebas Major Accident
Record mobil sesuai odometer
Dokumen mobil asli keabsahannya

Cek variasi stok unit di instagram
@chrisauto_garage
@chrisauto_official

Chris Auto Garage | CAG
Bursa Otomotif Sunter 
Blok D2-D3 | Blok C1A- 1B
(Masuk Pintu 5 Lurus Paling Ujung) 
Jl. Yos Sudarso Kav 87-88
Jakarta Utara
(Search Google Map -> Ketik Chris Auto Garage) 

Operational Hour
( Minggu / Tanggal Merah TETAP BUKA )
Senin - Sabtu 08.00 - 17.30
Minggu 10.00 - 16.00
Diluar jam operasional tetap kami layani by appointment",Mercedes-Benz,Lainnya,,Lainnya,10.000-15.000,818000000.0
948191540,KM 3RB !!! GWM Tank 300 2.4 Diesel 2024/2025/2026,"BELI MOBIL TANPA KHAWATIR BERGARANSI 5 TAHUN!

GWM Tank 300 AWD 2.4 Turbo Diesel 4x4 AT Abu Metalik NIK 2026, PAJAK BULAN 7 (2027), ODOMETER VERY LOW 3RB PERAK KM

*GARANSI GWM 7 TAHUN ATAU 200,000 KM*
-
Focus Motor Belanja Mobil 26 Tahun Membangun Kepercayaan.
Nikmati standar baru kepemilikan mobil bekas dengan garansi komprehensif hingga 5 TAHUN untuk 155 KOMPONEN. BERSERTIFIKAT, BERPOLIS, dan didukung layanan CUSTOMER SERVICE PERSONAL untuk pengalaman berkendara yang aman dan tanpa khawatir.

Belanja Mobil bukan hanya menjual mobil bekas. Kami jual mobil bekas dengan RASA AMAN seperti mobil baru.

5 BELANJA MOBIL PROMISE :
1. Mobil Terinspeksi 155 titik
2. ⁠TERGARANSI 5 tahun
3. ⁠Harga Transparan
4. ⁠Jaminan Trade-in/Buyback
5. ⁠After Sales yg baik (Mempunyai Customer Service Personal)

-UNIT 100% BEBAS TABRAK DAN BEBAS BANJIR (garansi uang kembali)
-Dokumen ABSAH
-BONUS! Free Detailing (pembersihan) 2x (1 tahun)
-
OTR KREDIT 590JT
OTR CASH BY CALL

Bunga Premium
Dp 135jt
Angs 15.057,000 x47 tlo

Dp 127jt
Angs 13.046,500 x59 tlo

UNTUK REQUEST DP / HITUNGAN LAIN, SILAKAN HUBUNGI KAMI

Harga kredit tertera adalah harga minimal kredit dengan tenor 4 & 5 tahun, diluar itu mengikuti harga Cash (karena kami mensubsidi refund bunga kepada anda)
-
Spesifikasi :
* Tangan Pertama Dari Baru, Pribadi
* ADAS: ACC, AEB, FCW, LDW, LKA, LCK COMPLETE SAFETY CAR
* Electric Sunroof
* Engine 2.4 cc Turbocharger 181 Ps (480 Nm)
* Transmission 9-Speed Automatic 4x4
* Multi-Terrain Select
* AC Digital Dual Zone With Blower
* 12.3 Inch Digital Information Display
* 12.3 Inch Touchscreen Multimedia Display With Apple Carplay & Android Auto
* Electric Comfort Luxury Nappa Leatherseat
* Intelligent LED Headlamp With DRL
* LED Tail Light
* SRS Airbags, ABS, BA, VSC, EBD COMPLETE SAFETY CAR
* 360 View Parking Camera, Parking Sensor, Rear View Mirror, Park Assist
* Kaca Film Llumar

LOKASI : Bursa Otomotif Mangga Dua Square, Focus Motor, Jakarta Utara (VJF) (B)",GWM,Lainnya,,Lainnya,0-5.000,590000000.0
948191533,Odo 8rb WarrON-BMW M4 Competition Coupè S58 G82 2022,"BMW M4 Competition
Coupè S58 G82 2022

NIK 2022
Odo 8rb Miles
Pajak 12 2026
Plat D Genap
PPF Body Protection
Black on Black-Alcantara 
Carbon Fiber Aero kits

• BMW Warranty •
BSI sd Aug 2027

Bonus:
Free Premium Detailing interior, exterior dan engine.
Free Fogging anti bacterial dan virus 
Garansi mesin dan transmisi by Otospector
Sertifikat Otospector bebas tabrakan dan banjir.

Specs:
S58-B30A 3.0L Inline-6 Turbo
Twin-Turbocharging 
510hp 650nm
ZF8 Transmission (M Config)
Carbon Fiber lightweight roof
M-Mode Drive (M1,M2)
M1, M2 Hotkeys
M Head-Up Display
M iDrive-7 System
Paddle shifter
Digital Speedometer
BMW Adaptive Laser Light
M4 Comp Rims
M4 Comp Big brake kits
M4 Comp HUD w/ M Modes
Harman Kardon Sound System
Black on Black/Alcantara
Ambient light interior
Park Assist system
2+2 Seats configuration
CJ-Euro Carbon Fiber oil cooler scoop
CJ-Euro Carbon Fiber Diffuser
CJ-Euro Carbon Fiber rear wing
PPF Body Protection

KHUSUS Paket Kredit
DP Rendah:
OTR 1,8M
TDP 429
Angs 47,881,000 (4th)
Angs 40,399,000 (5th)
Asuransi Kombinasi 

KHUSUS Promo
Bunga 0% (Limited offer)
TDP 1,349M
Angs 66,500,000 (1th)
Asuransi Allrisk

*Bonus*:
1. Free Premium detailing interior exterior dan mesin.
2. Free fogging anti bacterial n virus.
3. Garansi mesin dan transmisi 1th by Otospector
4. ⁠Emergency Towing coverage.
5. ⁠Free Jasa Service seumur hidup.
6. Garansi sertifikat lulus Inspeksi by Otospector.

Promo Special:
1. *PROMO BUNGA 0%*
2. *PROMO BUNGA RENDAH BCAF*
3. *PROMO TDP RENDAH*

Cash 1,995M

Terima Tukar Tambah 

Lokasi: Garasi Bloko",BMW,Lainnya,,Lainnya,0-5.000,1800000000.0
948191485,20JT!! BAWA PULANG TOYOTA ALPHARD 2.5 G ATPM 2017 A/T,"READY STOCK :

TOYOTA ALPHARD 2.5 G ATPM A/T
- NIK 2017
- ISTIMEWA 
- WHITE COLOUR
- BEIGE INTERIOR
- NOPOL B (GANJIL)
- SURAT2, BPKB, STNK, FAKTUR (LENGKAP)
- KUNCI 2 
- KM 98.XXX 
- RECORD TOYOTA
- PAJAK (11.2026)
- PANORAMIC ROOF
- SUNROOF
- KEYLESS
- ELECTRIC SEATER
- POWER BACK DOOR
- TRANSMISI AUTOMATIC
- MESIN HALUS & TERAWAT
- AC DINGIN
- EXTERIOR & INTERIOR MULUS
- KELISTRIKAN NORMAL BERFUNGSI DENGAN BAIK
- KAKI-KAKI SENYAP & AMAN
- 1 TANGAN DARI BARU
- GARANSI TIDAK BEKAS BANJIR & TIDAK BEKAS TABRAK

KONDISI SUPER ISTIMEWA SANGAT TERAWAT!!

* FREE DETAILING 2x DALAM SETAHUN
* BUNGA 0% SELAMA 12 BULAN
* CICILAN BISA SAMPAI 6 TAHUN
* GRATIS ASURANSI JIWA
* PROSES PENGAJUAN PT CEPAT (3-5 HARI)
* WNA BISA DIBIAYAI
* RUMAH KONTRAK/SEWA & APARTMENT BISA DIBIAYAI
* INSTANT APPROVAL (EXCELENT SLIK)
* DAPAT PROSES SELURUH KOTA BESAR DI INDONESIA

(SYARAT DAN KETENTUAN BERLAKU)

*TDP atau Angsuran bisa menyesuaikan

Harga Cash : CALL/WA!!
Harga Kredit : 430JT
*LBF

Silahkan datang dan buktikan sendiri dengan mekanik terpercaya Anda.

AUTO GREAT 
Buy - Sell - Trade in (Cash & Credit)

Visit Us at :
Bursa Mobil Bella Terra Lifestyle Centre, Lt. P3 Blok D5
Kelapa Gading - Jakarta Utara
BUKA SETIAP HARI!!
Jam 10.00 - 17.00

""Erick Auto Great""",Toyota,Lainnya,,Lainnya,90.000-95.000,430000000.0
948191419,HRV SE 2022 Panoramic 2021 / 2023 / 2024,"HRV SE 2022

KM 23rb
Bulan 9

Panoramic
2 camera
Leather seat
18 inch wheels
Engine start
Tangan 1

WA: O8I9 IIOO OOOO

CARMAX. 
Bursa Otomotif Sunter Blok C2 No 20-21. 
Jl Yos Sudarso Kav 87-88 

Harga khusus kredit
Harga cash beda",Honda,Lainnya,,Lainnya,20.000-25.000,285000000.0
948191342,Mercedes Benz E300 2011 Automatic Hitam Metalik,"Permisi gan, ane mau jual Mercedes Benz E300 Tahun 2011 Automatic Hitam Metalik yang Terawat. Spesifikasinya :

- Mercedes Benz E300 Tahun 2011
- Transmisi Automatic (Masih Bagus)
- ⁠Warna Hitam Metalik (Orisinil)
- Pajak Sangat Panjang Sampai Akhir Maret 2027
- Kilometer 120rb (Asli/bukan Miles)
- No Mulfunction
- Mesin standar, kering, Transmisi Sangat Mulus & AC dingin
- Test Drive Atau Membawa Montir Bengkel resmi are very welcomed
- Dijamin Tidak bekas nabrak atau kebanjiran
- Dokumen-dokumen dijamin lengkap dan asli & Semua Oli-oli sudah diganti
- Mobil telah di poles oleh Handy Detailing

Harus : 139Jt Nego (Cash/Kredit/Tukar tambah)
Handy Autos 
Blok M Square Gedung ParkirLt.5a, Melawai Jakarta Selatan
- Harga Berlaku sama NEGO untuk CASH ataupun Credit (Bukan Jebakan Harga khusus Paket Kredit Dp minim dengan Angsuran Plus Provisi Memberatkan atau harga cash yang ternyata jauh lebih tinggi dari harga penawaran)
- Buka Setiap Hari 09.30 - 19.30",Mercedes-Benz,Lainnya,,Lainnya,120.000-125.000,139000000.0
948191292,KM16RB Land Rover Defender 110 P400 3.0L Explorer Package Pemk 2023 Ta,"Bonus!!!
-Free Towing selama 1tahun
-Lulus otospector
-Autofame siap (General Check Up) ke bengkel resmi untuk membuktikan mobil kita berkualitas
Term and Condition
.
KM 16.000 Land Rover Defender 110 P400 3.0L Explorer Package Pemk 2023 Tasman Blue On Beige Tgn 1 Dr Br NIK 2022 Akhir

Plat Genap, Tasman Blue Metallic On Beige, Tangan Pertama Dari Baru, KM 16.000, Perawatan Service Rutin, Pemakaian 2023, Pajak Sangat Panjang Sampai Bulan 03 2027, NIK 2022 Akhir, Pemakaian Pribadi, Kondisi Bersih dan Terawat, Land Rover Defender 110 (5-Doors) P400 Explorer Package 3.0L 6-Cylinder Engine, 395Hp, 550Nm, 8-Speed AT AWD, Terrain Response & Configurable Terrain Modes, Adaptive Air Suspension, Velg OEM Land Rover with Pirelli Tyres, Defender Snorkle Front Fender, Defender Original Electric Side Footstep, Side-Mounted Gear Carrier, Roof Rails, Original Beige Leather Seats, Premium Audio Speakers, 11.4 Pivi Pro Infotainment Display, Panoramic Sunroof, Tinggal Pakai.
.
For Cash : Rp 2.495 M
For Credit : Rp 2.375 M
.
3 Tahun
TDP : Rp. 701.064.061Juta
Ang : Rp. 66.772.708 Juta x 35
.
4 Tahun
TDP : Rp. 708.312.876 Juta
Ang : Rp. 53.310.469 Juta x 47
.
Harga Bisa Nego Langsung Di Tempat
.
AUTOFAME MENERIMA
•Menerima Jual Beli dan Tukar Tambah
•Pembayaran bisa dengan (Cash / Kredit)
•Autofame siap (General Check Up) ke bengkel resmi untuk membuktikan mobil kita berkualitas
.
Search google : Autofame
Search waze : Autofame
.
Buka Setiap Hari: 09:00 - 18.00
(Sabtu / Minggu / Tanggal Merah tetap buka yaaa!!)
-QUALITY IS OUR PRIORITY-
.
AUTOFame Cibubur
Kota Wisata Somerset N 8 no. 5
Jalan Transyogie Km.6 Cibubur
.
AUTOFame Mangga dua square)
Bursa otomotif Mangga dua square (BOM's) Lot L18-23
Jalan Gunung Sahari No. 1 Jakarta utara",Land Rover,Lainnya,,Lainnya,15.000-20.000,2375000000.0
942762700,Lexus LM350H 7 Seater Black on Black NIK 2025 ATPM,"Lexus LM350H 7 Seater Black on Black
NIK 2026

Price 2.350M (Cash)

Black on Black
Langsung Atas Nama Pembeli",Lexus,Lainnya,,Lainnya,0-5.000,2350000000.0
948191105,Nissan Grand Livina 1.5XV Matic Tahun 2007 Pajak Panjang,"Bismillah For Sale

Nissan Grand Livina 1.5 XV Matic Tahun 2007

Surat lengkap
Pajak panjang 08.2027
Plat F Cibinong 2031

Mesin sehat halus terawat
Matic halus sangat resposif
Body sesuai foto 
Interior orisinil
Ac dingin
Power steering
Power window
Central lock
Head Unit Dobel Din
Velg R17 ban tebel²
Kaki² empuk
Kondisi prima

Harga CASH Rp. 67.9jt Nego Serius Setelah Cek Unit

Lokasi Jl. Pangeran Antasari No.81 Cipete Jaksel
Depan Winglok",Nissan,Lainnya,,Lainnya,145.000-150.000,67900000.0
948191098,[GARANSI 5TH LOW KM] Honda City Hatchback HB 1.5 RS CVT 2020/2021/2022,"BELI MOBIL TANPA KHAWATIR BERGARANSI 5 TAHUN!

Honda City Hatchback HB 1.5 RS CVT AT Putih NIK 2021, PAJAK BULAN 7 (2027), ODOMETER VERY LOW 28RB KM
-
Focus Motor Belanja Mobil 26 Tahun Membangun Kepercayaan.
Nikmati standar baru kepemilikan mobil bekas dengan garansi komprehensif hingga 5 TAHUN untuk 155 KOMPONEN. BERSERTIFIKAT, BERPOLIS, dan didukung layanan CUSTOMER SERVICE PERSONAL untuk pengalaman berkendara yang aman dan tanpa khawatir.

Belanja Mobil bukan hanya menjual mobil bekas. Kami jual mobil bekas dengan RASA AMAN seperti mobil baru.

5 BELANJA MOBIL PROMISE : 
1. Mobil Terinspeksi 155 titik 
2. ⁠TERGARANSI 5 tahun 
3. ⁠Harga Transparan 
4. ⁠Jaminan Trade-in/Buyback 
5. ⁠After Sales yg baik (Mempunyai Customer Service Personal)

-UNIT 100% BEBAS TABRAK DAN BEBAS BANJIR (garansi uang kembali)
-Dokumen ABSAH
-BONUS! Free Detailing (pembersihan) 2x (1 tahun)
-
OTR KREDIT 205JT
OTR CASH ASK

DP Minim
Dp 34jt
Angs 6.305.000 x47 tlo

Dp 30jt
Angs 5.568.500 x59 tlo

Bunga Premium
Dp 43jt
Angs 5.794.500 x47 tlo

Dp 40jt
Angs 5.086.500 x59 tlo

UNTUK REQUEST DP & SIMULASI KREDIT LAIN SILAKAN HUBUNGI KAMI

Harga kredit tertera adalah harga minimal kredit dengan tenor 4 & 5 tahun, diluar itu mengikuti harga Cash (karena kami mensubsidi refund bunga kepada anda)
-
Spesifikasi :
* Engine 1.5 I-VTEC Automatic ECON Mode
* Keyless Start Stop Engine
* AC Digital Single Zone
* Paddle Shift, Cruise Control
* Audio Steering Switch
* Electric Retract Mirror
* MID Digital
* Headunit Toucscreen Multimedia, Bluetooth, With Phone Connection
* Adjustable Jok Fabric
* LED Multireflector Headlamp With DRL
* SRS Airbags, ABS, EBD, VSC COMPLETE SAFETY CAR
* Rear Parking Camera, Parking Sensors, Traction Control
* Kaca Film Wincos
* Buku Service, Buku Manual, Kunci Cadangan Tersedia

LOKASI : Bez Auto Center, Focus Motor No. A66-A70, Curug Sangereng, Kec. Klp. Dua, Kabupaten Tangerang, Banten 15810 (6JX) (GS)",Honda,Lainnya,,Lainnya,25.000-30.000,205000000.0
947917575,Tdp 13jt LowOdo 4rb/thn CAMRY 2.5 V 2020 2019,"Paket Flexing Tdp 13 jt & Angs 7.801jt Tenor 5th
Toyota CAMRY 2.5 V LowOdo 31rb Pajak MAR 27
Siap General Check Bengkel Resmi

Please Welcome
TOYOTA CAMRY 2.5 V

NIK 2019
Attitude Black
Engine 2.500 CC
ODO 31.XXX KM 
Tax Maret 2027

Additional Information:
- Audio Steering Switch
- AC Digital Dual Zone
- Panoramic Sunroof
- ⁠Wireless Charging

Harga Kredit 295 JT
Harga Cash 315 JT

Kredit Special Promo
Paket Flexing
Tdp 13 juta
Angsuran 7.801 juta
Tenor 5 th

For Unit Information / Instant Approval Test Drive Hari Ini Besok Delivery
Contact : Steve 0878/1112/2010

*GARANSI Uang Kembali 1000%*
Mobil Lulus inspeksi @otospector
Mobil Bebas Banjir & Bebas Major Accident
Record mobil sesuai odometer
Dokumen mobil asli keabsahannya

Cek variasi stok unit di instagram
@chrisauto_garage
@chrisauto_official

Chris Auto Garage | CAG
Bursa Otomotif Sunter 
Blok D2-D3 | Blok C1A- 1B
(Masuk Pintu 5 Lurus Paling Ujung) 
Jl. Yos Sudarso Kav 87-88
Jakarta Utara
(Search Google Map -> Ketik Chris Auto Garage) 

Operational Hour
( Minggu / Tanggal Merah TETAP BUKA )
Senin - Sabtu 08.00 - 17.30
Minggu 10.00 - 16.00
Diluar jam operasional tetap kami layani by appointment",Toyota,Lainnya,,Lainnya,30.000-35.000,295000000.0
945160682,2017 BMW X1 1.5 sDrive18i xLine SUV,"BMW X1 1.5 X-LINE 2017

Black on black

KM 58 RB
STNK Juni 2026

Harga Kredit 250JT
 ( Paket 5 tahun)
Harga Cash 285JT

Panoramic 
Velg 18 
Power back door
Parking sensor
Electric seat kiri& kanan


>>> DeVa Auto <<<
Jalan Batu Tulis Raya No. 13
Kebon Kelapa, Gambir
Jakarta Pusat

Buka :
Senin - Jumat 09.00 - 17.00
Sabtu 09.00 - 15.00

For details please feel free to 
Call / WhatsApp.",BMW,Lainnya,,Lainnya,55.000-60.000,250000000.0
947653751,[16.xxx Km] Hyundai Santa Fe 2024 Hybrid,"Hyundai Santa Fe Caligraphy 2024 Hybrid
KONDISI UNIT ISTIMEWA

Spesifikasi Mobil
- NIK: 2024
- NOPOL: Genap (B)
- Odo: 16.xxx Km
- Tax: 11-26
- Color: Black on Black
.
- Mesin: 1.6L Turbocharged GDi 4-silinder + Motor Listrik (HEV).
- Tenaga Mesin: 180 PS - 5.500 rpm (Total kombinasi sistem mencapai 235 PS)
- Torsi Mesin: 265 Nm - 1.500–4.500 rpm.
- Motor Listrik: Permanent Magnet Synchronous Motor (60 PS / Torsi 264 Nm).
- Transmisi: Otomatis 6-percepatan.
. 
Harga Kredit Rp 685
Harga Cash Rp 715

***ROYAL AUTO GALLERY***
   Bursa Otomotif Sunter
           Blok c2 No. 10

BUKA SETIAP HARI (10.00 - 17.30) di luar jam kerja by appointment",Hyundai,Lainnya,,Lainnya,15.000-20.000,685000000.0
946886269,Corvette stingray C3 RARE,"Aero99 Garage
For Sale

Corvette Stingray C3 
1981
5.700cc V8 engine
Red
Rare classic car

Cash 2.2m

Showroom AERO99 Garage 
Open 10:00 wib - 17:00 wib 

For contact and detail message or follow social media @aero99garage
Jalan ciputat Raya No 351A
Jakarta selatan kebayoran lama",Chevrolet,Lainnya,,Lainnya,55.000-60.000,2200000000.0
948090586,[ DP 64 ] MAZDA CX-5 2.5 KURO 2021,"[ DP 64 ] MAZDA CX-5 2.5 KURO 2021

[ FREE GARANSI MESIN 1 TAHUN ] 

[ FREE COATING ] 

 
** BEBAS LAKA **
** BEBAS BANJIR **

Good Condition
Odo 40K
Service Record
Tangan 1 dari lahir
Tax On 11.26
Mesin 2.500 cc Turbo
Nopol Genap
Leather Seat
Head Up Display
Panaromic Sunroof 
Camera Belakang
Sensor Parkir 
Keyless
LED Lamp
Camera 360
Power Back Door
Start Stop Engine 
AC Digital
Audio Bose
Steering Audio Control
Cruise Control
Siap Pakai 


** HARGA KHUSUS KREDIT **
** HARGA CASH BY ASK **

Kunjungi Showroom :
Wtc Mangga Dua lt.5 No.525 ( AUTO 12 ) 

Buka : Senin - Minggu (09.00-18.00)",Mazda,Lainnya,,Lainnya,35.000-40.000,347000000.0
948177973,Hyundai Creta Prime 1.5 AT 2022 White Two Tone Pajak Panjang,"Hyundai Creta Prime 1.5 AT 2022 White Two Tone Terawat Pajak Panjang

Dijual Hyundai Creta Tipe Prime 1.5 AT tahun 2022 (Varian Tertinggi). Warna favorit White Two Tone (Bodi Putih, Atap Hitam). Mobil pemakaian pribadi dan sangat terawat.

Spesifikasi dan Kondisi Kendaraan:
 * Tipe: Prime 1.5 AT (Tipe Tertinggi)
 * Tahun Pembuatan: 2022
 * Kilometer: 62.xxx km (On Going, Service Record Rutin)
 * Warna: Putih Dual Tone (Atap Hitam)
 * Plat: B DKI Jakarta (Jakarta Selatan)
 * Pajak: Panjang s/d Oktober 2026 (STNK s/d Oktober 2027)
 * Kepemilikan: Atas Nama PT (Dokumen Lengkap dan Sah)
Fitur Tipe Prime (Varian Tertinggi):
 * Full Panoramic Sunroof
 * Bose Premium Sound System
 * Hyundai SmartSense (Fitur Keselamatan ADAS)
 * Ventilated Seats (Pendingin Jok Depan)
 * Full Digital Odometer Instrument Cluster
 * Ambient Light dan Wireless Smartphone Charger
 * Interior Full Leather Hitam

Kondisi Mobil:
 * Cat dan fisik terawat
 * Mesin dan transmisi halus responsif
 * AC dingin, interior bersih bebas bau rokok
 * Bebas banjir dan bebas tabrakan
 * Ban dan kaki-kaki empuk, siap pakai jarak jauh

Kelengkapan Dokumen:
 * STNK, BPKB, dan Faktur lengkap
 * Kunci cadangan dan buku servis ada
Harga Cash: Rp 265.000.000 (Nego di tempat)

Lokasi Cek Unit: Jagakarsa, Jakarta Selatan

Hubungi: Chat",Hyundai,Lainnya,,Lainnya,65.000-70.000,265000000.0
944194973,SUZUKI XL7 ALPHA KURO HYBRID KM 8.000,"SUZUKI XL7 ALPHA KURO HYBRID AUTOMATIC 2025
8.000 KM

*Pelindung bemper depan dan belakang 
*Head Unit Orca telah terpasang (Netflix, Maps, WhatApp, dll.)
* Pajak berakhir Desember 2030
* Keyless
* Electric and retractable rear view mirror
* Sensor parkir dan kamera
* Spoiler alert
* Two way TV
* Racing wheel dengan ban tebal
* Masih Gratis Servis
* Nomor STNK, invoice, dll. Lengkap dan valid!

Kondisi kendaraan :
* Interior original dan dalam kondisi sempurna. 
* Eksterior halus dan dalam kondisi sempurna.
* Mesin: berfungsi dengan baik, pemeriksaan umum normal.
* Kaki: senyap, tidak berisik, suspensi lembut.

Kondisi teknis mobil dijamin 100% %
DIJAMIN 100% TIDAK ADA TANDA-TANDA TABRAKAN ATAU BANJIR, SERTA JARAK TEMPUH MOBIL YANG TERJAMIN.
Wilayah Jakarta Timur
Dijual 275 Cash",Suzuki,Lainnya,,Lainnya,5.000-10.000,275000000.0
941858001,FERRARI F430 ALL NOVITEC 2006,"Aero99 Garage
For Sale 
FERRARI
F430 ALL NOVITEC
2006
TAX ON & FULL PAPER DOCUMENTS

Cash 3.8M

Showroom AERO99 Garage 
Open 10:00 wib - 17:00 wib 

For contact and detail message or follow social media @aero99garage
Jalan ciputat Raya No 351A
Jakarta selatan kebayoran lama",Ferrari,Lainnya,,Lainnya,10.000-15.000,3800000000.0
947313099,BMW X5 xDrive40i M-Sport G05 LCI AT 2026 Km9rb Nik 2025 Putih B1491JJC,"BMW X5 xDrive40i M-Sport G05 LCI AT 2026/2025

- New Model
- New Profile i-drive 8
- Panoramic Roof
- TV + 4Camera
- Leather Seat
- Electric Seat with memory
- Audio Harman Kardon
- M-Sport Package
- Navigation Maps
- Power Back Door
- Km 9.000 Antik (5.000 Miles)
- Warna Putih
- Nopol B Ganjil
- Pajak 03-2027
- Body Full Original
- Tangan 1 dari baru
- Atas Nama Perorangan
- Reg 2026, Nik 2025
- Full Warranty 02-11-2030
- Free Service 02-11-2030
- Perlengkapan Kendaraan Komplit
- Dijamin Kondisi Seperti Baru

GARANSI :
1. Keabsahan Dokumen Kendaraan
2. Mobil tidak bekas tabrakan & tidak bekas banjir
3. Bisa di cek mesin, electrical, dan history service sebelumnya di bengkel resmi / ATPM

Harga Kredit 1.550
Harga Cash 1.650

Silakan cek stok dan follow IG kami :
@lbautosunter
@lbauto_official


LB AUTO SUNTER
(Masuk dari pintu 1)
Bursa Otomotif Sunter
Blok J8-10 & Blok KA2-8
Jl Yos Sudarso Kav 87-88, Jakarta Utara",BMW,Lainnya,,Lainnya,5.000-10.000,1550000000.0
948059439,Mazda CX5 CX-5 GT 2.5 Skyactiv AT Matic 2013 Putih Metalik.,"Mazda CX5 CX-5 GT 2.5 Skyactiv AT Matic 2013 Putih Metalik. 

* Kondisi terawat dan siap pakai
* Pajak Hidup sampai dengan bulan 01-2027
* Plat Kaleng sampai dengan bulan 01-2029
* Nopol B Ganjil, Jakarta Timur
* Ban dengan kondisi 80%
* Ban 225/55 R19
* KM 93.xxx 
* Spion Retract
* Engine Start / Stop
* Head Unit android
* Sensor Parkir
* Kamera mundur
* Kunci serep 
* Manual Book 
* Garansi 100% bukan bekas insiden tabrak berat dan banjir.
* Interior rapi dan mulus.
* Mesin full standar dan kering.
* Body mulus, cat orisinil.
* Kaki-kaki masih sangat empuk dan senyap.
* Mesin dan matic aman, tidak ada rembes, mesin masih sangat bagus.
* Dipersilakan bila mau membawa mekanik dalam pengecekan atau melakukan general check up langsung ke bengkel resmi Mazda
* Surat dijamin asli dan lengkap beserta faktur stnk, BPKB, dan lain lain.
* Garansi Mesin dan Transmisi 1 Tahun (S&K berlaku).

* PROSES CEPAT & DATA BISA DIBANTU

* OTR KHUSUS CASH 
Rp. 159 Juta

* OTR KHUSUS KREDIT
Rp. 144 Juta

Paket Kredit:
*Adira Finance
TDP 34 juta
Angsuran 3.906 x 47 bulan
Asuransi TLO

Paket kredit:
*BFI Finance
TDP 35 juta
Angsuran 5.045 x 35 bulan
Asuransi TLO

*BFI  Finance
TDP 34 juta
Angsuran 4.070 x 47 bulan
Asuransi TLO

Paket kredit:
*CIMB Niaga Finance
TDP 66 juta
Angsuran 4.183 x 35  bulan
Asuransi TLO

*CIMB Niaga Finance
TDP 67 juta
Angsuran 3.413 x 47 bulan
Asuransi TLO",Mazda,Lainnya,,Lainnya,90.000-95.000,144000000.0
948094125,BMW 330i G20 LCI MSport Pro B48 2024,"BMW 330i G20 LCI
MSport Pro B48 2024

NIK 2024
Odo 20rb Miles
Plat B Genap
Pajak 08 2027
2.0L B48 Twin-Scroll Turbo
MSport Pro LCI Full Option
Minor Modification parts
PPF Body Protection
BMW iDrive-8 System
Tangan Pertama

BMW Indonesia Warranty
Free Service sd Jul 2029
Spareparts sd Jul 2029

Spec:
MSport LCI Full Option
B48 2.0L Inline-4 Engine
Twin-Scroll Turbocharger
ZF8-Transmission
BMW Radar system
BMW iDrive-8 System
BMW LCI Rocker switch
Harman Kardon Audio
AUX/USB/bluetooth/Carplay
Navigation GPS
Electric Sport seats
BMW LCI Lights
BMW Alpine White
MSport Big Brake Kits
MSport Steering Wheel
MSport Pro Bodykits
MSport Seatbelts
MSport Black gloss rims
MSport Gloss black grille
MSport lips & spoilers
Adaptive Cruise control
Yellow DRL LED Module
Aftermarket Ducktail
Valvetronic Exhaust
MST High Flow Intake system

KHUSUS Paket Kredit 
DP Rendah:
OTR 815
TDP 205
Angs 21,158,000 (4th)
Angs 17,746,000 (5th)
Asuransi Kombinasi 

KHUSUS Promo
Bunga 0% (Limited offer)
TDP 619
Angs 30,334,000 (1th)
Asuransi Allrisk

Bonus:
1. Free Premium detailing interior exterior dan mesin.
2. Free fogging anti bacterial n virus.
3. Garansi mesin dan transmisi 1th by Otospector
4. ⁠Emergency Towing coverage.
5. ⁠Free Jasa Service seumur hidup.
6. Garansi sertifikat lulus Inspeksi by Otospector.

Promo Special:
1. PROMO BUNGA 0%
2. PROMO BUNGA RENDAH BCAF
3. PROMO TDP RENDAH

Cash 910

Terima tukar tambah. 

Lokasi: Garasi Bloko",BMW,Lainnya,,Lainnya,15.000-20.000,815000000.0
947302999,2024 Mini Countryman S 2.0 Turbo,"2024 Mini Countryman S 2.0 Turbo 
Facelift F60 Panoramic
PLATINUM PACKAGE WARRANTY ON UNTIL 2029 

Year NIK 2023 REG 2024
Color Chili Red on Black
Automatic Transmission

Odometer 12rb KM
Full Service Record Mini 
BRI BSI up to *02-2029* 

FREE SERVICE DAN SPAREPART 2029
(Tangan Pertama dari Baru)

Harga Kredit: 675JT (5 tahun paket)
Harga Cash: 725JT


Engine 2.0 Turbo Facelift! 
Digital Speedometer! New Model!
Facelift Edition!
Mobil Interrior kayak wangi baru
Lampu Union Jack Design Stoplamp
Sunroof double! Full original
Velg Ring18 Special Edition Design
Ambieng Light Interior
Sport Jok With Upholstery Leather
Headunit 8’8 TouchScreen
ApplecarPlay
Harman Kardon Hi Fi Sound System
Panoramic Sunroof
PowerbackDoor
MINI DRIVING MODE ( Sport , Mid , Green )

ACCIDENT AND FLOOD FREE!!
Kondisi mobil terawat
Engine Transmission All Good

>>> DeVa Auto <<<
Jalan Batu Tulis Raya No. 13
Kebon Kelapa, Gambir
Jakarta Pusat",Mini Cooper,Lainnya,,Lainnya,10.000-15.000,675000000.0
947210994,Mercedes Benz GLS 450 GLS450 AMG 2020 Hitam Mercy Km15rb B157AN,"Mercedes Benz GLS450 AMG 2020

- Panoramic Roof
- Jok 3 Baris
- 7-Seater Reclining Electric
- Vacum Door 
- Airsuspension
- Power Back Door
- Km 15.000 Antik (9.000 Miles)
- Warna Hitam
- Nopol B Ganjil
- Pajak 09-2026
- Nik 2020
- Perlengkapan Kendaraan Komplit
- Dijamin Kondisi Super Istimewa

GARANSI :
1. Keabsahan Dokumen Kendaraan
2. Mobil tidak bekas tabrakan & tidak bekas banjir
3. Bisa di cek mesin, electrical, dan history service sebelumnya di bengkel resmi / ATPM

Harga Kredit 1.250
Harga Cash 1.350

Silakan cek stok dan follow IG kami :
@lbautosunter
@lbauto_official


LB AUTO BINTARO
Bursa Mobil Bintaro Blok A28 dan A29

LB AUTO SUNTER
(Masuk dari pintu 1)
Bursa Otomotif Sunter
Blok J8-10 & Blok KA2-8
Jl Yos Sudarso Kav 87-88, Jakarta Utara",Mercedes-Benz,Lainnya,,Lainnya,10.000-15.000,1250000000.0
942850985,2023 Toyota Landcruiser 300 VX-R,"Toyota Land Cruiser 300 VXR

- Black on Black
- NIK 2023
- Odo KM 6rb only!
- Tax on 10-2026

Harga Kredit : 2.175M  (5 tahun paket)
Harga cash : Ask



* Engine Start Stop Button
* Keyless Entry
* Leather Seat + Memory Seat
* Sunroof
* JBL Premium Sound System
* Headup Display
* Rear Seat Entertainment 2 TV
* Climate Control Quad Zone
* Heater & Cooler Seats
* Electric Parking Brake
* Parking Sensor
* Camera 360
* Power Back Door",Toyota,Lainnya,,Lainnya,5.000-10.000,2175000000.0
947998609,BMW X3 SUV Mulus like New 2025,"Jual cepat BMW X3 Sdrive 20i mulus leather seat, original cam,  tangan pertama No Complaint, good service record",BMW,Lainnya,,Lainnya,20.000-25.000,970000000.0
947980289,LEXUS RX 350 FACELIFT GOOD CONDITION,"Lexus RX350 
2013 
A/T
Odometer : 114rb
Black on Black
Sunroof
Power Back Door
Mark Levinson Surround
Cooler & Heater Seat
Navigation
Leather+Electric Seat
Audio Steering
Memori Seat
Keyless
Washer Lamp
Manual Book
Spare Key Komplit
Nopo Genap Pajak ON
Full Original 
Electrical no malfunction
Engine no malfunction 
Full paper 
Ready to use",Lexus,Lainnya,,Lainnya,105.000-110.000,249000000.0
947145381,BMW iX EV xDrive40 AT 2026 Hitam Km1rb Nik 2024 B1704JNS,"BMW iX EV xDrive40 2026/2024

- Full Electric
- 12.3' Digital Instrument Cluster
- 14.9' Curve 4k Display
- iDrive 8 Control
- Electric Seats With Memory
- Panoramic
- Power Back Door
- Km 1.000 Antik 
- Warna Hitam
- Nopol B Ganjil
- Pajak 02-2027
- Body Full Original
- Tangan 1 Dari Baru
- Atas Nama Perorangan
- Reg 2026, Nik 2024
- Full Warranty 16-01-2030
- Free Service 16-01-2031
- Perlengkapan Kendaraan Komplit
- Dijamin Kondisi Seperti Baru

GARANSI :
1. Keabsahan Dokumen Kendaraan
2. Mobil tidak bekas tabrakan & tidak bekas banjir
3. Bisa di cek mesin, electrical, dan history service sebelumnya di bengkel resmi / ATPM

Harga Kredit 1.495
Harga Cash 1.595

Silakan cek stok dan follow IG kami :
@lbautosunter
@lbauto_official


LB AUTO BINTARO
Bursa Mobil Bintaro Blok A28 dan A29

LB AUTO SUNTER
(Masuk dari pintu 1)
Bursa Otomotif Sunter
Blok J8-10 & Blok KA2-8
Jl Yos Sudarso Kav 87-88, Jakarta Utara",BMW,Lainnya,,Lainnya,0-5.000,1495000000.0
947934578,Bunga 0% DP50% LowOdo6rb/th SPORT RX300 2019 / 2018 LEXUS RX300t RX200,"Paket Smart Cashflow. Bunga 0% DP 50%. Sisa Flat 12x
Instant Approval Test Drive Hari ini Besok Delivery
Garansi Otospector sd 2027. Siap Gencheck

please welcome
*LEXUS RX300 F-SPORT*

*NIK 2018*
Sonic Titanium
Engine 2.000 CC
ODO 51.XXX KM 
Tax April 2027

*Additional Information:*
- Panoramic Sunroof
- Heated & Ventilated Seat
- Memory & Electric Seat
- Dual Entertainment System
- Wireless Charging

*Harga Kredit 615 JT*
*Harga Cash 646 JT*

PROMO
Paket Smart Cashflow
Bunga 0% Murni
Cukup Tdp 50%
Sisanya Flat Prorate 12x
Tenor Fixed 1 Tahun
Bebas Admin, Fiducia & Provisi

Untuk janjian test drive/kirim orang untuk inspeksi
Contact : Steve 0878/1112/2010

*GARANSI Uang Kembali 1000%*
Lulus inspeksi @otospector
Bebas Banjir & Bebas Major Accident
Record mobil sesuai odometer
Dokumen mobil asli keabsahannya

Cek variasi stok unit di Instagram 
@chrisauto_garage
@chrisauto_official

Chris Auto Garage | CAG
Bursa Otomotif Sunter 
Blok D2-D3 | Blok C1A- 1B
(Masuk Pintu 5 Lurus Paling Ujung) 
Jl. Yos Sudarso Kav 87-88
Jakarta Utara
(Search Google Map -> Ketik Chris Auto Garage) 

Operational Hour
(Minggu / Tanggal Merah TETAP BUKA)
Senin - Sabtu 08.00-17.30
Minggu 10.00-16.00
Diluar jam operasional tetap kami layani by appointment",Lexus,Lainnya,,Lainnya,50.000-55.000,615000000.0
947895442,"Dijual Toyota alphard 2015 Pakai Pribadi , Low KM ASLI. DIRECT OWNER","Dijual DIRECT OWNER

Toyota Alphard 2015. 2.5 X A/T
Warna Hitam
Low KM ASLI
Pakai Pribadi
Bukan Bekas major accident 
Bebas Banjir
390 jt nego
Penjual langsung . Bukan diler saya.",Toyota,Lainnya,,Lainnya,40.000-45.000,390000000.0
946748204,DP10% [Km11.000] CLS350 AMG 2023 Black / CLS 350 Reg 2024 #AUTOHIGH,"MERCEDES BENZ CLS350 AMG 2023 FACELIFT BLACK ON BLACK
Km.11.000 Antik!! , Stnk Bulan 09 ( NIK.2023 ) 
- Monitor Screen Audio + 4 Camera 360 Degress
- GPS Indonesia
- Speedometer Screen Digital 
- Full Electric Seat + Memory Seat
- Heater Seat 
- Electric Tilt Steering
- Audio Burmester
- Sunroof 
- Engine Start Button
- Mouse Control Pad
- Velg Full AMG Package
- Bagasi Power Back Door ( PBD )
- Warranrty ATPM Mercedes Benz 5Thn Free Service s/d Mei 2028

OTR KREDIT : 1.265M
OTR CASH : 1.365M

Harga Negosiasi Setelah Datang Lihat Unit di Showroom Kami

Pembelian via cash / kredit.. Data luar kota bisa bantu proses, Tersedia jg Paket Total DP Ringan, Tenor hingga 6 tahun ( Proses 1 hari kerja saja )

Segera Rekomendasikan Keluarga / Teman / Kerabat Bapak & Ibu semua untuk membeli Mobil di AUTOHIGH dan dapatkan harga & kualitas terbaik dengan cara Share Link Iklan ini, Terima Kasih !!!

///AUTO HIGH BINTARO
** Bursa Mobil Bintaro A1 - A3
Bintaro Sektor 7, Tangerang Selatan
( Exit Tol Pondok Aren, samping Bank Permata Tower dan Dealer BMW Bestindo )

[[ GUNAKAN SELALU FITUR TELEPON & WHATS APP UNTUK KEAMANAN BERKOMUNIKASI, TERIMA KASIH ]]

Buka Setiap Hari : Pukul 9 Pagi s/d 6 Sore
( Sabtu / Minggu / Hari Libur Tetap Buka )

More Info, Please Call / SMS / Whats App : Pukul 8 Pagi s/d 11 Malam ( Setiap Hari )",Mercedes-Benz,Lainnya,,Lainnya,5.000-10.000,1275000000.0
947818944,TERMURAH!! SUZUKI NEW ERTIGA GL MT MANUAL 2019 SILVER,"Harga Cash Rp 151,5 jt NET / NEGO BENSIN (Pajak 12/2026) 

Harga Paket Kredit Rp 141,5 jt
TDP Rp 24jt
Angs Rp 3,447 x59
Angs Rp 3,970 x47
Asuransi TLO + CP 

SUZUKI NEW ERTIGA GL MT MANUAL 2019 SILVER


DETAIL & FITUR 
+ NIK 2019
+ KM 116RB
+ PAJAK 12/2026
+ KUNCI SEREP ADA
+ BUKU SERVICE MANUAL LENGKAP 
+ NOPOL B GENAP SURAT LENGKAP LEGALITAS 100%
+ AC DINGIN
+ KAKI2 SENYAP 
+ GOOD CONDITION 
+ READY TO USE


NOTE : PEMBELIAN KKB, BAWA LEASING SENDIRI ATAU COP DARI KANTOR SENDIRI MENGIKUTI HARGA CASH + DANA TAMBAHAN. 

!!GARANSI MESIN DAN TRANSMISI 1 THN!!
!!FREE TOWING DI TOL 1THN!!
!!FREE BENSIN JIKA HABIS DI TOL!! 

*SK BERLAKU* 


PROMO PAKET KREDIT TERBAIK TERMUDAH TERMURAH DAN PALING FLEXIBLE 

*Harga dan rate kredit dapat berubah ubah setiap waktu* 

Kunjung Showroom Kami Untuk Cek Unit Langsung Test Drive :) 

Dapatkan mobil impian anda hanya di
Showroom AUTOLIN
Jl. Oto Iskandardinata No 101
Pasar Baru, Tangerang (Seberang RS Hermina Tangerang) Sebelum Restoran Serba Sambal Otista Tangerang. 

Cari kami di Google Maps “AUTOLIN” 

Jam Operasional 08:00 - 17:45 WIB 

JAMINAN PELAYANAN TERBAIK!
Best Price  Quality Used Car
Best Regards
""AUTOLIN""",Suzuki,Lainnya,,Lainnya,115.000-120.000,141500000.0
948135422,KM.2.000 PERFECT E200 EXCLUSIVE 2025/2026 MERCEDES BENZ E 200 TDP150JT,"MERCEDES BENZ E200 EXCLUSIVE LINE 2025 NEW MODEL PANORAMIC 

BLACK ON BROWN

Km.2.000 Antik !!
Stnk Bulan 07 ( NIK.2025 )

- New Model W214
- Spedoometer Digital
- Monitor Big Screen TV 
- Apple Carplay
- Ambient Lights 64 Colours
- GPS Indonesia 3D + Camera 360
- Mouse Control
- Wiriless Charger
- Electric Tilt Steering
- Electric Seat + Memory Seat
- ⁠Audio Burnmester
- Panoramic + Sunroof
- Mode ; Sport , Individual , Comfort , ECO
- Bagasi Power Back Doors
- Body Full PPF
- Warranty Mercedes Benz Indonesia 5 Stars 5 Years ( 3 Thn Full Spareparts s/d 02 July 2028 dan 5 Thn Free Service s/d 02 July 2023 )

OTR KREDIT : 1.190 M

TOTAL DP 150 JT
Angsuran xx Jutaan

Bebas Nabrak , Bebas Banjir , Unit Siap Pakai
Siap Gencek Di Bengkel Resmi",Mercedes-Benz,Lainnya,,Lainnya,0-5.000,1185000000.0
947899836,DP10% [Km35.000] 320i M-Sport 2020 White Reg 2021 #AUTOHIGH,"BMW 320i SPORT 2020 G20 WHITE ON BLACK
Km.35.000 , Stnk Bulan 12 ( NIK.2020 ) 
- Monitor + GPS Indonesia (3D)
- Speedometer Digital
- i-Drive Control with Touchpad
- Engine Start Button + Keyless
- ECO Mode Auto Start-Stop
- Electric Seat + Memory Seat
- Adaptive Suspension ( Comfort & Sport )
- Engine 2.0cc
- Velg Smoke Chrome Black
- Service Record BMW Indonesia

OTR KREDIT : 485JT
OTR CASH : 535JT

Harga Negosiasi Setelah Datang Lihat Unit di Showroom Kami

Pembelian via cash / kredit.. Data luar kota bisa bantu proses, Tersedia jg Paket Total DP Ringan, Tenor hingga 6 tahun ( Proses 1 hari kerja saja )

Segera Rekomendasikan Keluarga / Teman / Kerabat Bapak & Ibu semua untuk membeli Mobil di AUTOHIGH dan dapatkan harga & kualitas terbaik dengan cara Share Link Iklan ini, Terima Kasih !!!

///AUTO HIGH BINTARO
** Bursa Mobil Bintaro A1 - A3
Bintaro Sektor 7, Tangerang Selatan
( Exit Tol Pondok Aren, samping Bank Permata Tower dan Dealer BMW Bestindo )

[[ GUNAKAN SELALU FITUR TELEPON & WHATS APP UNTUK KEAMANAN BERKOMUNIKASI, TERIMA KASIH ]]

Buka Setiap Hari : Pukul 9 Pagi s/d 6 Sore
( Sabtu / Minggu / Hari Libur Tetap Buka )

More Info, Please Call / SMS / Whats App : Pukul 8 Pagi s/d 11 Malam ( Setiap Hari )",BMW,Lainnya,,Lainnya,25.000-30.000,495000000.0
947922240,DP10% [Km5.000] A200 Saloon Sunroof 2023 Black Reg 2024 #AUTOHIGH,"MERCEDES BENZ A200 SALOON FACELIFT PANORAMIC 2023/2024 BLACK ON BLACK
Km.5.000 Antik!! , STNK Bulan 05 Register 2024 ( NIK.2023 )
- Monitor Screen Audio
- ⁠Rear Camera
- ⁠Apple Carplay
- GPS Indonesia
- ⁠Panoramic + Sunroof
- ⁠Facelift Headlamp
- ⁠New Model Steering
- Electric Seat + Memory Seat
- Engine Start Button
- ECO Mode Start Stop
- Engine Mode : Eco, Comfort, Sport, Sport Plus
- Speedometer Digital
- Warranty ATPM Mercedes Benz 5 Stars ( 3 Thn Full Spareparts s/d Mar 2027 + 5 Thn Free Service, Oli & Jasa s/d Mar 2029 ) Tinggal Isi Bensin saja 

OTR KREDIT : 575JT
OTR CASH : 650JT

Harga Negosiasi Setelah Datang Lihat Unit di Showroom Kami

Pembelian via cash / kredit.. Data luar kota bisa bantu proses, Tersedia jg Paket Total DP Ringan, Tenor hingga 6 tahun ( Proses 1 hari kerja saja )

Segera Rekomendasikan Keluarga / Teman / Kerabat Bapak & Ibu semua untuk membeli Mobil di AUTOHIGH dan dapatkan harga & kualitas terbaik dengan cara Share Link Iklan ini, Terima Kasih !!!

///AUTO HIGH BINTARO
** Bursa Mobil Bintaro A1 - A3
Bintaro Sektor 7, Tangerang Selatan
( Exit Tol Pondok Aren, samping Bank Permata Tower dan Dealer BMW Bestindo )

[[ GUNAKAN SELALU FITUR TELEPON & WHATS APP UNTUK KEAMANAN BERKOMUNIKASI, TERIMA KASIH ]]

Buka Setiap Hari : Pukul 9 Pagi s/d 6 Sore
( Sabtu / Minggu / Hari Libur Tetap Buka )

More Info, Please Call / SMS / Whats App : Pukul 8 Pagi s/d 11 Malam ( Setiap Hari )",Mercedes-Benz,Lainnya,,Lainnya,0-5.000,585000000.0
948174184,BMW X7 Xdrive40i XLine 2023 Hitam Km20rb D1858AKL,"BMW X7 Xdrive40i XLine 2023

- New Model
- New Profile iDrive-8
- Panoramic
- Moonroof
- Audio Bowers & Wilkins
- GPS Indonesia
- Power Back Door
- Km 20.000 Antik (12.000 Miles)
- Warna Hitam
- Nopol D Genap
- Pajak 04-2027
- Tangan 1 Dari Baru
- Atas Nama Perorangan
- Nik 2023
- Full Warranty 10-03-2028
- Free Service 27-02-2028
- Perlengkapan Kendaraan Komplit
- Dijamin Kondisi Istimewa

GARANSI :
1. Keabsahan Dokumen Kendaraan
2. Mobil tidak bekas tabrakan & tidak bekas banjir
3. Bisa di cek mesin, electrical, dan history service sebelumnya di bengkel resmi / ATPM

Harga Kredit 1.625
Harga Cash 1.750

Silakan cek stok dan follow IG kami :
@lbautosunter
@lbauto_official


LB AUTO BINTARO
Bursa Mobil Bintaro Blok A28 dan A29

LB AUTO SUNTER
(Masuk dari pintu 1)
Bursa Otomotif Sunter
Blok J8-10 & Blok KA2-8
Jl Yos Sudarso Kav 87-88, Jakarta Utara",BMW,Lainnya,,Lainnya,15.000-20.000,1625000000.0
947853394,DP10% [Km12.000] Alphard G 2023 White Reg 2024 #AUTOHIGH,"ALPHARD 2.5 G ATPM 2023 WHITE ON BEIGE
Km.12.000 Antik!! , STNK Bulan 10 ( NIK.2023 )
- 2TV + 4 Camera + GPS Indonesia
- Pilot Seat + Leather Ori
- Heater Seat
- Krey Ori Jepang
- Auto Start - Stop
- Double Sunroof
- Toyota Safety Sense ( TSS )
- Tyre Sensor
- Bagasi Power Back Door
- Velg R.18 Smoke Chrome Black
- Service Record ATPM Toyota Indonesia

OTR KREDIT : 885JT
OTR CASH : 960JT

Harga Negosiasi Setelah Datang Lihat Unit di Showroom Kami

Pembelian via cash / kredit.. Data luar kota bisa bantu proses, Tersedia jg Paket Total DP Ringan, Tenor hingga 6 tahun ( Proses 1 hari kerja saja )

Segera Rekomendasikan Keluarga / Teman / Kerabat Bapak & Ibu semua untuk membeli Mobil di AUTOHIGH dan dapatkan harga & kualitas terbaik dengan cara Share Link Iklan ini, Terima Kasih !!!

///AUTO HIGH BINTARO
** Bursa Mobil Bintaro A1 - A3
Bintaro Sektor 7, Tangerang Selatan
( Exit Tol Pondok Aren, samping Bank Permata Tower dan Dealer BMW Bestindo )

[[ GUNAKAN SELALU FITUR TELEPON & WHATS APP UNTUK KEAMANAN BERKOMUNIKASI, TERIMA KASIH ]]

Buka Setiap Hari : Pukul 9 Pagi s/d 6 Sore
( Sabtu / Minggu / Hari Libur Tetap Buka )

More Info, Please Call / SMS / Whats App : Pukul 8 Pagi s/d 11 Malam ( Setiap Hari )",Toyota,Lainnya,,Lainnya,5.000-10.000,895000000.0
947894888,[Km9RB] BMW X5 xDrive40i M-Sport NIK 2025 Reg 2026 Putih,"BMW X5 xDrive40i M-Sport AT 2026

Nopol B
Pajak 03-2027
Kilometer 9RB Asli
Miles 5RB Asli
Warranty ATPM 02-11-2030


Jaminan tidak bekas tabrakan & banjir
Jaminan surat2 aman
Ready gencek di dealer resmi


OTR Kredit 1.495
Cash 1.595 Milyar Nego",BMW,Lainnya,,Lainnya,5.000-10.000,1495000000.0
948187866,DP10% [Km7.000] GLC300 AMG 2024 White / GLC 300 Reg 2025 #AUTOHIGH,"MERCEDES BENZ GLC300 AMG LINE 2024 NEW MODEL WHITE ON BLACK 
Km.7.000 Antik!! , Stnk Bulan 06 ( NIK.2024 )
- TV Monitor + Camera 360
- Speedometer Digital
- Electric Seat + Memory Seat 
- LED Day Light
- Panoramic + Sunroof
- Velg AMG Original Mercedes Benz
- Audio Burnsmester
- Bagasi Power Back Door
- Warranty ATPM Mercedes Benz 3 Thn Full Spareparts s/d Agst 2027 & Free Service 5 Thn Free Service Oli & Jasa s/d Agst 2029

OTR KREDIT : 1.195M
OTR CASH : 1.295M

Harga Negosiasi Setelah Datang Lihat Unit di Showroom Kami

Pembelian via cash / kredit.. Data luar kota bisa bantu proses, Tersedia jg Paket Total DP Ringan, Tenor hingga 6 tahun ( Proses 1 hari kerja saja )

Segera Rekomendasikan Keluarga / Teman / Kerabat Bapak & Ibu semua untuk membeli Mobil di AUTOHIGH dan dapatkan harga & kualitas terbaik dengan cara Share Link Iklan ini, Terima Kasih !!!

///AUTO HIGH BINTARO
** Bursa Mobil Bintaro A1 - A3
Bintaro Sektor 7, Tangerang Selatan
( Exit Tol Pondok Aren, samping Bank Permata Tower dan Dealer BMW Bestindo )

[[ GUNAKAN SELALU FITUR TELEPON & WHATS APP UNTUK KEAMANAN BERKOMUNIKASI, TERIMA KASIH ]]

Buka Setiap Hari : Pukul 9 Pagi s/d 6 Sore
( Sabtu / Minggu / Hari Libur Tetap Buka )

More Info, Please Call / SMS / Whats App : Pukul 8 Pagi s/d 11 Malam ( Setiap Hari )",Mercedes-Benz,Lainnya,,Lainnya,0-5.000,1205000000.0
948030118,Nissan Fairlady Z 2023 km 1rb Antik,"Nissan Fairlady Z NIK 2023

Km 1rb . Mobil seperti baru. 

Perfect condition. 

Full option. 

Rare Seiran blue colour. 

Langsung pemilik",Nissan,Lainnya,,Lainnya,0-5.000,1349000000.0
947744017,DP10% [Km7.000] X1 X-Line 2024 White Reg 2025 #AUTOHIGH,"BMW X1 X-LINE 2024 NEW MODEL WHITE ON BLACK
Km.7.000 Antik!! , Stnk Bulan 10 ( NIK.2024 )
- Monitor + Rear Camera
- GPS Indonesia
- Speedometer Digital
- Electric Seat + Memory Seat
- Panoramic + Sunroof
- Bagasi Power Back Door
- Engine Start Stop
- Warranty Full Spare Parts BRI ( 5 Thn s/d July 2029 ) & Warranty Free Service BSI ( 5 Thn s/d July 2029 )

OTR KREDIT : 710JT
OTR CASH : 785JT

Harga Negosiasi Setelah Datang Lihat Unit di Showroom Kami

Pembelian via cash / kredit.. Data luar kota bisa bantu proses, Tersedia jg Paket Total DP Ringan, Tenor hingga 6 tahun ( Proses 1 hari kerja saja )

Segera Rekomendasikan Keluarga / Teman / Kerabat Bapak & Ibu semua untuk membeli Mobil di AUTOHIGH dan dapatkan harga & kualitas terbaik dengan cara Share Link Iklan ini, Terima Kasih !!!

///AUTO HIGH BINTARO
** Bursa Mobil Bintaro A1 - A3
Bintaro Sektor 7, Tangerang Selatan
( Exit Tol Pondok Aren, samping Bank Permata Tower dan Dealer BMW Bestindo )

[[ GUNAKAN SELALU FITUR TELEPON & WHATS APP UNTUK KEAMANAN BERKOMUNIKASI, TERIMA KASIH ]]

Buka Setiap Hari : Pukul 9 Pagi s/d 6 Sore
( Sabtu / Minggu / Hari Libur Tetap Buka )

More Info, Please Call / SMS / Whats App : Pukul 8 Pagi s/d 11 Malam ( Setiap Hari )",BMW,Lainnya,,Lainnya,0-5.000,720000000.0
945271521,DP10% [Km6.000] X5 M-Sport 2024 White Reg 2025 #AUTOHIGH,"BMW X5 M-SPORT 2024 WHITE ON SADDLE BROWN
Km.6.000 Antik!! , Stnk Bulan 11 ( NIK.2024 ) 
- Monitor + Camera
- GPS Indonesia
- Speedometer Digital
- Electric Seat + Memory Seat
- ⁠3 Rows + 7 Seater
- Panoramic + Sunroof
- Bagasi Power Back Door
- Interior with Laser Light
- ECO Mode + Start Stop Engine
- Engine 3.000cc with 340Hp
- Warranty BRI Full Spare Parts 5 Tahun s/d Okt 2029 + Warranty BSI Free Service BSI 5 Tahun s/d Okt 2029

OTR KREDIT : 1.410M

Harga Negosiasi Setelah Datang Lihat Unit di Showroom Kami

Pembelian via cash / kredit.. Data luar kota bisa bantu proses, Tersedia jg Paket Total DP Ringan, Tenor hingga 6 tahun ( Proses 1 hari kerja saja )

Segera Rekomendasikan Keluarga / Teman / Kerabat Bapak & Ibu semua untuk membeli Mobil di AUTOHIGH dan dapatkan harga & kualitas terbaik dengan cara Share Link Iklan ini, Terima Kasih !!!

///AUTO HIGH BINTARO
** Bursa Mobil Bintaro A1 - A3
Bintaro Sektor 7, Tangerang Selatan
( Exit Tol Pondok Aren, samping Bank Permata Tower dan Dealer BMW Bestindo )

[[ GUNAKAN SELALU FITUR TELEPON & WHATS APP UNTUK KEAMANAN BERKOMUNIKASI, TERIMA KASIH ]]

Buka Setiap Hari : Pukul 9 Pagi s/d 6 Sore
( Sabtu / Minggu / Hari Libur Tetap Buka )

More Info, Please Call / SMS / Whats App : Pukul 8 Pagi s/d 11 Malam ( Setiap Hari )",BMW,Lainnya,,Lainnya,10.000-15.000,1420000000.0
947585704,DP10% [Km13.000] CRV Turbo 2024 Black / CR-V Reg 2025 #AUTOHIGH,"HONDA CRV 1.5 TURBO 2024/2025 BLACK ON BLACK
Km.13.000 Antik!! , Stnk Bulan 02 Register 2025 ( NIK.2024 )
- Monitor TV Screen Audio
- Rear Camera + Side Camera
- Electric Seat Kiri - Kanan
- Leather Seat Original Honda
- ⁠3 Row Seat
- Engine Start Button + Keyless Entry
- Honda Sensinf
- ⁠Speedometer Digital
- Panoramic + Sunroof
- Bagasi PBD
- Engine 1.500cc Turbo
- Warranty ATPM Honda

OTR KREDIT : 615JT
OTR CASH : 665JT

Harga Negosiasi Setelah Datang Lihat Unit di Showroom Kami

Pembelian via cash / kredit.. Data luar kota bisa bantu proses, Tersedia jg Paket Total DP Ringan, Tenor hingga 6 tahun ( Proses 1 hari kerja saja )

Segera Rekomendasikan Keluarga / Teman / Kerabat Bapak & Ibu semua untuk membeli Mobil di AUTOHIGH dan dapatkan harga & kualitas terbaik dengan cara Share Link Iklan ini, Terima Kasih !!!

///AUTO HIGH BINTARO
** Bursa Mobil Bintaro A1 - A3
Bintaro Sektor 7, Tangerang Selatan
( Exit Tol Pondok Aren, samping Bank Permata Tower dan Dealer BMW Bestindo )

[[ GUNAKAN SELALU FITUR TELEPON & WHATS APP UNTUK KEAMANAN BERKOMUNIKASI, TERIMA KASIH ]]

Buka Setiap Hari : Pukul 9 Pagi s/d 6 Sore
( Sabtu / Minggu / Hari Libur Tetap Buka )

More Info, Please Call / SMS / Whats App : Pukul 8 Pagi s/d 11 Malam ( Setiap Hari )",Honda,Lainnya,,Lainnya,5.000-10.000,625000000.0
947609002,DP10% [Km12.000] GLC200 AMG 2021 Black / GLC 200 Reg 2022 #AUTOHIGH,"MERCEDES BENZ GLC200 AMG 2021 FACELIFT BLACK ON BLACK
Km.12.000 Antik!! , Stnk Bulan 11 ( NIK.2021 )
- Monitor Screen Audio
- Rear Camera
- Speedometer Digital
- GPS Indonesia
- Electric Seat + Memory Seat
- Electric Tilt Steering 
- Keyless + Engine Start Button
- Sunroof + Panoramic 
- Audio Burnsmester
- Mouse Control Pad
- Bagasi Power Back Door
- Warranty Free Service ATPM Mercedes Benz 5 Thn s/d Sept 2026

OTR KREDIT : 695JT
OTR CASH : 770JT

Harga Negosiasi Setelah Datang Lihat Unit di Showroom Kami

Pembelian via cash / kredit.. Data luar kota bisa bantu proses, Tersedia jg Paket Total DP Ringan, Tenor hingga 6 tahun ( Proses 1 hari kerja saja )

Segera Rekomendasikan Keluarga / Teman / Kerabat Bapak & Ibu semua untuk membeli Mobil di AUTOHIGH dan dapatkan harga & kualitas terbaik dengan cara Share Link Iklan ini, Terima Kasih !!!

///AUTO HIGH BINTARO
** Bursa Mobil Bintaro A1 - A3
Bintaro Sektor 7, Tangerang Selatan
( Exit Tol Pondok Aren, samping Bank Permata Tower dan Dealer BMW Bestindo )

[[ GUNAKAN SELALU FITUR TELEPON & WHATS APP UNTUK KEAMANAN BERKOMUNIKASI, TERIMA KASIH ]]

Buka Setiap Hari : Pukul 9 Pagi s/d 6 Sore
( Sabtu / Minggu / Hari Libur Tetap Buka )

More Info, Please Call / SMS / Whats App : Pukul 8 Pagi s/d 11 Malam ( Setiap Hari )",Mercedes-Benz,Lainnya,,Lainnya,5.000-10.000,705000000.0
947198068,BMW X3 xDrive20i 2017 - Bensin,"BMW X3 xDrive20i xLine 
NIK: 2017
WARNA: Alphine White
KILOMETER: 75rban
TAX: Febuari 2027
Price 380 jt (Nego) cash / kredit sama!!

Spesification:
- Engine 2000 cc Turbo with 248 Hp dan 270 Nm
- Harman Kardon Audio
- Panoramic Sunroof, electric seat
- Comfort Access 
- Electric Power Backdoor
- Kondisi mulus terawat full service record BMW
- Full original

MOBIL DIJAMIN BUKAN BEKAS ACCIDENT/BANJIR, KILOMETER ASLI, SURAT - SURAT LENGKAP!!

Keunggulan beli di BMW Performance Auto Selection:
1) JAMINAN Bukan bekas banjir, tabrakan & lelang
2) Rate bunga rendah/rate bunga mobil baru*
3) After Sales Service
4) Stok mobil kami semuanya SERVICE RECORD BENGKEL BMW RESMI
5) Harga Cash SAMA dengan Kredit

Menerima Trade-in mobil lama anda, ALL BRAND!!",BMW,Lainnya,,Lainnya,70.000-75.000,380000000.0
947844412,DIJUAL TOYOTA RUSH 1.5 TRD SPORTIVO AT PUTIH KONDISI ISTIMEWA KM 35000,"Unit: 
- Merk: Toyota
- Model: Rush 1.5 TRD Sportivo
- Transmisi: AT
- Warna: Putih (cat orisinil)

Kondisi: 
- 95% Istimewa
- Kilometer: 35.000 (pemakaian weekend only)
- Service rutin di bengkel resmi Toyota
- Mesin mulus tinggal pakai
- AC dingin
- Atas Nama Pribadi Perorangan, Tangan Pertama

Kelengkapan: 
- Plat Nomor baru ganti (Tangsel)
- Dokumen STNK, BPKB, Faktur, Buku Service (lengkap)
- Ban Serep (belum pernah dipakai)
- Dongkrak & Tool Set lengkap
- Karpet Orisinil lengkap
- Net Bagasi belakang
- Tas Peralatan cuci mobil",Toyota,Lainnya,,Lainnya,35.000-40.000,225000000.0
945341475,DP10% [Km28.000] E300 Avantgarde 2016 White Reg 2017 #AUTOHIGH,"MERCEDES BENZ E300 AVANTGARDE 2016/2017 NEW MODEL WHITE ON BLACK
Km.28.000 Antik!!! , Stnk Bulan 02 Register 2017 ( NIK 2016 )
- Monitor TV + 4 Camera
- Speedometer Digital Model Terbaru 
- Panoramic + Sunroof
- Electric Seat + Memory Seat di Pintu
- Keyless + Engine Start Botton
- Full List Chrome Body Avantgarde
- Audio Burnsmester
- Bagasi Power Back Doors
- Service Record ATPM Mercedes Benz

OTR KREDIT : 425JT 
OTR CASH : 475JT 

Harga Negosiasi Setelah Datang Lihat Unit di Showroom Kami

Pembelian via cash / kredit.. Data luar kota bisa bantu proses, Tersedia jg Paket Total DP Ringan, Tenor hingga 6 tahun ( Proses 1 hari kerja saja )

Segera Rekomendasikan Keluarga / Teman / Kerabat Bapak & Ibu semua untuk membeli Mobil di AUTOHIGH dan dapatkan harga & kualitas terbaik dengan cara Share Link Iklan ini, Terima Kasih !!!

///AUTO HIGH BINTARO
** Bursa Mobil Bintaro A1 - A3
Bintaro Sektor 7, Tangerang Selatan
( Exit Tol Pondok Aren, samping Bank Permata Tower dan Dealer BMW Bestindo )

[[ GUNAKAN SELALU FITUR TELEPON & WHATS APP UNTUK KEAMANAN BERKOMUNIKASI, TERIMA KASIH ]]

Buka Setiap Hari : Pukul 9 Pagi s/d 6 Sore
( Sabtu / Minggu / Hari Libur Tetap Buka )

More Info, Please Call / SMS / Whats App : Pukul 8 Pagi s/d 11 Malam ( Setiap Hari )",Mercedes-Benz,Lainnya,,Lainnya,15.000-20.000,435000000.0
947677397,lexus rx350 rx 350 hybrid 2023 km19rb!like new!perfect!the best top!,"Mesin & Performa
	•	Mesin: 2.5L 4-silinder hybrid (A25A-FXS)
	•	Sistem hybrid self-charging
	•	Tenaga gabungan: 247 hp
	•	Torsi mesin: 239 Nm
	•	Transmisi: e-CVT / Hybrid Transaxle CVT
	•	Penggerak: FWD (versi Indonesia)
	•	0–100 km/jam: sekitar 8,1 detik
	•	Kecepatan maksimum: 180 km/jam

Interior & Fitur
	•	Jok Semi Aniline Leather
	•	Jok depan electric + memory
	•	Seat heater & ventilated seat
	•	Ambient light 64 warna
	•	Panoramic roof
	•	Head-up display
	•	Electric steering adjustment
	•	Power back door dengan kick sensor
	•	Wireless Apple CarPlay
	•	Android Auto
	•	Wireless charger
	•	Audio Mark Levinson 21 speaker
	•	Layar infotainment 14 inci

Safety
	•	Lexus Safety System+ 3
	•	Adaptive Cruise Control
	•	Lane Tracing Assist
	•	Blind Spot Monitor
	•	Rear Cross Traffic Alert
	•	Parking Support Brake
	•	Pre-Collision System
	•	360 camera / digital rear mirror

Kelebihan RX350h 2023
	•	Kabin sangat senyap & nyaman
	•	Irit untuk ukuran SUV premium besar
	•	Interior jauh lebih modern dibanding RX generasi lama
	•	Suspensi empuk khas Lexus
	•	Resale Lexus hybrid biasanya kuat

lexus rx350 hybrid 2023 
km 19.000
tangan pertama dari baru
aroma wangi mobil baru di interior!
very good condition !
like new condition !!
perfect ! no comment !!
pristine condition !!!
mobil kayak baru liat dan buktikan 
mobil full original paint 100%
liat pasti suka
pajak 1 thn panjang
kunci serep dan buku2 lengkap 
servis record lexus dari baru
mobil rawatan dari baru

harga khusus kredit nego sampai jadi ditempat !",Lexus,Lainnya,,Lainnya,15.000-20.000,1299000000.0
948180461,DP10% [Km11.000] GLA200 AMG 2023 Black / GLA 200 Reg 2024 #AUTOHIGH,"MERCEDES BENZ GLA200 AMG 2023/2024 BLACK ON BLACK
Km.11.000 Antik!! , Stnk Bulan 03 Register 2024 ( NIK.2023 )
- Monitor Screen Audio MBUX
- Rear Camera
- Speedometer Digital
- Electric Seat + Memory Seat
- Keyless + Engine Start Button 
- Bagasi Power Back Door
- ECO Mode Auto Start-Stop
- Warranty ISP ATPM Mercedes Benz 5 Starts ( 3 Thn Full Spareparts s/d Feb 2027 & 5 Thn Free Service s/d Feb 2029 )

OTR KREDIT : 620JT
OTR CASH : 695JT

Harga Negosiasi Setelah Datang Lihat Unit di Showroom Kami

Pembelian via cash / kredit.. Data luar kota bisa bantu proses, Tersedia jg Paket Total DP Ringan, Tenor hingga 6 tahun ( Proses 1 hari kerja saja )

Segera Rekomendasikan Keluarga / Teman / Kerabat Bapak & Ibu semua untuk membeli Mobil di AUTOHIGH dan dapatkan harga & kualitas terbaik dengan cara Share Link Iklan ini, Terima Kasih !!!

///AUTO HIGH BINTARO
** Bursa Mobil Bintaro A1 - A3
Bintaro Sektor 7, Tangerang Selatan
( Exit Tol Pondok Aren, samping Bank Permata Tower dan Dealer BMW Bestindo )

[[ GUNAKAN SELALU FITUR TELEPON & WHATS APP UNTUK KEAMANAN BERKOMUNIKASI, TERIMA KASIH ]]

Buka Setiap Hari : Pukul 9 Pagi s/d 6 Sore
( Sabtu / Minggu / Hari Libur Tetap Buka )

More Info, Please Call / SMS / Whats App : Pukul 8 Pagi s/d 11 Malam ( Setiap Hari )",Mercedes-Benz,Lainnya,,Lainnya,5.000-10.000,630000000.0
944199202,DP10% [Km11.000] C300 AMG 2018 White Reg 2019 #AUTOHIGH,"MERCEDES BENZ C300 AMG 2018 WHITE ON BLACK
Km.11.000 Antik!! , Stnk Bulan 05 ( NIK.2018 ) 
- Monitor + Rear Camera
- Full Electric Seat + Memory Seat
- Electric Tilt Steering
- Audio Burmester
- Engine Start Button
- Panoramic + Sunroof 
- Mouse Control Pad
- HUD ( Head Unit Display ) 
- Bagasi PBD ( Power Back Doors ) 
- Full AMG Package ( Velg + Body Kit ) 
- GPS Indonesia
- Service Record ATPM Mercedes Benz 

OTR KREDIT : 480JT 
OTR CASH : 530JT 

Harga Negosiasi Setelah Datang Lihat Unit di Showroom Kami

Pembelian via cash / kredit.. Data luar kota bisa bantu proses, Tersedia jg Paket Total DP Ringan, Tenor hingga 6 tahun ( Proses 1 hari kerja saja )

Segera Rekomendasikan Keluarga / Teman / Kerabat Bapak & Ibu semua untuk membeli Mobil di AUTOHIGH dan dapatkan harga & kualitas terbaik dengan cara Share Link Iklan ini, Terima Kasih !!!

///AUTO HIGH BINTARO
** Bursa Mobil Bintaro A1 - A3
Bintaro Sektor 7, Tangerang Selatan
( Exit Tol Pondok Aren, samping Bank Permata Tower dan Dealer BMW Bestindo )

[[ GUNAKAN SELALU FITUR TELEPON & WHATS APP UNTUK KEAMANAN BERKOMUNIKASI, TERIMA KASIH ]]

Buka Setiap Hari : Pukul 9 Pagi s/d 6 Sore
( Sabtu / Minggu / Hari Libur Tetap Buka )

More Info, Please Call / SMS / Whats App : Pukul 8 Pagi s/d 11 Malam ( Setiap Hari )",Mercedes-Benz,Lainnya,,Lainnya,5.000-10.000,490000000.0
946024259,DP10% [Km4.000] E200 Exclusive 2025 Black Reg 2026 #AUTOHIGH,"MERCEDES BENZ E200 EXCLUSIVE LINE 2025/2026 NEW MODEL PANORAMIC BLACK ON SADDLE TAN
Km.4.000 Antik!! , Stnk Bulan 01 Register 2026 ( NIK.2025 )
- Monitor Screen TV 
- ⁠4 Camera 360
- Speedometer Digital
- Mouse Control
- LED Day Lights
- Steer New Model
- ⁠Panoramic + Sunroof
- Electric Seat + Memory Seat
- Bagasi Power Back Doors
- Warranty ATPM Mercedes Benz 5 Stars ( 3 Thn Full Spareparts s/d Dec 2028 + 5 Thn Free Service s/d Dec 2030 )

OTR KREDIT : 1.195M 
OTR CASH : 1.295M 

Harga Negosiasi Setelah Datang Lihat Unit di Showroom Kami

Pembelian via cash / kredit.. Data luar kota bisa bantu proses, Tersedia jg Paket Total DP Ringan, Tenor hingga 6 tahun ( Proses 1 hari kerja saja )

Segera Rekomendasikan Keluarga / Teman / Kerabat Bapak & Ibu semua untuk membeli Mobil di AUTOHIGH dan dapatkan harga & kualitas terbaik dengan cara Share Link Iklan ini, Terima Kasih !!!

///AUTO HIGH BINTARO
** Bursa Mobil Bintaro A1 - A3
Bintaro Sektor 7, Tangerang Selatan
( Exit Tol Pondok Aren, samping Bank Permata Tower dan Dealer BMW Bestindo )

[[ GUNAKAN SELALU FITUR TELEPON & WHATS APP UNTUK KEAMANAN BERKOMUNIKASI, TERIMA KASIH ]]

Buka Setiap Hari : Pukul 9 Pagi s/d 6 Sore
( Sabtu / Minggu / Hari Libur Tetap Buka )

More Info, Please Call / SMS / Whats App : Pukul 8 Pagi s/d 11 Malam ( Setiap Hari )",Mercedes-Benz,Lainnya,,Lainnya,0-5.000,1205000000.0
947894782,[Km28rb] Mercedes Benz C200 EQ Boost 2020 Hitam Mercy Nik 2019,"Mercedes Benz C200 EQ Boost NIK 2019

Nopol B Ganjil
Pajak 08-2027
Kilometer 28RB Asli
Miles 17RB AsLi


Jaminan tidak bekas tabrakan & banjir
Jaminan surat2 aman
Ready gencek di dealer resmi


OTR Kredit 399jt
Cash 435jt Nego",Mercedes-Benz,Lainnya,,Lainnya,25.000-30.000,399000000.0
947698960,DP10% [Km13.000] GLA200 AMG 2024 Black / GLA 200 Reg 2025 #AUTOHIGH,"MERCEDES BENZ GLA200 AMG 2024 FACELIFT BLACK ON BLACK
Km.13.000 Antik!! , Stnk Bulan 10 ( NIK.2024 )
- Monitor Screen Audio MBUX
- Rear Camera
- Speedometer Digital
- ⁠Panoramic Sunroof
- Electric Seat + Memory Seat
- Keyless + Engine Start Button 
- Bagasi Power Back Door
- ECO Mode Auto Start-Stop
- Warranty ISP ATPM Mercedes Benz 5 Starts ( 3 Thn Full Spareparts s/d Sept 2027 & 5 Thn Free Service s/d Sept 2029 )

OTR KREDIT : 720JT
OTR CASH : 795JT

Harga Negosiasi Setelah Datang Lihat Unit di Showroom Kami

Pembelian via cash / kredit.. Data luar kota bisa bantu proses, Tersedia jg Paket Total DP Ringan, Tenor hingga 6 tahun ( Proses 1 hari kerja saja )

Segera Rekomendasikan Keluarga / Teman / Kerabat Bapak & Ibu semua untuk membeli Mobil di AUTOHIGH dan dapatkan harga & kualitas terbaik dengan cara Share Link Iklan ini, Terima Kasih !!!

///AUTO HIGH BINTARO
** Bursa Mobil Bintaro A1 - A3
Bintaro Sektor 7, Tangerang Selatan
( Exit Tol Pondok Aren, samping Bank Permata Tower dan Dealer BMW Bestindo )

[[ GUNAKAN SELALU FITUR TELEPON & WHATS APP UNTUK KEAMANAN BERKOMUNIKASI, TERIMA KASIH ]]

Buka Setiap Hari : Pukul 9 Pagi s/d 6 Sore
( Sabtu / Minggu / Hari Libur Tetap Buka )

More Info, Please Call / SMS / Whats App : Pukul 8 Pagi s/d 11 Malam ( Setiap Hari )",Mercedes-Benz,Lainnya,,Lainnya,5.000-10.000,730000000.0
947277942,"BMW X5 xDrive40i 2022, Warranty ON !!","BMW x5 xDrive40i 
NIK: 2022
WARNA: Artic grey
KILOMETER: 60rban
TAX: Agustus 2027
BSI (Warranty) s/d Juli 2027
Price 940 jt (Nego) cash / kredit sama!!

Spesification:
-BMW Laser Headlight, Air Suspension
-Engine B58 TwinPower Turbo 3000 cc, 340 Hp dan 450 Nm
-7 Seat, Vaccum Door
-Kondisi mulus terawat full service record BMW
-Full original


MOBIL DIJAMIN BUKAN BEKAS ACCIDENT/BANJIR, KILOMETER ASLI, SURAT - SURAT LENGKAP!!

Keunggulan beli di BMW Performance Auto Selection:
1) JAMINAN Bukan bekas banjir, tabrakan & lelang
2) Rate bunga rendah/rate bunga mobil baru*
3) After Sales Service
4) Stok mobil kami semuanya SERVICE RECORD BENGKEL BMW RESMI
5) Harga Cash SAMA dengan Kredit

Menerima Trade-in mobil lama anda, ALL BRAND!!",BMW,Lainnya,,Lainnya,45.000-50.000,940000000.0
948135519,KM.24.000 GLB200 GLB 200 PROGRESSIVE LINE 2023/2022 GREY TDP100JT,"MERCEDES BENZ GLB200 PROGRESSIVE LINE 2022/2023

POLICE GREY ON BLACK

Km. 23.000 Antik!!
Stnk Bulan 10 , ( NIK.2022 ) 

- Speedometer Digital
- Monitor TV  MBUX
- Ambiyent Lights 64 Colour
- Electric Seat + Memory Seat
- Keyless + Engine Start Button
- Mouse Control Pad
- GPS Indonesia + Rear Camera
- 3 Row ( 7 Seaters )
- Bagasi Power Back Door
- Free Service MercedesBenz Indonesia , Service , Jasa dan Ganti Oli sd 09 September 2027

OTR KREDIT 595 JT

Total DP 75 Juta
Angsuran xx Jutaan

Like , Coment . Share dan Beli 

Garansi Mesin dan Transmisi 1 Tahun
Bebas Banjir, Nabrak , Ready To Driver
Siap General Check Up Dan Tukar Tambah",Mercedes-Benz,Lainnya,,Lainnya,0-5.000,595000000.0
948074958,DP10% [Km11.000] 330i M-Sport 2021 White Reg 2022 #AUTOHIGH,"BMW 330i M-SPORT 2021/2022 NEW PROFILE WHITE ON SADDLE TAN
Km.11.000 Antik!! , Stnk Bulan 01 Register 2022 ( NIK.2021 ) 
- Monitor + GPS Indonesia (3D)
- Speedometer Digital
- i-Drive Control with Touchpad
- Engine Start Button + Keyless
- ECO Mode Auto Start-Stop
- Sunroof
- Electric Seat + Memory Seat
- Adaptive Suspension ( Comfort & Sport )
- Engine 2.0cc with 258Hp ( 0-100 km/h : 5.0 second )
- Velg Smoke Chrome Black
- Service Record ATPM BMW Indonesia

OTR KREDIT : 675JT
OTR CASH : 750JT

Harga Negosiasi Setelah Datang Lihat Unit di Showroom Kami

Pembelian via cash / kredit.. Data luar kota bisa bantu proses, Tersedia jg Paket Total DP Ringan, Tenor hingga 6 tahun ( Proses 1 hari kerja saja )

Segera Rekomendasikan Keluarga / Teman / Kerabat Bapak & Ibu semua untuk membeli Mobil di AUTOHIGH dan dapatkan harga & kualitas terbaik dengan cara Share Link Iklan ini, Terima Kasih !!!

///AUTO HIGH BINTARO
** Bursa Mobil Bintaro A1 - A3
Bintaro Sektor 7, Tangerang Selatan
( Exit Tol Pondok Aren, samping Bank Permata Tower dan Dealer BMW Bestindo )

[[ GUNAKAN SELALU FITUR TELEPON & WHATS APP UNTUK KEAMANAN BERKOMUNIKASI, TERIMA KASIH ]]

Buka Setiap Hari : Pukul 9 Pagi s/d 6 Sore
( Sabtu / Minggu / Hari Libur Tetap Buka )

More Info, Please Call / SMS / Whats App : Pukul 8 Pagi s/d 11 Malam ( Setiap Hari )",BMW,Lainnya,,Lainnya,5.000-10.000,685000000.0
948152533,KM37RB Toyota All New Alphard 2.5 HEV Hybrid White On Black NIK 2024 T,"Bonus!!
-Free Towing selama 1tahun
-Lulus otospector
-Autofame siap (General Check Up) ke bengkel resmi untuk membuktikan mobil kita berkualitas
Term and Condition
.
KM 37.000 Toyota All New Alphard 2.5 HEV Hybrid White On Black NIK 2024 Tgn 1 Dr Br

Plat Ganjil, White On Black, Tangan Pertama Dari Baru, KM 37.000, Perawatan Service Rutin, NIK 2024, Pajak Sangat Panjang Sampai Bulan 09 2027, Toyota New Alphard 2.5 HEV Hybrid, Sharp LED Lamp, Luxury Front Grille, Rear Combination Lamps, Advanced Power Backdoor, Comfortable Pwr Sliding Door, Electric Rear Side Shade, Panoramic View Monitor, 14inch Screen Headunit, 12.3inch Digital Speedometer, High End Lounge with Ambient Light, Black Leather Seats, Electric Seat with Memory, Pilot Seat supported Detachable Smartphone-like Remote Control, JBL Premium Sound System, Tinggal Pakai.
.
For Cash : Rp. 1.385 M
For Credit : Rp. 1.320 M
.
3Tahun
TDP : Rp. 256.999.188 Juta
Angsuran : Rp. 39.995.929 Juta X 35
.
4Tahun
TDP : Rp. 261.536.328 Juta
Angsuran : Rp. 31.979.688 Juta X 47
.
Harga Bisa Nego Langsung Di Tempat
.
AUTOFAME MENERIMA
•Menerima Jual Beli dan Tukar Tambah
•Pembayaran bisa dengan (Cash / Kredit)
•Autofame siap (General Check Up) ke bengkel resmi untuk membuktikan mobil kita berkualitas
.
Search google : Autofame
Search waze : Autofame
.
Buka Setiap Hari: 09:00 - 18.00
(Sabtu / Minggu / Tanggal Merah tetap buka yaaa!!)
-QUALITY IS OUR PRIORITY-
.
AUTOFame Cibubur
Kota Wisata Somerset N 8 no. 5
Jalan Transyogie Km.6 Cibubur
.
AUTOFame Mangga dua square)
Bursa otomotif Mangga dua square (BOM's) Lot L18-23
Jalan Gunung Sahari No. 1 Jakarta utara",Toyota,Lainnya,,Lainnya,35.000-40.000,1320000000.0
948059666,Toyota Fortuner 2.5 G TRD VNT Turbo Diesel Solar AT Matic 2014 Putih,"Toyota Fortuner 2.5G 2.5 G TRD VNT Turbo Diesel Solar AT Matic 2014 Putih.

* Kondisi terawat dan siap pakai.
* Pajak hidup sampai bulan 12 -2026
* Plat Kaleng sampai 12-2029
* A.N Perorangan
* Nopol B Genap
* Ban dengan kondisi 80%.
* Ban 265/65 R17
* KM 120.xxx
* Spion Retract
* Head Unit 
* Sensor Parkir
* Kunci Serep
* Buku Service dan buku manual
* Garansi 100% bukan bekas insiden tabrak berat dan banjir.
* Interior rapi dan mulus.
* Mesin full standar dan kering.
* Body mulus, cat orisinil.
* Kaki-kaki masih sangat empuk dan senyap.
* Mesin dan matic aman, tidak ada rembes, mesin masih sangat bagus.
* Dipersilakan bila mau membawa mekanik dalam pengecekan atau melakukan general check up langsung ke bengkel resmi Toyota
* Surat dijamin asli dan lengkap beserta faktur stnk, BPKB, dan lain lain.

* PROSES CEPAT & DATA BISA DIBANTU

* OTR KHUSUS CASH 
Rp. 279 Juta

* OTR KHUSUS KREDIT
Rp. 254 Juta

Paket kredit: (HITUNGAN KHUSUS JABODETABEK)
*Adira Finance 
TDP : 59 juta
Angsuran 6.462 x 47 bulan
Asuransi TLO

Paket kredit: 
*ACC Finance 
TDP 59 juta
Angsuran 6.800 x 47 bulan
Asuransi TLO

*ACC Finance 
TDP 59 juta
Angsuran 5.900 x 59 bulan
Asuransi TLO",Toyota,Lainnya,,Lainnya,115.000-120.000,254000000.0
948049096,DP10% [Km16.000] LM350 VIP 4Seater 2021 / LM 350 Reg 2022 #AUTOHIGH,"LEXUS LM350 VIP 4SEATER 2021  BLACK ON BLACK
Km.16.000 Antik!! , STNK Bulan 08 ( NIK.2021 )
- Monitor Screen Audio + 4 Camera
- ⁠GPS Indonesia
- Audio Mark Levinson
- Royal Lounge ( 4 Seater )
- ⁠Rear System Entertaiment with 26 inch TV Audio
- Heater + Cooler Seat
- Krey Ori Jepang
- Pre Collision System
- ⁠Full Electric Rear Seat
- Sunroof + Moonroof
- ⁠Engine 3.500cc V6 AWD (4X4)
- Bagasi Power Back Door
- Velg Smoke Chrome Black
- Service Record ATPM Lexus Indonesia

OTR KREDIT : 1.095M
OTR CASH : 1.195M

Harga Negosiasi Setelah Datang Lihat Unit di Showroom Kami

Pembelian via cash / kredit.. Data luar kota bisa bantu proses, Tersedia jg Paket Total DP Ringan, Tenor hingga 6 tahun ( Proses 1 hari kerja saja )

Segera Rekomendasikan Keluarga / Teman / Kerabat Bapak & Ibu semua untuk membeli Mobil di AUTOHIGH dan dapatkan harga & kualitas terbaik dengan cara Share Link Iklan ini, Terima Kasih !!!

///AUTO HIGH BINTARO
** Bursa Mobil Bintaro A1 - A3
Bintaro Sektor 7, Tangerang Selatan
( Exit Tol Pondok Aren, samping Bank Permata Tower dan Dealer BMW Bestindo )

[[ GUNAKAN SELALU FITUR TELEPON & WHATS APP UNTUK KEAMANAN BERKOMUNIKASI, TERIMA KASIH ]]

Buka Setiap Hari : Pukul 9 Pagi s/d 6 Sore
( Sabtu / Minggu / Hari Libur Tetap Buka )

More Info, Please Call / SMS / Whats App : Pukul 8 Pagi s/d 11 Malam ( Setiap Hari )",Lexus,Lainnya,,Lainnya,5.000-10.000,1105000000.0
948174677,Lexus LM350 Hybrid LM350H 2024 Hitam 7-Seater Km20rb B471ABF,"Lexus LM350H Hybrid AT 2024

- New Model
- 7-Seater
- Audio Mark Levinson
- Power Back Door
- Km 20.000 Antik
- Warna Hitam
- Nopol B Ganjil
- Pajak 07-2027
- Tangan 1 Dari Baru
- Atas Nama Perorangan
- Nik 2024
- Warranty ATPM 27-04-2027
- Free Service 27-04-2029
- Perlengkapan Kendaraan Komplit
- Dijamin Kondisi Istimewa

GARANSI :
1. Keabsahan Dokumen Kendaraan
2. Mobil tidak bekas tabrakan & tidak bekas banjir
3. Bisa di cek mesin, electrical, dan history service sebelumnya di bengkel resmi / ATPM

Harga Kredit 1.850
Harga Cash 2.000

Silakan cek stok dan follow IG kami :
@lbautosunter
@lbauto_official


LB AUTO BINTARO
Bursa Mobil Bintaro Blok A28 dan A29

LB AUTO SUNTER
(Masuk dari pintu 1)
Bursa Otomotif Sunter
Blok J8-10 & Blok KA2-8
Jl Yos Sudarso Kav 87-88, Jakarta Utara",Lexus,Lainnya,,Lainnya,15.000-20.000,1850000000.0
948092927,[ DP 26 ] MINI COOPER  CABRIOLET 2017,"[ DP 26 ] MINI COOPER  CABRIOLET 2017 

[ FREE GARANSI MESIN DAN TRANSMISI 1 THN ]

[ FREE COATING ]

** JAMINAN BEBAS TABRAK **

** JAMINAN BEBAS BANJIR **

Good Condition
Tangan Ke-1 dari baru
Odo 37K Miles
Tax On 04.27
Warna Orange
Transmisi Matic
Stir Carbon
AC Dingin
Parking Sensor
Start Stop Engine
Audio Harman Kardon
Cabriolet Soft -top
2 Doors
Audio Stearing
Cruise Control
Keyless
Engine 2000cc
Engline Roof
20 Unit Only di Indonesia
Unit Siap Pakai 


** HARGA KHUSUS KREDIT**
** HARGA CASH BY ASK **

LOKASI SHOWROOM : 
WTC MANGGA DUA LT.5 NO 525

BUKA : SENIN - MINGGU ( 09.00 - 18.00 )",Mini,Lainnya,,Lainnya,35.000-40.000,499000000.0
948146568,[ DP 25 ] MERCY CLA 200 AMG 2016,"[ DP 25 ] MERCY CLA 200 AMG 2016 


[ FREE GARANSI MESIN DAN TRANSIMISI 1 THN ] 

[ FREE COATING ] 


** JAMINAN BEBAS LAKA **

** JAMINAN BEBAS BANJIR **


Good Condition
Tangan Ke-1 Dari Baru
Tax On 08.27
Odo 29K MILES
Nopol Genap
Electric Sunroof
Transmisi Matic
AC Dingin
Keyless
Start Stop Engine
Parking Sensor
Electric Mirror
Head Unit  
Leather Seat
Ban Tebal
AC Double Blower
Cruise Control
Paddle Shift
Audio Steering Switch
Unit Siap Pakai


** HARGA KHUSUS KREDIT **

** HARGA CASH BY ASK **

LOKASI : 
WTC MANGGA DUA LT.5 NO 525, AUTO 12

OPEN   = SENIN -MINGGU 
PUKUL = 10.00 - 18.00",Mercedes-Benz,Lainnya,,Lainnya,25.000-30.000,317000000.0
948192422,Lexus RX300 F Sport 2022/ 2023 KM 18rb Lexus RX300 RX 300,"Lexus RX300 F Sport ATPM NIK 2022 Hitam KM 18rb ANTIK 

-  NIK 2022
-  KM 18rb
-  Panoramic
-  3 TV + 4 Kamera
-  Audio Mark Levinson
-  HUD (Head Up Display)
-  PBD (Power Back Door)
-  Keyless & Engine Start
-  Leather Seat & Electric Seat
-  Free Service s/d April 2027
-  Body 100% Full Original Cat

Harga Cash 995jt
Harga Kredit 925jt

Glory Perkasa Mobil  
Bursa Otomotif Sunter  
Jl. Yos Sudarso kav 87-88  
Blok B2 No. 23-25  
Jakarta Utara  
Masuk Pintu 3
(Sebrang Mall Artha Gading & Mall Of Indonesia, sebelum pom bensin Shell Yos Sudarso)",Lexus,Lainnya,,Lainnya,15.000-20.000,925000000.0
947698448,DP10% [Km6.000] C300 AMG 2023 White Reg 2024 #AUTOHIGH,"MERCEDES BENZ C300 AMG 2023 NEW MODEL W206 WHITE ON BLACK
Km.6.000 Antik!! , Stnk Bulan 09 ( NIK.2023 )
- Monitor Audio Big Screen
- 4 Camera 360 + GPS Indonesia
- Headlamp New Model
- Full Electric Seat + Memory Seat
- Audio Burnsmester
- Engine Start Button
- Panoramic + Sunroof 
- Mouse Control Pad
- Speedometer Digital
- HUD ( Head Unit Display ) 
- Bagasi PBD ( Power Back Doors ) 
- Full AMG Package ( Velg + Body Kit ) 
- Warranty ATPM Mercedes Benz 5 Thn Free Service s/d Agst 2028 

OTR KREDIT : 865JT
OTR CASH : 940JT

Harga Negosiasi Setelah Datang Lihat Unit di Showroom Kami

Pembelian via cash / kredit.. Data luar kota bisa bantu proses, Tersedia jg Paket Total DP Ringan, Tenor hingga 6 tahun ( Proses 1 hari kerja saja )

Segera Rekomendasikan Keluarga / Teman / Kerabat Bapak & Ibu semua untuk membeli Mobil di AUTOHIGH dan dapatkan harga & kualitas terbaik dengan cara Share Link Iklan ini, Terima Kasih !!!

///AUTO HIGH BINTARO
** Bursa Mobil Bintaro A1 - A3
Bintaro Sektor 7, Tangerang Selatan
( Exit Tol Pondok Aren, samping Bank Permata Tower dan Dealer BMW Bestindo )

[[ GUNAKAN SELALU FITUR TELEPON & WHATS APP UNTUK KEAMANAN BERKOMUNIKASI, TERIMA KASIH ]]

Buka Setiap Hari : Pukul 9 Pagi s/d 6 Sore
( Sabtu / Minggu / Hari Libur Tetap Buka )

More Info, Please Call / SMS / Whats App : Pukul 8 Pagi s/d 11 Malam ( Setiap Hari )",Mercedes-Benz,Lainnya,,Lainnya,0-5.000,875000000.0
946155664,DP10% [Km12.000] E200 Exclusive 2024 Black Reg 2025 #AUTOHIGH,"MERCEDES BENZ E200 EXCLUSIVE LINE 2024 NEW MODEL PANORAMIC BLACK ON SADDLE TAN
Km.12.000 Antik!! , Stnk Bulan 11 ( NIK.2024 )
- Monitor Screen TV 
- ⁠4 Camera 360
- Speedometer Digital
- Mouse Control
- LED Day Lights
- Steer New Model
- ⁠Panoramic + Sunroof
- Electric Seat + Memory Seat
- Bagasi Power Back Doors
- Warranty ATPM Mercedes Benz 5 Stars ( 3 Thn Full Spareparts s/d Sept 2027 + 5 Thn Free Service s/d Sept 2029 )

OTR KREDIT : 1.080M 
OTR CASH : 1.180M 

Harga Negosiasi Setelah Datang Lihat Unit di Showroom Kami

Pembelian via cash / kredit.. Data luar kota bisa bantu proses, Tersedia jg Paket Total DP Ringan, Tenor hingga 6 tahun ( Proses 1 hari kerja saja )

Segera Rekomendasikan Keluarga / Teman / Kerabat Bapak & Ibu semua untuk membeli Mobil di AUTOHIGH dan dapatkan harga & kualitas terbaik dengan cara Share Link Iklan ini, Terima Kasih !!!

///AUTO HIGH BINTARO
** Bursa Mobil Bintaro A1 - A3
Bintaro Sektor 7, Tangerang Selatan
( Exit Tol Pondok Aren, samping Bank Permata Tower dan Dealer BMW Bestindo )

[[ GUNAKAN SELALU FITUR TELEPON & WHATS APP UNTUK KEAMANAN BERKOMUNIKASI, TERIMA KASIH ]]

Buka Setiap Hari : Pukul 9 Pagi s/d 6 Sore
( Sabtu / Minggu / Hari Libur Tetap Buka )

More Info, Please Call / SMS / Whats App : Pukul 8 Pagi s/d 11 Malam ( Setiap Hari )",Mercedes-Benz,Lainnya,,Lainnya,5.000-10.000,1090000000.0
948047241,DP10% [Km15.000] Alphard G 2023 Black Reg 2024 #AUTOHIGH,"ALPHARD 2.5 G ATPM 2023 BLACK ON BEIGE
Km.15.000 Antik!! , STNK Bulan 09 ( NIK.2023 )
- 2TV + 4 Camera + GPS Indonesia
- Pilot Seat + Leather Ori
- Heater Seat
- Krey Ori Jepang
- Auto Start - Stop
- Double Sunroof
- Toyota Safety Sense ( TSS )
- Tyre Sensor
- Bagasi Power Back Door
- Velg R.18 Smoke Chrome Black
- Service Record ATPM Toyota Indonesia

OTR KREDIT : 885JT
OTR CASH : 960JT

Harga Negosiasi Setelah Datang Lihat Unit di Showroom Kami

Pembelian via cash / kredit.. Data luar kota bisa bantu proses, Tersedia jg Paket Total DP Ringan, Tenor hingga 6 tahun ( Proses 1 hari kerja saja )

Segera Rekomendasikan Keluarga / Teman / Kerabat Bapak & Ibu semua untuk membeli Mobil di AUTOHIGH dan dapatkan harga & kualitas terbaik dengan cara Share Link Iklan ini, Terima Kasih !!!

///AUTO HIGH BINTARO
** Bursa Mobil Bintaro A1 - A3
Bintaro Sektor 7, Tangerang Selatan
( Exit Tol Pondok Aren, samping Bank Permata Tower dan Dealer BMW Bestindo )

[[ GUNAKAN SELALU FITUR TELEPON & WHATS APP UNTUK KEAMANAN BERKOMUNIKASI, TERIMA KASIH ]]

Buka Setiap Hari : Pukul 9 Pagi s/d 6 Sore
( Sabtu / Minggu / Hari Libur Tetap Buka )

More Info, Please Call / SMS / Whats App : Pukul 8 Pagi s/d 11 Malam ( Setiap Hari )",Toyota,Lainnya,,Lainnya,5.000-10.000,895000000.0
944505023,DP10% [Km8.000] 520i M-Sport 2023 Black Reg 2024 #AUTOHIGH,"BMW 520i M-SPORT 2023/2024 NEW PROFILE ID-7 BLACK ON BLACK
Km.8.000 Antik!! , Stnk Bulan 01 Register 2024 ( NIK.2023 ) 
- Monitor Screen
- Rear Camera
- GPS Indonesia
- Speedometer Digital New Profile ID-7
- Engine Start Button
- ECO Mode Auto Start Stop
- Electric Seat Kiri-Kanan
- Sunroof 
- Bagasi Power Back Doors
- Bodykit M-Perfomance
- Velg M-Perfomance
- Setir M-Perfomance
- Warranty ATPM Full Spareparts (BRI) 5 Thn s/d Juni 2028 & Free Service (BSI) 5 Thn s/d Juni 2028

OTR KREDIT : 775JT 
OTR CASH : 850JT 

Harga Negosiasi Setelah Datang Lihat Unit di Showroom Kami

Pembelian via cash / kredit.. Data luar kota bisa bantu proses, Tersedia jg Paket Total DP Ringan, Tenor hingga 6 tahun ( Proses 1 hari kerja saja )

Segera Rekomendasikan Keluarga / Teman / Kerabat Bapak & Ibu semua untuk membeli Mobil di AUTOHIGH dan dapatkan harga & kualitas terbaik dengan cara Share Link Iklan ini, Terima Kasih !!!

///AUTO HIGH BINTARO
** Bursa Mobil Bintaro A1 - A3
Bintaro Sektor 7, Tangerang Selatan
( Exit Tol Pondok Aren, samping Bank Permata Tower dan Dealer BMW Bestindo )

[[ GUNAKAN SELALU FITUR TELEPON & WHATS APP UNTUK KEAMANAN BERKOMUNIKASI, TERIMA KASIH ]]

Buka Setiap Hari : Pukul 9 Pagi s/d 6 Sore
( Sabtu / Minggu / Hari Libur Tetap Buka )

More Info, Please Call / SMS / Whats App : Pukul 8 Pagi s/d 11 Malam ( Setiap Hari )",BMW,Lainnya,,Lainnya,0-5.000,785000000.0
947261231,BMW iX EV xDrive40 AT 2026 Hitam Km14rb B818EYF Nik 2024,"BMW iX EV xDrive40 2026/2024

- Full Electric
- 12.3' Digital Instrument Cluster
- 14.9' Curve 4k Display
- iDrive 8 Control
- Electric Seats With Memory
- Panoramic
- Power Back Door
- Km 14.000 Antik (8.000 Miles)
- Warna Hitam
- Nopol B Ganjil
- Pajak 03-2027
- Body Full Original
- Tangan 1 Dari Baru
- Atas Nama Perorangan
- Reg 2026, Nik 2024
- Full Warranty 10-06-2030
- Free Service 30-12-2031
- Perlengkapan Kendaraan Komplit
- Dijamin Kondisi Seperti Baru

GARANSI :
1. Keabsahan Dokumen Kendaraan
2. Mobil tidak bekas tabrakan & tidak bekas banjir
3. Bisa di cek mesin, electrical, dan history service sebelumnya di bengkel resmi / ATPM

Harga Kredit 1.395
Harga Cash 1.495

Silakan cek stok dan follow IG kami :
@lbautosunter
@lbauto_official


LB AUTO BINTARO
Bursa Mobil Bintaro Blok A28 dan A29

LB AUTO SUNTER
(Masuk dari pintu 1)
Bursa Otomotif Sunter
Blok J8-10 & Blok KA2-8
Jl Yos Sudarso Kav 87-88, Jakarta Utara",BMW,Lainnya,,Lainnya,10.000-15.000,1395000000.0
948110932,Mercedes Benz S63 AMG Coupe 2015 Hitam B63TOY Km14rb,"Mercedes Benz S63 AMG Coupe 2015

- Engine V8 Twin-Turbocharged 5.461cc
- 7-speed automatic
- 577HP/900Nm
- 0 – 100 km/h : 3.7 Sec
- Top speed 300 km/h
- 20” AMG 10
- Audio Burmester
- Sunroof
- Black On Beige
- Power Back Door
- Km 14.000 Antik (8.000 Miles)
- Warna Hitam
- Nopol B Ganjil
- Pajak 10-2027
- Nik 2015
- Perlengkapan Kendaraan Komplit
- Dijamin Kondisi Istimewa

GARANSI :
1. Keabsahan Dokumen Kendaraan
2. Mobil tidak bekas tabrakan & tidak bekas banjir
3. Bisa di cek mesin, electrical, dan history service sebelumnya di bengkel resmi / ATPM

Harga Kredit 3.600
Harga Cash 3.700

Silakan cek stok dan follow IG kami :
@lbautosunter
@lbauto_official


LB AUTO BINTARO
Bursa Mobil Bintaro Blok A28 dan A29

LB AUTO SUNTER
(Masuk dari pintu 1)
Bursa Otomotif Sunter
Blok J8-10 & Blok KA2-8
Jl Yos Sudarso Kav 87-88, Jakarta Utara",Mercedes-Benz,Lainnya,,Lainnya,10.000-15.000,3600000000.0
947296045,DP10% [Km17.000] GLC300 AMG 2023 Black / GLC 300 Reg 2024 #AUTOHIGH,"MERCEDES BENZ GLC300 AMG LINE 2023/2024 NEW MODEL BLACK ON BLACK 
Km.17.000 Antik!! , Stnk Bulan 03 Register 2024 ( NIK.2023 )
- TV Monitor + Camera 360
- Speedometer Digital
- Electric Seat + Memory Seat 
- LED Day Light
- Panoramic + Sunroof
- Velg AMG Original Mercedes Benz
- Audio Burnsmester
- Bagasi Power Back Door
- Warranty ATPM Mercedes Benz 3 Thn Full Spareparts s/d Jan 2027 & Free Service 5 Thn Free Service Oli & Jasa s/d Jan 2029

OTR KREDIT : 1.075M 
OTR CASH : 1.175M 

Harga Negosiasi Setelah Datang Lihat Unit di Showroom Kami

Pembelian via cash / kredit.. Data luar kota bisa bantu proses, Tersedia jg Paket Total DP Ringan, Tenor hingga 6 tahun ( Proses 1 hari kerja saja )

Segera Rekomendasikan Keluarga / Teman / Kerabat Bapak & Ibu semua untuk membeli Mobil di AUTOHIGH dan dapatkan harga & kualitas terbaik dengan cara Share Link Iklan ini, Terima Kasih !!!

///AUTO HIGH BINTARO
** Bursa Mobil Bintaro A1 - A3
Bintaro Sektor 7, Tangerang Selatan
( Exit Tol Pondok Aren, samping Bank Permata Tower dan Dealer BMW Bestindo )

[[ GUNAKAN SELALU FITUR TELEPON & WHATS APP UNTUK KEAMANAN BERKOMUNIKASI, TERIMA KASIH ]]

Buka Setiap Hari : Pukul 9 Pagi s/d 6 Sore
( Sabtu / Minggu / Hari Libur Tetap Buka )

More Info, Please Call / SMS / Whats App : Pukul 8 Pagi s/d 11 Malam ( Setiap Hari )",Mercedes-Benz,Lainnya,,Lainnya,5.000-10.000,1085000000.0
946960041,DP10% [Km6.000] GLE450 AMG 2023 Black / GLE 450 Reg 2024 #AUTOHIGH,"MERCEDES BENZ GLE450 AMG 2023 BLACK ON BLACK 
Km.6.000 Antik!! , Stnk Bulan 06 ( NIK.2023 )
- TV Monitor + Camera 360
- Speedometer Digital
- Electric Seat + Memory Seat 
- LED Day Light
- Panoramic + Sunroof
- Velg AMG Original Mercedes Benz
- Audio Burnsmester
- 3 Row Seater
- Full Vacum Doors
- Bagasi Power Back Door
- Warranty ATPM Mercedes Benz Free Service 5 Thn Free Service Oli & Jasa s/d April 2028

OTR KREDIT : 1.350M 
OTR CASH : 1.450M 

Harga Negosiasi Setelah Datang Lihat Unit di Showroom Kami

Pembelian via cash / kredit.. Data luar kota bisa bantu proses, Tersedia jg Paket Total DP Ringan, Tenor hingga 6 tahun ( Proses 1 hari kerja saja )

Segera Rekomendasikan Keluarga / Teman / Kerabat Bapak & Ibu semua untuk membeli Mobil di AUTOHIGH dan dapatkan harga & kualitas terbaik dengan cara Share Link Iklan ini, Terima Kasih !!!

///AUTO HIGH BINTARO
** Bursa Mobil Bintaro A1 - A3
Bintaro Sektor 7, Tangerang Selatan
( Exit Tol Pondok Aren, samping Bank Permata Tower dan Dealer BMW Bestindo )

[[ GUNAKAN SELALU FITUR TELEPON & WHATS APP UNTUK KEAMANAN BERKOMUNIKASI, TERIMA KASIH ]]

Buka Setiap Hari : Pukul 9 Pagi s/d 6 Sore
( Sabtu / Minggu / Hari Libur Tetap Buka )

More Info, Please Call / SMS / Whats App : Pukul 8 Pagi s/d 11 Malam ( Setiap Hari )",Mercedes-Benz,Lainnya,,Lainnya,0-5.000,1360000000.0
948090526,[ DP 10 ] BMW 530I LUXURY G30 2017,"[ DP 10 ] BMW 530I LUXURY G30 2017


[ FREE GARANSI MESIN DAN TRANSIMISI 1 THN ] 

[ FREE COATING ] 


** JAMINAN BEBAS LAKA **

** JAMINAN BEBAS BANJIR **


Good Condition
Tangan Ke-1 Dari Baru
Tax On 11.26
Odo 42K MILES
Nopol Genap
Electric Sunroof
Transmisi Matic
Mesin 2.000cc 
AC Dingin
Keyless
Start Stop Engine
Parking Sensor
Camera Belakang
Power Back Door
Electric Mirror
Head Unit  
Leather Seat
Ban Tebal
Harman kardon Sound System
AC Double Blower
Cruise Control
Audio Steering Switch
Unit Siap Pakai


** HARGA KHUSUS KREDIT **

** HARGA CASH BY ASK **

LOKASI : 
WTC MANGGA DUA LT.5 NO 525, AUTO 12

OPEN   = SENIN -MINGGU 
PUKUL = 10.00 - 18.00",BMW,Lainnya,,Lainnya,35.000-40.000,379000000.0
948090638,[ DP 100 ] MERCY A 200 HATCHBACK 2018,"[ DP 100 ] MERCY A 200 HATCHBACK 2018

DESKRIPSI :

[ FREE GARANSI MESIN DAN TRANMISI 1 TAHUN ] 

[ FREE COATING ] 

** BEBAS LAKA **
** BEBAS BANJIR **

Good Condition
Tangan Pertama Dari Lahir
Odo 20K
Service record 
Tax On 08.27
Plat B
Mesin 1400 cc
Speedometer Digital
Electric Seat
Memory Seat
Leather Seat
Cruise Control
Engine Start Stop
Camera 360
Electric Parking Break
Parking Sensor
Auto Parking Sistem
AC Digital
LED Head Lamp
Dual Zone Climate Control
Engine Start Stop
Ban Tebal
Keyless
Unit Siap Pakai

Modif :
Bumper depan belakang A35 model


** HARGA KHUSUS KREDIT **
** HARGA CASH BY ASK **

SHOWROOM :
WTC MANGGA DUA LT.5 NO.525

Buka : Senin - Minggu ( 09.00 - 18.00 )",Mercedes-Benz,Lainnya,,Lainnya,25.000-30.000,357000000.0
948023406,Jual Santai - Omoda 5Z 2023,"- Kacafilm full
- Perawatan service rutin
- Omoda 5Z 2023 (32 ribu km)
- Pajak 12/25 (off)",Chery,Lainnya,,Lainnya,30.000-35.000,225000000.0
947700619,DP10% [Km18.000] C200 AMG 2018 White Reg 2019 #AUTOHIGH,"MERCEDES BENZ C200 AMG 2018 WHITE ON BLACK
Km.18.000 Antik!! , Stnk Bulan 06 ( NIK.2018 )
- Monitor + Mouse Control 
- Electric Seat + Memory Seat
- Engine Start Button
- ECO Mode Start Stop
- Engine Mode : Eco, Comfort, Sport, Sport Plus
- Gril Model AMG
- Full Bodykit AMG 
- Perseneling di Setir
- Service Record ATPM Mercedes Benz

OTR KREDIT : 385JT
OTR CASH : 435JT

Harga Negosiasi Setelah Datang Lihat Unit di Showroom Kami

Pembelian via cash / kredit.. Data luar kota bisa bantu proses, Tersedia jg Paket Total DP Ringan, Tenor hingga 6 tahun ( Proses 1 hari kerja saja )

Segera Rekomendasikan Keluarga / Teman / Kerabat Bapak & Ibu semua untuk membeli Mobil di AUTOHIGH dan dapatkan harga & kualitas terbaik dengan cara Share Link Iklan ini, Terima Kasih !!!

///AUTO HIGH BINTARO
** Bursa Mobil Bintaro A1 - A3
Bintaro Sektor 7, Tangerang Selatan
( Exit Tol Pondok Aren, samping Bank Permata Tower dan Dealer BMW Bestindo )

[[ GUNAKAN SELALU FITUR TELEPON & WHATS APP UNTUK KEAMANAN BERKOMUNIKASI, TERIMA KASIH ]]

Buka Setiap Hari : Pukul 9 Pagi s/d 6 Sore
( Sabtu / Minggu / Hari Libur Tetap Buka )

More Info, Please Call / SMS / Whats App : Pukul 8 Pagi s/d 11 Malam ( Setiap Hari )",Mercedes-Benz,Lainnya,,Lainnya,5.000-10.000,395000000.0
948052208,DP10% [Km19.000] Camry V 2023 Black Reg 2024 #AUTOHIGH,"TOYOTA CAMRY 2.5 V 2023 FACELIFT BLACK ON BLACK
Km.19.000 Antik!! , Stnk Bulan 07 ( NIK.2023 )
- Monitor Screen Audio 
-  4 Camera 360
- GPS Indonesia
- Audio JBL
- Electric Seat + Memory Seat
- Sunroof 
- Velg Two Tone Black Edition
- Warranty ATPM Toyota Indonesia

OTR KREDIT : 495JT
OTR CASH : 545JT

Harga Negosiasi Setelah Datang Lihat Unit di Showroom Kami

Pembelian via cash / kredit.. Data luar kota bisa bantu proses, Tersedia jg Paket Total DP Ringan, Tenor hingga 6 tahun ( Proses 1 hari kerja saja )

Segera Rekomendasikan Keluarga / Teman / Kerabat Bapak & Ibu semua untuk membeli Mobil di AUTOHIGH dan dapatkan harga & kualitas terbaik dengan cara Share Link Iklan ini, Terima Kasih !!!

///AUTO HIGH BINTARO
** Bursa Mobil Bintaro A1 - A3
Bintaro Sektor 7, Tangerang Selatan
( Exit Tol Pondok Aren, samping Bank Permata Tower dan Dealer BMW Bestindo )

[[ GUNAKAN SELALU FITUR TELEPON & WHATS APP UNTUK KEAMANAN BERKOMUNIKASI, TERIMA KASIH ]]

Buka Setiap Hari : Pukul 9 Pagi s/d 6 Sore
( Sabtu / Minggu / Hari Libur Tetap Buka )

More Info, Please Call / SMS / Whats App : Pukul 8 Pagi s/d 11 Malam ( Setiap Hari )",Toyota,Lainnya,,Lainnya,5.000-10.000,505000000.0
948072786,Lexus RX350 hybrid AT 2023,"Lexus RX350H Hybrid 2023

- Engine 2.500cc Hybrid
- TV Monitor 
- 4 Camera
- Audio Mark Levinson
- 2 TV RSE
- GPS Indonesia
- Panoramic
- Heater Cooler
- Power Back Door
- Km 30.000 Antik
- Warna Abu2 metalik
- Nopol B Ganjil
- Pajak 08-2027
- Tangan 1 Dari Baru
- Atas Nama Perorangan
- Nik 2023
- Free Service 13-04-2028
- Perlengkapan Kendaraan Komplit
- Dijamin Kondisi Istimewa

GARANSI :
1. Keabsahan Dokumen Kendaraan
2. Mobil tidak bekas tabrakan & tidak bekas banjir
3. Bisa di cek mesin, electrical, dan history service sebelumnya di bengkel resmi / ATPM

Harga Kredit 1.250
Harga Cash 1.350

REauto ( Dizah )
Bursa Otomotif Sunter Blok J11
Masuk dari pintu 1",Lexus,Lainnya,,Lainnya,25.000-30.000,1250000000.0
947382125,DP10% [Km24.000] GLC200 AMG 2019 White / GLC 200 Reg 2020 #AUTOHIGH,"MERCEDES BENZ GLC200 AMG 2019/2020 FACELIFT WHITE ON BLACK
Km.24.000 Antik!! , Stnk Bulan 02 Register 2020 ( NIK.2019 )
- Monitor Screen Audio
- Rear Camera
- Speedometer Digital
- GPS Indonesia
- Electric Seat + Memory Seat
- Electric Tilt Steering 
- Keyless + Engine Start Button
- Sunroof + Panoramic 
- Audio Burnsmester
- Mouse Control Pad
- Bagasi Power Back Door
- Service Record ATPM Mercedes Benz

OTR KREDIT : 595JT 
OTR CASH : 670JT 

Harga Negosiasi Setelah Datang Lihat Unit di Showroom Kami

Pembelian via cash / kredit.. Data luar kota bisa bantu proses, Tersedia jg Paket Total DP Ringan, Tenor hingga 6 tahun ( Proses 1 hari kerja saja )

Segera Rekomendasikan Keluarga / Teman / Kerabat Bapak & Ibu semua untuk membeli Mobil di AUTOHIGH dan dapatkan harga & kualitas terbaik dengan cara Share Link Iklan ini, Terima Kasih !!!

///AUTO HIGH BINTARO
** Bursa Mobil Bintaro A1 - A3
Bintaro Sektor 7, Tangerang Selatan
( Exit Tol Pondok Aren, samping Bank Permata Tower dan Dealer BMW Bestindo )

[[ GUNAKAN SELALU FITUR TELEPON & WHATS APP UNTUK KEAMANAN BERKOMUNIKASI, TERIMA KASIH ]]

Buka Setiap Hari : Pukul 9 Pagi s/d 6 Sore
( Sabtu / Minggu / Hari Libur Tetap Buka )

More Info, Please Call / SMS / Whats App : Pukul 8 Pagi s/d 11 Malam ( Setiap Hari )",Mercedes-Benz,Lainnya,,Lainnya,15.000-20.000,605000000.0
946819056,DP10% [Km8.000] C200 Avantgarde 2023 Black Reg 2024 #AUTOHIGH,"MERCEDES BENZ C200 AVANTGARDE 2023 NEW MODEL W206 BLACK ON BLACK
Km.8.000 Antik!! , Stnk Bulan 05 ( NIK.2023 )
- Monitor Audio Big Screen
- 4 Camera 360 + GPS Indonesia
- Headlamp New Model
- Full Electric Seat + Memory Seat
- Engine Start Button
- Mouse Control Pad
- Speedometer Digital
- Bagasi PBD ( Power Back Doors ) 
- Warranty ATPM Mercedes Benz 5Thn Free Service s/d Mar 2028

OTR KREDIT : 685JT 
OTR CASH : 760JT 

Harga Negosiasi Setelah Datang Lihat Unit di Showroom Kami

Pembelian via cash / kredit.. Data luar kota bisa bantu proses, Tersedia jg Paket Total DP Ringan, Tenor hingga 6 tahun ( Proses 1 hari kerja saja )

Segera Rekomendasikan Keluarga / Teman / Kerabat Bapak & Ibu semua untuk membeli Mobil di AUTOHIGH dan dapatkan harga & kualitas terbaik dengan cara Share Link Iklan ini, Terima Kasih !!!

///AUTO HIGH BINTARO
** Bursa Mobil Bintaro A1 - A3
Bintaro Sektor 7, Tangerang Selatan
( Exit Tol Pondok Aren, samping Bank Permata Tower dan Dealer BMW Bestindo )

[[ GUNAKAN SELALU FITUR TELEPON & WHATS APP UNTUK KEAMANAN BERKOMUNIKASI, TERIMA KASIH ]]

Buka Setiap Hari : Pukul 9 Pagi s/d 6 Sore
( Sabtu / Minggu / Hari Libur Tetap Buka )

More Info, Please Call / SMS / Whats App : Pukul 8 Pagi s/d 11 Malam ( Setiap Hari )",Mercedes-Benz,Lainnya,,Lainnya,0-5.000,695000000.0
945770285,DP10% [Km7.000] Accord RS Hybrid 2024 Black Reg 2025 #AUTOHIGH,"HONDA ACCORD 2.0 RS HYBRID 2024 BLACK ON BLACK
Km.7.000 Antik!! , Stnk Bulan 08 ( NIK.2024 )
- Monitor TV Screen Audio
- 4 Camera 360
- Electric Seat Kiri-Kanan
- Leather Seat Original Honda
- Engine Start Button
- Keyless Entry
- ⁠Speedometer Digital
- ⁠Audio BOSE
- Panoramic + Sunroof
- Engine 2.000cc Hybrid
- Warranty ATPM Honda 

OTR KREDIT : 710JT 

Harga Negosiasi Setelah Datang Lihat Unit di Showroom Kami

Pembelian via cash / kredit.. Data luar kota bisa bantu proses, Tersedia jg Paket Total DP Ringan, Tenor hingga 6 tahun ( Proses 1 hari kerja saja )

Segera Rekomendasikan Keluarga / Teman / Kerabat Bapak & Ibu semua untuk membeli Mobil di AUTOHIGH dan dapatkan harga & kualitas terbaik dengan cara Share Link Iklan ini, Terima Kasih !!!

///AUTO HIGH BINTARO
** Bursa Mobil Bintaro A1 - A3
Bintaro Sektor 7, Tangerang Selatan
( Exit Tol Pondok Aren, samping Bank Permata Tower dan Dealer BMW Bestindo )

[[ GUNAKAN SELALU FITUR TELEPON & WHATS APP UNTUK KEAMANAN BERKOMUNIKASI, TERIMA KASIH ]]

Buka Setiap Hari : Pukul 9 Pagi s/d 6 Sore
( Sabtu / Minggu / Hari Libur Tetap Buka )

More Info, Please Call / SMS / Whats App : Pukul 8 Pagi s/d 11 Malam ( Setiap Hari )",Honda,Lainnya,,Lainnya,0-5.000,720000000.0
947928299,DP10% [Km11.000] C200 Avantgarde 2023 White Reg 2024 #AUTOHIGH,"MERCEDES BENZ C200 AVANTGARDE 2023 NEW MODEL W206 WHITE ON BLACK
Km.11.000 Antik!! , Stnk Bulan 05 ( NIK.2023 )
- Monitor Audio Big Screen
- 4 Camera 360 + GPS Indonesia
- Headlamp New Model
- Full Electric Seat + Memory Seat
- Engine Start Button
- Mouse Control Pad
- Speedometer Digital
- Bagasi PBD ( Power Back Doors ) 
- Warranty ATPM Mercedes Benz 5Thn Free Service s/d Mei 2028

OTR KREDIT : 675JT
OTR CASH : 750JT

Harga Negosiasi Setelah Datang Lihat Unit di Showroom Kami

Pembelian via cash / kredit.. Data luar kota bisa bantu proses, Tersedia jg Paket Total DP Ringan, Tenor hingga 6 tahun ( Proses 1 hari kerja saja )

Segera Rekomendasikan Keluarga / Teman / Kerabat Bapak & Ibu semua untuk membeli Mobil di AUTOHIGH dan dapatkan harga & kualitas terbaik dengan cara Share Link Iklan ini, Terima Kasih !!!

///AUTO HIGH BINTARO
** Bursa Mobil Bintaro A1 - A3
Bintaro Sektor 7, Tangerang Selatan
( Exit Tol Pondok Aren, samping Bank Permata Tower dan Dealer BMW Bestindo )

[[ GUNAKAN SELALU FITUR TELEPON & WHATS APP UNTUK KEAMANAN BERKOMUNIKASI, TERIMA KASIH ]]

Buka Setiap Hari : Pukul 9 Pagi s/d 6 Sore
( Sabtu / Minggu / Hari Libur Tetap Buka )

More Info, Please Call / SMS / Whats App : Pukul 8 Pagi s/d 11 Malam ( Setiap Hari )",Mercedes-Benz,Lainnya,,Lainnya,5.000-10.000,685000000.0
946564141,DP10% [Km9.000] CRV RS Hybrid 2024 White / CR-V Reg 2025 #AUTOHIGH,"HONDA CRV 2.0 RS HYBRID 2024 WHITE ON BLACK
Km.9.000 Antik!! , Stnk Bulan 09 ( NIK.2024 )
- Monitor TV Screen Audio
- 2 Camera ( Left & Rear )
- Electric Seat Kiri-Kanan
- Leather Seat Original Honda
- Engine Start Button
- Keyless Entry
- ⁠Speedometer Digital
- ⁠Audio BOSE
- Panoramic + Sunroof
- Bagasi PBD
- Engine 2.000cc Hybrid
- Warranty ATPM Honda

OTR KREDIT : 650JT
OTR CASH : 700JT

Harga Negosiasi Setelah Datang Lihat Unit di Showroom Kami

Pembelian via cash / kredit.. Data luar kota bisa bantu proses, Tersedia jg Paket Total DP Ringan, Tenor hingga 6 tahun ( Proses 1 hari kerja saja )

Segera Rekomendasikan Keluarga / Teman / Kerabat Bapak & Ibu semua untuk membeli Mobil di AUTOHIGH dan dapatkan harga & kualitas terbaik dengan cara Share Link Iklan ini, Terima Kasih !!!

///AUTO HIGH BINTARO
** Bursa Mobil Bintaro A1 - A3
Bintaro Sektor 7, Tangerang Selatan
( Exit Tol Pondok Aren, samping Bank Permata Tower dan Dealer BMW Bestindo )

[[ GUNAKAN SELALU FITUR TELEPON & WHATS APP UNTUK KEAMANAN BERKOMUNIKASI, TERIMA KASIH ]]

Buka Setiap Hari : Pukul 9 Pagi s/d 6 Sore
( Sabtu / Minggu / Hari Libur Tetap Buka )

More Info, Please Call / SMS / Whats App : Pukul 8 Pagi s/d 11 Malam ( Setiap Hari )",Honda,Lainnya,,Lainnya,0-5.000,660000000.0
947853268,DP10% [Km17.000] Alphard G 2020 Black Reg 2021 #AUTOHIGH,"ALPHARD 2.5 G ATPM 2020 BLACK ON BEIGE
Km.17.000 Antik!! , STNK Bulan 10 ( NIK.2020 )
- 2TV + 4 Camera + GPS Indonesia
- Pilot Seat + Leather Ori
- Heater Seat
- Krey Ori Jepang
- Auto Start - Stop
- Double Sunroof
- Pre Crash 
- Tyre Sensor
- Bagasi Power Back Door
- Velg R.18 Smoke Chrome Black
- Service Record ATPM Toyota Indonesia

OTR KREDIT : 715JT
OTR CASH : 790JT

Harga Negosiasi Setelah Datang Lihat Unit di Showroom Kami

Pembelian via cash / kredit.. Data luar kota bisa bantu proses, Tersedia jg Paket Total DP Ringan, Tenor hingga 6 tahun ( Proses 1 hari kerja saja )

Segera Rekomendasikan Keluarga / Teman / Kerabat Bapak & Ibu semua untuk membeli Mobil di AUTOHIGH dan dapatkan harga & kualitas terbaik dengan cara Share Link Iklan ini, Terima Kasih !!!

///AUTO HIGH BINTARO
** Bursa Mobil Bintaro A1 - A3
Bintaro Sektor 7, Tangerang Selatan
( Exit Tol Pondok Aren, samping Bank Permata Tower dan Dealer BMW Bestindo )

[[ GUNAKAN SELALU FITUR TELEPON & WHATS APP UNTUK KEAMANAN BERKOMUNIKASI, TERIMA KASIH ]]

Buka Setiap Hari : Pukul 9 Pagi s/d 6 Sore
( Sabtu / Minggu / Hari Libur Tetap Buka )

More Info, Please Call / SMS / Whats App : Pukul 8 Pagi s/d 11 Malam ( Setiap Hari )",Toyota,Lainnya,,Lainnya,5.000-10.000,725000000.0
948087372,Toyota Rush GR 1.5 AT 2021,".
Toyota Rush GR 1.5 AT 2021
- NIK 2021
- Warna Hitam
- Tangan Pertama Dari Baru
- Atas Nama Pribadi
- Km 54Rb ( Full Record Tunas Toyota )
- Pajak Panjang 12.2026
- Plat B Jakarta ( Ganjil ) 
- ⁠Nopol 1 Angka B 1 XXX
- Rear Camera
- Audio Steering Switch 
- Head Unit 8” Inch
- 6 SRS Airbags
- Velg Ring 17” TwoTone 
- Buku Service dan Manual Book lengkap
- Kunci Serep Lengkap
- Kaki2 Senyap
- Surat2 Lengkap dan Dijamin Keabsahannya

>>LULUS INSPEKSI DARI OTOSPECTOR<<
@otospector 

•GARANSI TIDAK BEKAS TABRAKAN 
•GARANSI TIDAK BEKAS BANJIR
•GARANSI MESIN 1 TAHUN
•GARANSI TRANSMISI 1 TAHUN
*syarat dan ketentuan garansi mesin & transmisi berlaku

Harga Kredit : 200Jt
Harga Cash : 215Jt 

Lokasi : 
ITC CEMPAKA MAS
Lt. P3A 14D-16D
Showroom Juragan Mobil Bekas",Toyota,Lainnya,,Lainnya,50.000-55.000,200000000.0
946794235,DP10% [Km30.000] E350 AMG EQ Boost 2019 Black Reg 2020 #AUTOHIGH,"MERCEDES BENZ E350 AMG EQ BOOST 2019/2020 BLACK ON BLACK
Km.30.000 , Stnk Bulan 01 Register 2020 ( NIK.2019 )
- Monitor TV + 4 Camera
- Speedometer Digital Model Terbaru 
- Panoramic + Sunroof
- Electric Seat + Memory Seat
- Keyless + Engine Start Botton
- Velg Original AMG R.19
- Audio Burnsmester
- Bagasi Power Back Door
- Service Record ATPM Mercedes Benz

OTR KREDIT : 610JT 
OTR CASH : 685JT 

Harga Negosiasi Setelah Datang Lihat Unit di Showroom Kami

Pembelian via cash / kredit.. Data luar kota bisa bantu proses, Tersedia jg Paket Total DP Ringan, Tenor hingga 6 tahun ( Proses 1 hari kerja saja )

Segera Rekomendasikan Keluarga / Teman / Kerabat Bapak & Ibu semua untuk membeli Mobil di AUTOHIGH dan dapatkan harga & kualitas terbaik dengan cara Share Link Iklan ini, Terima Kasih !!!

///AUTO HIGH BINTARO
** Bursa Mobil Bintaro A1 - A3
Bintaro Sektor 7, Tangerang Selatan
( Exit Tol Pondok Aren, samping Bank Permata Tower dan Dealer BMW Bestindo )

[[ GUNAKAN SELALU FITUR TELEPON & WHATS APP UNTUK KEAMANAN BERKOMUNIKASI, TERIMA KASIH ]]

Buka Setiap Hari : Pukul 9 Pagi s/d 6 Sore
( Sabtu / Minggu / Hari Libur Tetap Buka )

More Info, Please Call / SMS / Whats App : Pukul 8 Pagi s/d 11 Malam ( Setiap Hari )",Mercedes-Benz,Lainnya,,Lainnya,20.000-25.000,620000000.0
948090725,[ DP 0 DAN FREE ANGSRN 2X ] Alphard 2.5 G AT 2023,"[ DP 0 DAN FREE ANGSRN 2X ] Alphard 2.5 G AT 2023


[ FREE GARANSI MESIN DAN TRANSIMISI 1 THN ] 

[ FREE COATING ] 


** JAMINAN BEBAS LAKA **

** JAMINAN BEBAS BANJIR **


Good Condition
Tangan Ke-1 Dari Baru
Tax On 02.27
Odo 50K
Transmisi Matic
2.500 cc 
AC Dingin
Keyless
Start Stop Engine
Parking Sensor
Camera Mundur
Kamera 360 View Parking Camera
Electric Mirror
Head Unit Touchscreen 
Leather Seat
Sunroof
AC Dingin
Rear LED Stop Lamp
Cruise Control
Audio Steering Switch
Toyota Safety Sense
Tyre Sensor
Electric Sliding Door L/R
Power Back Door
Unit Siap Pakai


** HARGA KHUSUS KREDIT **

** HARGA CASH BY ASK **

LOKASI : 
WTC MANGGA DUA LT.5 NO 525, AUTO 12

OPEN   = SENIN -MINGGU 
PUKUL = 10.00 - 18.00",Toyota,Lainnya,,Lainnya,45.000-50.000,799000000.0
947899750,DP10% [Km8.000] 330i M-Sport Pro LCi 2025 White Reg 2026 #AUTOHIGH,"BMW 330i M-SPORT PRO LCi FACELIFT 2025/2026 NEW PROFILE WHITE ON BLACK
Km.8.000 Antik!! , Stnk Bulan 02 Register 2026 ( NIK.2025 ) 
- Monitor + GPS Indonesia (3D)
- Speedometer Digital
- i-Drive Control with Touchpad
- Engine Start Button + Keyless
- ECO Mode Auto Start-Stop
- Sunroof
- Electric Seat + Memory Seat
- Adaptive Suspension ( Comfort & Sport )
- Engine 2.0cc with 258Hp ( 0-100 km/h : 5.0 second )
- Velg Smoke Chrome Black
- Warranty ATPM Full Spare Parts 5Thn s/d Dec 2030 & Free Service Oli + Jasa BSI 5Thn s/d Dec 2030

OTR KREDIT : 935JT
OTR CASH : 1.010M

Harga Negosiasi Setelah Datang Lihat Unit di Showroom Kami

Pembelian via cash / kredit.. Data luar kota bisa bantu proses, Tersedia jg Paket Total DP Ringan, Tenor hingga 6 tahun ( Proses 1 hari kerja saja )

Segera Rekomendasikan Keluarga / Teman / Kerabat Bapak & Ibu semua untuk membeli Mobil di AUTOHIGH dan dapatkan harga & kualitas terbaik dengan cara Share Link Iklan ini, Terima Kasih !!!

///AUTO HIGH BINTARO
** Bursa Mobil Bintaro A1 - A3
Bintaro Sektor 7, Tangerang Selatan
( Exit Tol Pondok Aren, samping Bank Permata Tower dan Dealer BMW Bestindo )

[[ GUNAKAN SELALU FITUR TELEPON & WHATS APP UNTUK KEAMANAN BERKOMUNIKASI, TERIMA KASIH ]]

Buka Setiap Hari : Pukul 9 Pagi s/d 6 Sore
( Sabtu / Minggu / Hari Libur Tetap Buka )

More Info, Please Call / SMS / Whats App : Pukul 8 Pagi s/d 11 Malam ( Setiap Hari )",BMW,Lainnya,,Lainnya,0-5.000,945000000.0
946613393,DP10% [Km15.000] X1 X-Line 2024 White Reg 2025 #AUTOHIGH,"BMW X1 X-LINE 2024/2025 NEW MODEL WHITE ON BLACK
Km.15.000 Antik!! , Stnk Bulan 10 Register 2025 ( NIK.2024 )
- Monitor + Rear Camera
- GPS Indonesia
- Speedometer Digital
- Electric Seat + Memory Seat
- Panoramic + Sunroof
- Bagasi Power Back Door
- Engine Start Stop
- Warranty Full Spare Parts BRI ( 5 Thn s/d Feb 2030 ) & Warranty Free Service BSI ( 5 Thn s/d Feb 2030 )

OTR KREDIT : 685JT 
OTR CASH : 760JT 

Harga Negosiasi Setelah Datang Lihat Unit di Showroom Kami

Pembelian via cash / kredit.. Data luar kota bisa bantu proses, Tersedia jg Paket Total DP Ringan, Tenor hingga 6 tahun ( Proses 1 hari kerja saja )

Segera Rekomendasikan Keluarga / Teman / Kerabat Bapak & Ibu semua untuk membeli Mobil di AUTOHIGH dan dapatkan harga & kualitas terbaik dengan cara Share Link Iklan ini, Terima Kasih !!!

///AUTO HIGH BINTARO
** Bursa Mobil Bintaro A1 - A3
Bintaro Sektor 7, Tangerang Selatan
( Exit Tol Pondok Aren, samping Bank Permata Tower dan Dealer BMW Bestindo )

[[ GUNAKAN SELALU FITUR TELEPON & WHATS APP UNTUK KEAMANAN BERKOMUNIKASI, TERIMA KASIH ]]

Buka Setiap Hari : Pukul 9 Pagi s/d 6 Sore
( Sabtu / Minggu / Hari Libur Tetap Buka )

More Info, Please Call / SMS / Whats App : Pukul 8 Pagi s/d 11 Malam ( Setiap Hari )",BMW,Lainnya,,Lainnya,5.000-10.000,695000000.0
947199103,BMW X1 Dynamic 2022,"BMW x1 sDrive18i Dynamic
NIK: 2022
WARNA: Black Sapphire
KILOMETER: 44rban
TAX: Juni 2027
Price 420 jt (Nego) cash / kredit sama!!

Spesification:
-BMW LED headlights
-Engine 1500 cc, 140 Hp, 220 Nm, SANGAT IRIT !!
-ECO Mode Auto Start-Stop
-Kondisi mulus terawat full service record BMW
-Full original


MOBIL DIJAMIN BUKAN BEKAS ACCIDENT/BANJIR, KILOMETER ASLI, SURAT - SURAT LENGKAP!!

Keunggulan beli di BMW Performance Auto Selection:
1) JAMINAN Bukan bekas banjir, tabrakan & lelang
2) Rate bunga rendah/rate bunga mobil baru*
3) After Sales Service
4) Stok mobil kami semuanya SERVICE RECORD BENGKEL BMW RESMI
5) Harga Cash SAMA dengan Kredit

Menerima Trade-in mobil lama anda, ALL BRAND!!",BMW,Lainnya,,Lainnya,35.000-40.000,420000000.0
948048740,DP10% [Km6.000] Camry Hybrid 2023 Black Reg 2024 #AUTOHIGH,"TOYOTA CAMRY 2.5 HYBRID 2023 FACELIFT TSS BLACK ON BLACK
Km.6.000 Antik!! , Stnk Bulan 03 ( NIK.2023 )
- Monitor Screen Audio 
-  4 Camera
- GPS Indonesia
- Audio JBL
- Speedometer HUD
- Toyota Safety Sense ( TSS )
- Electric Seat + Memory Seat
- Cooler Seat
- Sunroof 
- Rear Control Entertaiment
- Velg Two Tone Black Edition
- Service Record ATPM Toyota Indonesia

OTR KREDIT : 585JT
OTR CASH : 635JT

Harga Negosiasi Setelah Datang Lihat Unit di Showroom Kami

Pembelian via cash / kredit.. Data luar kota bisa bantu proses, Tersedia jg Paket Total DP Ringan, Tenor hingga 6 tahun ( Proses 1 hari kerja saja )

Segera Rekomendasikan Keluarga / Teman / Kerabat Bapak & Ibu semua untuk membeli Mobil di AUTOHIGH dan dapatkan harga & kualitas terbaik dengan cara Share Link Iklan ini, Terima Kasih !!!

///AUTO HIGH BINTARO
** Bursa Mobil Bintaro A1 - A3
Bintaro Sektor 7, Tangerang Selatan
( Exit Tol Pondok Aren, samping Bank Permata Tower dan Dealer BMW Bestindo )

[[ GUNAKAN SELALU FITUR TELEPON & WHATS APP UNTUK KEAMANAN BERKOMUNIKASI, TERIMA KASIH ]]

Buka Setiap Hari : Pukul 9 Pagi s/d 6 Sore
( Sabtu / Minggu / Hari Libur Tetap Buka )

More Info, Please Call / SMS / Whats App : Pukul 8 Pagi s/d 11 Malam ( Setiap Hari )",Toyota,Lainnya,,Lainnya,0-5.000,595000000.0
947277100,Stargazer Prime AT 2023,"Hyundai Stargazer Prime 1.5 AT
NIK: 2023
WARNA: Magnetic Silver Metalic
KILOMETER: 45rban
TAX: Mei 2027
Price 215 jt (Nego) cash / kredit sama!!

Spesification:
-Mesin 1500 cc Smartstream 115 Hp dan 143 Nm.
-Automatic Intelligent Variable Transmission (IVT)
-Headlamp Auto LED, Keyless Entry,
-Jok Kulit mewah, Captain Seat
-Hyundai Sensing, Blue Link
-Kondisi mulus terawat full service record
-Full original


MOBIL DIJAMIN BUKAN BEKAS ACCIDENT/BANJIR, KILOMETER ASLI, SURAT - SURAT LENGKAP!!

Keunggulan beli di Performance Auto Selection:
1) JAMINAN Bukan bekas banjir, tabrakan & lelang
2) Rate bunga rendah
3) Stok mobil kami semuanya SERVICE RECORD BENGKEL RESMI
4) Harga Cash SAMA dengan Kredit

Menerima Trade-in mobil lama anda, ALL BRAND!!",Hyundai,Lainnya,,Lainnya,35.000-40.000,215000000.0
948015988,TERMURAH!! HONDA BRIO E 1.2 CVT AT MATIC 2023 PUTIH FACELIFT,"Harga Cash Rp 165.500 jt NET / NEGO BENSIN (Pajak 12/2026) 

Harga Paket Kredit Rp 155 jt
TDP Rp 14.5jt
Angs Rp 4.087 x59
Angs Rp 4.687 x47
Asuransi TLO+CP 

TDP Rp 27.5jt
Angs Rp 3.777 x59
Angs Rp 4.318 x47
Asuransi TLO+CP 

HONDA BRIO E 1.2 CVT AT MATIC 2023 PUTIH FACELIFT


DETAIL & FITUR 
+ NIK 2023
+ KM 29RB
+ PAJAK 12/2026
+ KUNCI SEREP ADA
+ BUKU MANUAL SERVICE LENGKAP
+ AUDIO STEERING SWITCH CONTROL 
+ NOPOL B GENAP SURAT LENGKAP LEGALITAS 100%
+ AC DINGIN DIGITAL 
+ KAKI2 SENYAP 
+ GOOD CONDITION 
+ READY TO USE


NOTE : PEMBELIAN KKB, BAWA LEASING SENDIRI ATAU COP DARI KANTOR SENDIRI MENGIKUTI HARGA CASH + DANA TAMBAHAN. 

!!GRATIS HOME TEST DRIVE SE-JABODETABEK!! 

!!GARANSI MESIN DAN TRANSMISI 1 THN!!
!!FREE TOWING DI TOL 1THN!!
!!FREE BENSIN JIKA HABIS DI TOL!! 

*SK BERLAKU* 


PROMO PAKET KREDIT TERBAIK TERMUDAH TERMURAH DAN PALING FLEXIBLE 

*Harga dan rate kredit dapat berubah ubah setiap waktu* 

Kunjung Showroom Kami Untuk Cek Unit Langsung Test Drive :) 

Dapatkan mobil impian anda hanya di
Showroom AUTOLIN
Jl. Oto Iskandardinata No 101
Pasar Baru, Tangerang (Seberang RS Hermina Tangerang) Sebelum Restoran Serba Sambal Otista Tangerang. 

Cari kami di Google Maps “AUTOLIN” 

Jam Operasional 08:00 - 17:45 WIB 

JAMINAN PELAYANAN TERBAIK!
Best Price  Quality Used Car
Best Regards
AUTOLIN",Honda,Lainnya,,Lainnya,25.000-30.000,155000000.0
948029721,DP10% [Km3.000] LM350h Hybrid 7Seater 2025 / LM350 Reg 2026 #AUTOHIGH,"LM350h 7SEATER 2.5 HEV HYBRID 2025/2026 WHITE ON WHITE
Km.3.000 Antik!! , STNK Bulan 04 Register 2026 ( NIK.2025 )
- 2TV + 4 Camera + GPS Indonesia
- Speedometer Digital
- Head Unit Display ( HUD )
- Pilot Seat + Leather Ori
- Heater + Cooler Seat
- Krey Ori Jepang
- ⁠Electric Mid Seat
- ⁠Remote Mid Seat
- Double Sunroof
- ⁠Engine 2.500cc Hybrid 
- Bagasi Power Back Door
- Velg Smoke Chrome Black
- Warranty ATPM Lexus Indonesia

OTR KREDIT : 2.050M

Harga Negosiasi Setelah Datang Lihat Unit di Showroom Kami

Pembelian via cash / kredit.. Data luar kota bisa bantu proses, Tersedia jg Paket Total DP Ringan, Tenor hingga 6 tahun ( Proses 1 hari kerja saja )

Segera Rekomendasikan Keluarga / Teman / Kerabat Bapak & Ibu semua untuk membeli Mobil di AUTOHIGH dan dapatkan harga & kualitas terbaik dengan cara Share Link Iklan ini, Terima Kasih !!!

///AUTO HIGH BINTARO
** Bursa Mobil Bintaro A1 - A3
Bintaro Sektor 7, Tangerang Selatan
( Exit Tol Pondok Aren, samping Bank Permata Tower dan Dealer BMW Bestindo )

[[ GUNAKAN SELALU FITUR TELEPON & WHATS APP UNTUK KEAMANAN BERKOMUNIKASI, TERIMA KASIH ]]

Buka Setiap Hari : Pukul 9 Pagi s/d 6 Sore
( Sabtu / Minggu / Hari Libur Tetap Buka )

More Info, Please Call / SMS / Whats App : Pukul 8 Pagi s/d 11 Malam ( Setiap Hari )",Lexus,Lainnya,,Lainnya,0-5.000,2060000000.0
947767507,DP10% [Km6.000] Voxy 2025 Black Reg 2026 #AUTOHIGH,"TOYOTA VOXY 2025 BLACK ON BLACK
Km.6.000 Antik!! , Stnk Bulan 09 ( NIK.2025 )
- Monitor Screen + Rear TV Entertaiment
- Apple Car Play + 4 Camera
- Speedometer HUD
- Captain Seat
- ⁠Optional Leather Seat
- Double Electric Sliding Doors
- TSS + Kick Sensor
- Bagasi Power Back Door
- Warranty ATPM Toyota

OTR KREDIT : 495JT

Harga Negosiasi Setelah Datang Lihat Unit di Showroom Kami

Pembelian via cash / kredit.. Data luar kota bisa bantu proses, Tersedia jg Paket Total DP Ringan, Tenor hingga 6 tahun ( Proses 1 hari kerja saja )

Segera Rekomendasikan Keluarga / Teman / Kerabat Bapak & Ibu semua untuk membeli Mobil di AUTOHIGH dan dapatkan harga & kualitas terbaik dengan cara Share Link Iklan ini, Terima Kasih !!!

///AUTO HIGH BINTARO
** Bursa Mobil Bintaro A1 - A3
Bintaro Sektor 7, Tangerang Selatan
( Exit Tol Pondok Aren, samping Bank Permata Tower dan Dealer BMW Bestindo )

[[ GUNAKAN SELALU FITUR TELEPON & WHATS APP UNTUK KEAMANAN BERKOMUNIKASI, TERIMA KASIH ]]

Buka Setiap Hari : Pukul 9 Pagi s/d 6 Sore
( Sabtu / Minggu / Hari Libur Tetap Buka )

More Info, Please Call / SMS / Whats App : Pukul 8 Pagi s/d 11 Malam ( Setiap Hari )",Toyota,Lainnya,,Lainnya,0-5.000,505000000.0
947980201,COROLA GR CROSS HYBRID GOOD CONDITION,"Toyota Corolla Cross GR Hybrid TSS
2023
A/T
Odometer : 100rban
Sunroof
Keyless
Cruise Control
Power Back Door
Leather + Electric Seat
Audio Steering
Camera 360
Wireless Charging
Book Service
Spare Key
Full Original 
Electrical no malfunction
Engine no malfunction 
Full paper 
Ready to use

Harga khusus kredit
Harga cash by phone",Toyota,Lainnya,,Lainnya,95.000-100.000,315000000.0
948172105,Denza D9 EV AT 2026 Hitam Km2rb B2186SND Nik 2025,"Denza D9 EV AT 2026/2025

- Battery 103.36 kwh
* 10 Minute Charge Range 150 Km
* Range 600 Km
* Audio 14 Speaker
* Panoramic Sunroof
* Apple Carplay & Android Auto 
* Full LCD 3D Dashboard
* AC Digital Triple Zone
* Ambience Light Multi Colour
* Wireless Charging
* Electric Leather Seat With Memory Seat 
* Multi Function Dual LCD Screen
* Full LED Headlamp With DRL
* LED Tail Light
* Camera 360
* Power Back Door
- Km 2.000 Antik 
- Warna Hitam Silver
- Nopol B Genap
- Pajak 06-2027
- Tangan 1 Dari Baru
- Reg 2026, Nik 2025
- Warranty ATPM 
- Garansi Baterai 8th atau 160,000 Km 
- Garansi 6th atau 150,000 Km
- Perlengkapan Kendaraan Komplit
- Dijamin Kondisi Istimewa

GARANSI :
1. Keabsahan Dokumen Kendaraan
2. Mobil tidak bekas tabrakan & tidak bekas banjir
3. Bisa di cek mesin, electrical, dan history service sebelumnya di bengkel resmi / ATPM

Harga Kredit 825jt
Harga Cash 875jt

Silakan cek stok dan follow IG kami :
@lbautosunter
@lbauto_official


LB AUTO BINTARO
Bursa Mobil Bintaro Blok A28 dan A29

LB AUTO SUNTER
(Masuk dari pintu 1)
Bursa Otomotif Sunter
Blok J8-10 & Blok KA2-8
Jl Yos Sudarso Kav 87-88, Jakarta Utara",Denza,Lainnya,,Lainnya,0-5.000,825000000.0
948165236,KM20RB BMW 430i Convertible Cabrio M Sport Pro Mineral White On Red iD,"Bonus!!
-Free Towing selama 1tahun
-Lulus otospector
-Autofame siap (General Check Up) ke bengkel resmi untuk membuktikan mobil kita berkualitas
Term and Condition
.
KM 20.000 BMW 430i Convertible Cabrio M Sport Pro Mineral White On Red iDrive8 Curved Display NIK 2023 

Plat Ganjil, Mineral White Metallic On Red, Tangan Pertama Dari Baru, KM 20.000, BMW 430i Convertible Cabriolet M Sport Pro 2.0L 4-Cylinder Turbo 258HP, NIK 2023, Pajak Sangat Panjang Sampai Bulan 07 2027, R19 V-spoke Style Bicolor Rims, Msport Blue Big Brake Calyper, Electric Soft-top Cabriolet, Red Vernasca Leather Seats, M Sport 3-Spoke Steer, Digital Speedometer, Harman Kardon Premium Audio, Headunit Model Terbaru, iDrive8, Curved Display Screen Entertainment OS8 14,9inch & 12,3inch Digital Speedometer, Ambient Light, Tinggal Pakai.
.
For Cash : Rp.  1.450 M
For Credit : Rp.1.365 M
.
3Tahun
TDP : Rp.409.548.942 Juta
Angsuran : Rp.38.283.019 Juta X 35
.
4Tahun
TDP : Rp. 413.790.262 Juta
Angsuran : Rp. 30.564.669 Juta X 47
.
.
Terima Tukar Tambah Mobil lama Anda
Harga Bisa Nego Langsung Di Tempat Sampai Deal
.
.
AUTOFAME MENERIMA
•Menerima Jual Beli dan Tukar Tambah
•Pembayaran bisa dengan (Cash / Kredit)
•Autofame siap (General Check Up) ke bengkel resmi untuk membuktikan mobil kita berkualitas
.
Search google : Autofame
Search waze : Autofame
.
Buka Setiap Hari: 09:00 - 18.00
(Sabtu / Minggu / Tanggal Merah tetap buka yaaa!!)
-QUALITY IS OUR PRIORITY-
.
AUTOFame Cibubur
Kota Wisata Somerset N 8 no. 5
Jalan Transyogie Km.6 Cibubur
.
AUTOFame Mangga dua square)
Bursa otomotif Mangga dua square (BOM's) Lot L18-23
Jalan Gunung Sahari No. 1 Jakarta utara",BMW,Lainnya,,Lainnya,15.000-20.000,1365000000.0
